date,pair,rate
2016-06-27,USDBRL,3.3677000999450684
2016-06-28,USDBRL,3.3893001079559326
2016-06-29,USDBRL,3.302500009536743
2016-06-30,USDBRL,3.237600088119507
2016-07-01,USDBRL,3.205899953842163
2016-07-04,USDBRL,3.230600118637085
2016-07-05,USDBRL,3.2885000705718994
2016-07-06,USDBRL,3.299099922180176
2016-07-07,USDBRL,3.3269999027252197
2016-07-08,USDBRL,3.3610999584198
2016-07-11,USDBRL,3.2976999282836914
2016-07-12,USDBRL,3.3071999549865723
2016-07-13,USDBRL,3.2934999465942383
2016-07-14,USDBRL,3.2616000175476074
2016-07-15,USDBRL,3.2483999729156494
2016-07-18,USDBRL,3.276599884033203
2016-07-19,USDBRL,3.2493999004364014
2016-07-20,USDBRL,3.2479000091552734
2016-07-21,USDBRL,3.252700090408325
2016-07-22,USDBRL,3.2685999870300293
2016-07-25,USDBRL,3.251499891281128
2016-07-26,USDBRL,3.282099962234497
2016-07-27,USDBRL,3.2699999809265137
2016-07-28,USDBRL,3.2585999965667725
2016-07-29,USDBRL,3.281899929046631
2016-08-01,USDBRL,3.2462000846862793
2016-08-02,USDBRL,3.2583999633789062
2016-08-03,USDBRL,3.2527999877929688
2016-08-04,USDBRL,3.234600067138672
2016-08-05,USDBRL,3.1868999004364014
2016-08-08,USDBRL,3.1607000827789307
2016-08-09,USDBRL,3.168600082397461
2016-08-10,USDBRL,3.142899990081787
2016-08-11,USDBRL,3.1247000694274902
2016-08-12,USDBRL,3.1389999389648438
2016-08-15,USDBRL,3.190500020980835
2016-08-16,USDBRL,3.184799909591675
2016-08-17,USDBRL,3.201200008392334
2016-08-18,USDBRL,3.2047998905181885
2016-08-19,USDBRL,3.2379000186920166
2016-08-22,USDBRL,3.2044999599456787
2016-08-23,USDBRL,3.198699951171875
2016-08-24,USDBRL,3.2355000972747803
2016-08-25,USDBRL,3.223299980163574
2016-08-26,USDBRL,3.228300094604492
2016-08-29,USDBRL,3.2641000747680664
2016-08-30,USDBRL,3.22760009765625
2016-08-31,USDBRL,3.236799955368042
2016-09-01,USDBRL,3.2260000705718994
2016-09-02,USDBRL,3.253200054168701
2016-09-05,USDBRL,3.2560999393463135
2016-09-06,USDBRL,3.267199993133545
2016-09-07,USDBRL,3.1963000297546387
2016-09-08,USDBRL,3.190700054168701
2016-09-09,USDBRL,3.214900016784668
2016-09-12,USDBRL,3.271699905395508
2016-09-13,USDBRL,3.2469000816345215
2016-09-14,USDBRL,3.3141000270843506
2016-09-15,USDBRL,3.3434998989105225
2016-09-16,USDBRL,3.299799919128418
2016-09-19,USDBRL,3.265500068664551
2016-09-20,USDBRL,3.271199941635132
2016-09-21,USDBRL,3.2560999393463135
2016-09-22,USDBRL,3.2095999717712402
2016-09-23,USDBRL,3.2170000076293945
2016-09-26,USDBRL,3.2432000637054443
2016-09-27,USDBRL,3.240600109100342
2016-09-28,USDBRL,3.232599973678589
2016-09-29,USDBRL,3.2177999019622803
2016-09-30,USDBRL,3.2592999935150146
2016-10-03,USDBRL,3.2597999572753906
2016-10-04,USDBRL,3.208699941635132
2016-10-05,USDBRL,3.254499912261963
2016-10-06,USDBRL,3.2184998989105225
2016-10-07,USDBRL,3.2272000312805176
2016-10-10,USDBRL,3.2193000316619873
2016-10-11,USDBRL,3.202699899673462
2016-10-12,USDBRL,3.1958999633789062
2016-10-13,USDBRL,3.200700044631958
2016-10-14,USDBRL,3.177299976348877
2016-10-17,USDBRL,3.2019999027252197
2016-10-18,USDBRL,3.204200029373169
2016-10-19,USDBRL,3.1816999912261963
2016-10-20,USDBRL,3.166100025177002
2016-10-21,USDBRL,3.1391000747680664
2016-10-24,USDBRL,3.148900032043457
2016-10-25,USDBRL,3.124500036239624
2016-10-26,USDBRL,3.1103999614715576
2016-10-27,USDBRL,3.1387999057769775
2016-10-28,USDBRL,3.165299892425537
2016-10-31,USDBRL,3.2030999660491943
2016-11-01,USDBRL,3.198199987411499
2016-11-02,USDBRL,3.235100030899048
2016-11-03,USDBRL,3.2525999546051025
2016-11-04,USDBRL,3.2583999633789062
2016-11-07,USDBRL,3.232300043106079
2016-11-08,USDBRL,3.200900077819824
2016-11-09,USDBRL,3.168100118637085
2016-11-10,USDBRL,3.2330000400543213
2016-11-11,USDBRL,3.3956000804901123
2016-11-14,USDBRL,3.390000104904175
2016-11-15,USDBRL,3.4402999877929688
2016-11-16,USDBRL,3.441699981689453
2016-11-17,USDBRL,3.450700044631958
2016-11-18,USDBRL,3.4323999881744385
2016-11-21,USDBRL,3.3822999000549316
2016-11-22,USDBRL,3.387399911880493
2016-11-23,USDBRL,3.363600015640259
2016-11-24,USDBRL,3.4310998916625977
2016-11-25,USDBRL,3.390700101852417
2016-11-28,USDBRL,3.4210000038146973
2016-11-29,USDBRL,3.4072000980377197
2016-11-30,USDBRL,3.4537999629974365
2016-12-01,USDBRL,3.4063000679016113
2016-12-02,USDBRL,3.572999954223633
2016-12-05,USDBRL,3.4746999740600586
2016-12-06,USDBRL,3.4200000762939453
2016-12-07,USDBRL,3.4063000679016113
2016-12-08,USDBRL,3.3815999031066895
2016-12-09,USDBRL,3.373699903488159
2016-12-12,USDBRL,3.377000093460083
2016-12-13,USDBRL,3.3373000621795654
2016-12-14,USDBRL,3.334199905395508
2016-12-15,USDBRL,3.36899995803833
2016-12-16,USDBRL,3.3657000064849854
2016-12-19,USDBRL,3.390399932861328
2016-12-20,USDBRL,3.3638999462127686
2016-12-21,USDBRL,3.353100061416626
2016-12-22,USDBRL,3.3254001140594482
2016-12-23,USDBRL,3.28629994392395
2016-12-26,USDBRL,3.2695000171661377
2016-12-27,USDBRL,3.2695999145507812
2016-12-28,USDBRL,3.269399881362915
2016-12-29,USDBRL,3.2825000286102295
2016-12-30,USDBRL,3.2523000240325928
2017-01-02,USDBRL,3.253200054168701
2017-01-03,USDBRL,3.2839999198913574
2017-01-04,USDBRL,3.2634999752044678
2017-01-05,USDBRL,3.214099884033203
2017-01-06,USDBRL,3.197700023651123
2017-01-09,USDBRL,3.2221999168395996
2017-01-10,USDBRL,3.195499897003174
2017-01-11,USDBRL,3.194499969482422
2017-01-12,USDBRL,3.1963000297546387
2017-01-13,USDBRL,3.186800003051758
2017-01-16,USDBRL,3.186800003051758
2017-01-17,USDBRL,3.240499973297119
2017-01-18,USDBRL,3.2098000049591064
2017-01-19,USDBRL,3.229599952697754
2017-01-20,USDBRL,3.1949000358581543
2017-01-23,USDBRL,3.1422998905181885
2017-01-24,USDBRL,3.1617000102996826
2017-01-25,USDBRL,3.1686999797821045
2017-01-26,USDBRL,3.1684999465942383
2017-01-27,USDBRL,3.176100015640259
2017-01-30,USDBRL,3.109600067138672
2017-01-31,USDBRL,3.125499963760376
2017-02-01,USDBRL,3.150099992752075
2017-02-02,USDBRL,3.128000020980835
2017-02-03,USDBRL,3.122499942779541
2017-02-06,USDBRL,3.119499921798706
2017-02-07,USDBRL,3.1136999130249023
2017-02-08,USDBRL,3.1166999340057373
2017-02-09,USDBRL,3.1159000396728516
2017-02-10,USDBRL,3.1287999153137207
2017-02-13,USDBRL,3.107100009918213
2017-02-14,USDBRL,3.110100030899048
2017-02-15,USDBRL,3.081199884414673
2017-02-16,USDBRL,3.0560998916625977
2017-02-17,USDBRL,3.0875000953674316
2017-02-20,USDBRL,3.0954999923706055
2017-02-21,USDBRL,3.0855000019073486
2017-02-22,USDBRL,3.093899965286255
2017-02-23,USDBRL,3.062299966812134
2017-02-24,USDBRL,3.06030011177063
2017-02-27,USDBRL,3.094599962234497
2017-02-28,USDBRL,3.105299949645996
2017-03-01,USDBRL,3.1080000400543213
2017-03-02,USDBRL,3.088200092315674
2017-03-03,USDBRL,3.154599905014038
2017-03-06,USDBRL,3.119999885559082
2017-03-07,USDBRL,3.137200117111206
2017-03-08,USDBRL,3.1159000396728516
2017-03-09,USDBRL,3.1593000888824463
2017-03-10,USDBRL,3.1912999153137207
2017-03-13,USDBRL,3.1475000381469727
2017-03-14,USDBRL,3.152400016784668
2017-03-15,USDBRL,3.1637001037597656
2017-03-16,USDBRL,3.099900007247925
2017-03-17,USDBRL,3.11929988861084
2017-03-20,USDBRL,3.0866000652313232
2017-03-21,USDBRL,3.071000099182129
2017-03-22,USDBRL,3.0868000984191895
2017-03-23,USDBRL,3.0848000049591064
2017-03-24,USDBRL,3.1380999088287354
2017-03-27,USDBRL,3.1096999645233154
2017-03-28,USDBRL,3.125200033187866
2017-03-29,USDBRL,3.138400077819824
2017-03-30,USDBRL,3.1221001148223877
2017-03-31,USDBRL,3.147700071334839
2017-04-03,USDBRL,3.121799945831299
2017-04-04,USDBRL,3.11299991607666
2017-04-05,USDBRL,3.095599889755249
2017-04-06,USDBRL,3.1196000576019287
2017-04-07,USDBRL,3.1414999961853027
2017-04-10,USDBRL,3.144700050354004
2017-04-11,USDBRL,3.1317999362945557
2017-04-12,USDBRL,3.1368000507354736
2017-04-13,USDBRL,3.123500108718872
2017-04-14,USDBRL,3.142400026321411
2017-04-17,USDBRL,3.143699884414673
2017-04-18,USDBRL,3.1303000450134277
2017-04-19,USDBRL,3.1064999103546143
2017-04-20,USDBRL,3.1482999324798584
2017-04-21,USDBRL,3.1470999717712402
2017-04-24,USDBRL,3.1468000411987305
2017-04-25,USDBRL,3.127000093460083
2017-04-26,USDBRL,3.147200107574463
2017-04-27,USDBRL,3.171099901199341
2017-04-28,USDBRL,3.1810998916625977
2017-05-01,USDBRL,3.176100015640259
2017-05-02,USDBRL,3.175100088119507
2017-05-03,USDBRL,3.1501998901367188
2017-05-04,USDBRL,3.162100076675415
2017-05-05,USDBRL,3.1849000453948975
2017-05-08,USDBRL,3.1777000427246094
2017-05-09,USDBRL,3.1963999271392822
2017-05-10,USDBRL,3.186800003051758
2017-05-11,USDBRL,3.1656999588012695
2017-05-12,USDBRL,3.1389999389648438
2017-05-15,USDBRL,3.1777000427246094
2017-05-16,USDBRL,3.1082000732421875
2017-05-17,USDBRL,3.0957999229431152
2017-05-18,USDBRL,3.1333999633789062
2017-05-19,USDBRL,3.36899995803833
2017-05-22,USDBRL,3.2532999515533447
2017-05-23,USDBRL,3.265399932861328
2017-05-24,USDBRL,3.2685999870300293
2017-05-25,USDBRL,3.274199962615967
2017-05-26,USDBRL,3.2734999656677246
2017-05-29,USDBRL,3.1777000427246094
2017-05-30,USDBRL,3.2553999423980713
2017-05-31,USDBRL,3.256200075149536
2017-06-01,USDBRL,3.225100040435791
2017-06-02,USDBRL,3.249000072479248
2017-06-05,USDBRL,3.2492001056671143
2017-06-06,USDBRL,3.296099901199341
2017-06-07,USDBRL,3.2760000228881836
2017-06-08,USDBRL,3.2672998905181885
2017-06-09,USDBRL,3.2595999240875244
2017-06-12,USDBRL,3.1777000427246094
2017-06-13,USDBRL,3.316699981689453
2017-06-14,USDBRL,3.3143999576568604
2017-06-15,USDBRL,3.272599935531616
2017-06-16,USDBRL,3.2736001014709473
2017-06-19,USDBRL,3.288599967956543
2017-06-20,USDBRL,3.281100034713745
2017-06-21,USDBRL,3.325500011444092
2017-06-22,USDBRL,3.333400011062622
2017-06-23,USDBRL,3.3396999835968018
2017-06-26,USDBRL,3.3415000438690186
2017-06-27,USDBRL,3.294800043106079
2017-06-28,USDBRL,3.312000036239624
2017-06-29,USDBRL,3.2795000076293945
2017-06-30,USDBRL,3.3027000427246094
2017-07-03,USDBRL,3.1777000427246094
2017-07-04,USDBRL,3.30049991607666
2017-07-05,USDBRL,3.3092000484466553
2017-07-06,USDBRL,3.2869999408721924
2017-07-07,USDBRL,3.297300100326538
2017-07-10,USDBRL,3.1777000427246094
2017-07-12,USDBRL,3.2530999183654785
2017-07-13,USDBRL,3.2067999839782715
2017-07-14,USDBRL,3.2100000381469727
2017-07-17,USDBRL,3.1777000427246094
2017-07-18,USDBRL,3.1812000274658203
2017-07-19,USDBRL,3.1526999473571777
2017-07-20,USDBRL,3.147700071334839
2017-07-21,USDBRL,3.1184000968933105
2017-07-24,USDBRL,3.1777000427246094
2017-07-25,USDBRL,3.144399881362915
2017-07-26,USDBRL,3.1712000370025635
2017-07-27,USDBRL,3.137500047683716
2017-07-28,USDBRL,3.152600049972534
2017-07-31,USDBRL,3.1777000427246094
2017-08-01,USDBRL,3.1257998943328857
2017-08-02,USDBRL,3.12280011177063
2017-08-03,USDBRL,3.1122000217437744
2017-08-04,USDBRL,3.1115000247955322
2017-08-07,USDBRL,3.129300117492676
2017-08-08,USDBRL,3.1242001056671143
2017-08-09,USDBRL,3.1259000301361084
2017-08-10,USDBRL,3.1522998809814453
2017-08-11,USDBRL,3.1735999584198
2017-08-14,USDBRL,3.1777000427246094
2017-08-15,USDBRL,3.1872000694274902
2017-08-16,USDBRL,3.16759991645813
2017-08-17,USDBRL,3.151400089263916
2017-08-18,USDBRL,3.17330002784729
2017-08-21,USDBRL,3.1777000427246094
2017-08-22,USDBRL,3.1630001068115234
2017-08-23,USDBRL,3.1605000495910645
2017-08-24,USDBRL,3.1393001079559326
2017-08-25,USDBRL,3.1465001106262207
2017-08-28,USDBRL,3.1586999893188477
2017-08-29,USDBRL,3.165800094604492
2017-08-30,USDBRL,3.1642000675201416
2017-08-31,USDBRL,3.158799886703491
2017-09-01,USDBRL,3.1459999084472656
2017-09-04,USDBRL,3.1777000427246094
2017-09-05,USDBRL,3.139400005340576
2017-09-06,USDBRL,3.115799903869629
2017-09-07,USDBRL,3.097899913787842
2017-09-08,USDBRL,3.097599983215332
2017-09-11,USDBRL,3.1777000427246094
2017-09-12,USDBRL,3.0996999740600586
2017-09-13,USDBRL,3.1219000816345215
2017-09-14,USDBRL,3.1315999031066895
2017-09-15,USDBRL,3.1180999279022217
2017-09-18,USDBRL,3.1096999645233154
2017-09-19,USDBRL,3.1349000930786133
2017-09-20,USDBRL,3.1328001022338867
2017-09-21,USDBRL,3.1305999755859375
2017-09-22,USDBRL,3.134500026702881
2017-09-25,USDBRL,3.123500108718872
2017-09-26,USDBRL,3.1572999954223633
2017-09-27,USDBRL,3.1638998985290527
2017-09-28,USDBRL,3.1919000148773193
2017-09-29,USDBRL,3.1809000968933105
2017-10-02,USDBRL,3.1633999347686768
2017-10-03,USDBRL,3.152899980545044
2017-10-04,USDBRL,3.1407999992370605
2017-10-05,USDBRL,3.13319993019104
2017-10-06,USDBRL,3.152400016784668
2017-10-09,USDBRL,3.1554999351501465
2017-10-10,USDBRL,3.186800003051758
2017-10-11,USDBRL,3.177799940109253
2017-10-12,USDBRL,3.1696999073028564
2017-10-13,USDBRL,3.1689999103546143
2017-10-16,USDBRL,3.146199941635132
2017-10-17,USDBRL,3.170300006866455
2017-10-18,USDBRL,3.156100034713745
2017-10-19,USDBRL,3.170099973678589
2017-10-20,USDBRL,3.164900064468384
2017-10-23,USDBRL,3.1909000873565674
2017-10-24,USDBRL,3.2344000339508057
2017-10-25,USDBRL,3.2425999641418457
2017-10-26,USDBRL,3.2311999797821045
2017-10-27,USDBRL,3.2864999771118164
2017-10-30,USDBRL,3.234800100326538
2017-10-31,USDBRL,3.2873001098632812
2017-11-01,USDBRL,3.2695999145507812
2017-11-02,USDBRL,3.266200065612793
2017-11-03,USDBRL,3.2646000385284424
2017-11-06,USDBRL,3.29259991645813
2017-11-07,USDBRL,3.2479000091552734
2017-11-08,USDBRL,3.2701001167297363
2017-11-09,USDBRL,3.251300096511841
2017-11-10,USDBRL,3.248699903488159
2017-11-13,USDBRL,3.276400089263916
2017-11-14,USDBRL,3.275899887084961
2017-11-15,USDBRL,3.3118999004364014
2017-11-17,USDBRL,3.2706000804901123
2017-11-20,USDBRL,3.254499912261963
2017-11-21,USDBRL,3.253999948501587
2017-11-22,USDBRL,3.2572999000549316
2017-11-23,USDBRL,3.222899913787842
2017-11-24,USDBRL,3.2202999591827393
2017-11-27,USDBRL,3.2328999042510986
2017-11-28,USDBRL,3.2263998985290527
2017-11-29,USDBRL,3.209700107574463
2017-11-30,USDBRL,3.244800090789795
2017-12-01,USDBRL,3.271199941635132
2017-12-04,USDBRL,3.2574000358581543
2017-12-05,USDBRL,3.2425999641418457
2017-12-06,USDBRL,3.240299940109253
2017-12-07,USDBRL,3.234299898147583
2017-12-08,USDBRL,3.2871999740600586
2017-12-11,USDBRL,3.2878000736236572
2017-12-12,USDBRL,3.303299903869629
2017-12-13,USDBRL,3.303100109100342
2017-12-14,USDBRL,3.3085999488830566
2017-12-15,USDBRL,3.340399980545044
2017-12-18,USDBRL,3.2920000553131104
2017-12-19,USDBRL,3.2904999256134033
2017-12-20,USDBRL,3.2885000705718994
2017-12-21,USDBRL,3.2964999675750732
2017-12-22,USDBRL,3.30679988861084
2017-12-25,USDBRL,3.3380000591278076
2017-12-26,USDBRL,3.3355000019073486
2017-12-27,USDBRL,3.3097000122070312
2017-12-28,USDBRL,3.3132998943328857
2017-12-29,USDBRL,3.3111000061035156
2018-01-01,USDBRL,3.3076000213623047
2018-01-02,USDBRL,3.311000108718872
2018-01-03,USDBRL,3.2578001022338867
2018-01-04,USDBRL,3.2355000972747803
2018-01-05,USDBRL,3.233099937438965
2018-01-08,USDBRL,3.226599931716919
2018-01-09,USDBRL,3.239000082015991
2018-01-10,USDBRL,3.246799945831299
2018-01-11,USDBRL,3.2263998985290527
2018-01-12,USDBRL,3.214200019836426
2018-01-15,USDBRL,3.200700044631958
2018-01-16,USDBRL,3.213200092315674
2018-01-17,USDBRL,3.2227001190185547
2018-01-18,USDBRL,3.2221999168395996
2018-01-19,USDBRL,3.2051000595092773
2018-01-22,USDBRL,3.194700002670288
2018-01-23,USDBRL,3.200700044631958
2018-01-24,USDBRL,3.2355000972747803
2018-01-25,USDBRL,3.1451001167297363
2018-01-26,USDBRL,3.146899938583374
2018-01-29,USDBRL,3.1510000228881836
2018-01-30,USDBRL,3.153599977493286
2018-01-31,USDBRL,3.179500102996826
2018-02-01,USDBRL,3.1847000122070312
2018-02-02,USDBRL,3.1637001037597656
2018-02-05,USDBRL,3.215399980545044
2018-02-06,USDBRL,3.2611000537872314
2018-02-07,USDBRL,3.2334001064300537
2018-02-08,USDBRL,3.26990008354187
2018-02-09,USDBRL,3.284600019454956
2018-02-12,USDBRL,3.290800094604492
2018-02-13,USDBRL,3.2939999103546143
2018-02-14,USDBRL,3.2941999435424805
2018-02-15,USDBRL,3.216200113296509
2018-02-16,USDBRL,3.2263998985290527
2018-02-19,USDBRL,3.2281999588012695
2018-02-20,USDBRL,3.233099937438965
2018-02-21,USDBRL,3.254300117492676
2018-02-22,USDBRL,3.2676000595092773
2018-02-23,USDBRL,3.248699903488159
2018-02-26,USDBRL,3.2372000217437744
2018-02-27,USDBRL,3.2225000858306885
2018-02-28,USDBRL,3.248500108718872
2018-03-01,USDBRL,3.244800090789795
2018-03-02,USDBRL,3.25
2018-03-05,USDBRL,3.2495999336242676
2018-03-06,USDBRL,3.240999937057495
2018-03-07,USDBRL,3.2079999446868896
2018-03-08,USDBRL,3.2428998947143555
2018-03-09,USDBRL,3.2660999298095703
2018-03-12,USDBRL,3.2560999393463135
2018-03-13,USDBRL,3.2602999210357666
2018-03-14,USDBRL,3.258699893951416
2018-03-15,USDBRL,3.258500099182129
2018-03-16,USDBRL,3.282099962234497
2018-03-19,USDBRL,3.280100107192993
2018-03-20,USDBRL,3.28410005569458
2018-03-21,USDBRL,3.3087000846862793
2018-03-22,USDBRL,3.272700071334839
2018-03-23,USDBRL,3.3141000270843506
2018-03-26,USDBRL,3.314500093460083
2018-03-27,USDBRL,3.31030011177063
2018-03-28,USDBRL,3.3229000568389893
2018-03-29,USDBRL,3.3192999362945557
2018-03-30,USDBRL,3.303499937057495
2018-04-02,USDBRL,3.302000045776367
2018-04-03,USDBRL,3.3094000816345215
2018-04-04,USDBRL,3.339400053024292
2018-04-05,USDBRL,3.327699899673462
2018-04-06,USDBRL,3.341599941253662
2018-04-09,USDBRL,3.367500066757202
2018-04-10,USDBRL,3.4210000038146973
2018-04-11,USDBRL,3.4072999954223633
2018-04-12,USDBRL,3.3731000423431396
2018-04-13,USDBRL,3.4110000133514404
2018-04-16,USDBRL,3.424299955368042
2018-04-17,USDBRL,3.416100025177002
2018-04-18,USDBRL,3.4058001041412354
2018-04-19,USDBRL,3.3770999908447266
2018-04-20,USDBRL,3.382699966430664
2018-04-23,USDBRL,3.4137001037597656
2018-04-24,USDBRL,3.448899984359741
2018-04-25,USDBRL,3.4714999198913574
2018-04-26,USDBRL,3.4809000492095947
2018-04-27,USDBRL,3.4742000102996826
2018-04-30,USDBRL,3.4581000804901123
2018-05-01,USDBRL,3.5058000087738037
2018-05-02,USDBRL,3.5060999393463135
2018-05-03,USDBRL,3.5495998859405518
2018-05-04,USDBRL,3.526599884033203
2018-05-07,USDBRL,3.5255000591278076
2018-05-08,USDBRL,3.5492000579833984
2018-05-09,USDBRL,3.5618999004364014
2018-05-10,USDBRL,3.5903000831604004
2018-05-11,USDBRL,3.549499988555908
2018-05-14,USDBRL,3.6029000282287598
2018-05-15,USDBRL,3.6215999126434326
2018-05-16,USDBRL,3.648699998855591
2018-05-17,USDBRL,3.6744000911712646
2018-05-18,USDBRL,3.6951000690460205
2018-05-21,USDBRL,3.7383999824523926
2018-05-22,USDBRL,3.6756999492645264
2018-05-23,USDBRL,3.6459999084472656
2018-05-24,USDBRL,3.6256000995635986
2018-05-25,USDBRL,3.648099899291992
2018-05-28,USDBRL,3.626199960708618
2018-05-29,USDBRL,3.7342000007629395
2018-05-30,USDBRL,3.724100112915039
2018-05-31,USDBRL,3.722100019454956
2018-06-01,USDBRL,3.7219998836517334
2018-06-04,USDBRL,3.7616000175476074
2018-06-05,USDBRL,3.744499921798706
2018-06-06,USDBRL,3.80430006980896
2018-06-07,USDBRL,3.843400001525879
2018-06-08,USDBRL,3.900700092315674
2018-06-11,USDBRL,3.704900026321411
2018-06-12,USDBRL,3.7088000774383545
2018-06-13,USDBRL,3.7149999141693115
2018-06-14,USDBRL,3.7188000679016113
2018-06-15,USDBRL,3.803999900817871
2018-06-18,USDBRL,3.7286999225616455
2018-06-19,USDBRL,3.7462000846862793
2018-06-20,USDBRL,3.744999885559082
2018-06-21,USDBRL,3.7690999507904053
2018-06-22,USDBRL,3.7651000022888184
2018-06-25,USDBRL,3.78629994392395
2018-06-26,USDBRL,3.775099992752075
2018-06-27,USDBRL,3.795799970626831
2018-06-28,USDBRL,3.860100030899048
2018-06-29,USDBRL,3.859499931335449
2018-07-02,USDBRL,3.8756000995635986
2018-07-03,USDBRL,3.912600040435791
2018-07-04,USDBRL,3.8963000774383545
2018-07-05,USDBRL,3.9110000133514404
2018-07-06,USDBRL,3.931299924850464
2018-07-09,USDBRL,3.8659000396728516
2018-07-10,USDBRL,3.871299982070923
2018-07-11,USDBRL,3.8150999546051025
2018-07-12,USDBRL,3.8761000633239746
2018-07-13,USDBRL,3.88070011138916
2018-07-16,USDBRL,3.849400043487549
2018-07-17,USDBRL,3.8559999465942383
2018-07-18,USDBRL,3.835900068283081
2018-07-19,USDBRL,3.8492000102996826
2018-07-20,USDBRL,3.8285000324249268
2018-07-23,USDBRL,3.7708001136779785
2018-07-24,USDBRL,3.780400037765503
2018-07-25,USDBRL,3.7460999488830566
2018-07-26,USDBRL,3.6863999366760254
2018-07-27,USDBRL,3.74429988861084
2018-07-30,USDBRL,3.7111001014709473
2018-07-31,USDBRL,3.728100061416626
2018-08-01,USDBRL,3.753000020980835
2018-08-02,USDBRL,3.746999979019165
2018-08-03,USDBRL,3.7483999729156494
2018-08-06,USDBRL,3.7023000717163086
2018-08-07,USDBRL,3.734499931335449
2018-08-08,USDBRL,3.750499963760376
2018-08-09,USDBRL,3.7701001167297363
2018-08-10,USDBRL,3.7995998859405518
2018-08-13,USDBRL,3.8654000759124756
2018-08-14,USDBRL,3.881999969482422
2018-08-15,USDBRL,3.8643999099731445
2018-08-16,USDBRL,3.900599956512451
2018-08-17,USDBRL,3.903899908065796
2018-08-20,USDBRL,3.9098000526428223
2018-08-21,USDBRL,3.9660000801086426
2018-08-22,USDBRL,4.048500061035156
2018-08-23,USDBRL,4.036900043487549
2018-08-24,USDBRL,4.112299919128418
2018-08-27,USDBRL,4.102799892425537
2018-08-28,USDBRL,4.077499866485596
2018-08-29,USDBRL,4.133900165557861
2018-08-30,USDBRL,4.105500221252441
2018-08-31,USDBRL,4.148600101470947
2018-09-03,USDBRL,4.053699970245361
2018-09-04,USDBRL,4.154799938201904
2018-09-05,USDBRL,4.15369987487793
2018-09-06,USDBRL,4.143099784851074
2018-09-07,USDBRL,4.057300090789795
2018-09-10,USDBRL,4.043799877166748
2018-09-11,USDBRL,4.08459997177124
2018-09-12,USDBRL,4.151599884033203
2018-09-13,USDBRL,4.159800052642822
2018-09-14,USDBRL,4.204999923706055
2018-09-17,USDBRL,4.171999931335449
2018-09-18,USDBRL,4.1321001052856445
2018-09-19,USDBRL,4.158400058746338
2018-09-20,USDBRL,4.130300045013428
2018-09-21,USDBRL,4.076000213623047
2018-09-24,USDBRL,4.050000190734863
2018-09-25,USDBRL,4.091300010681152
2018-09-26,USDBRL,4.073599815368652
2018-09-27,USDBRL,4.030799865722656
2018-09-28,USDBRL,4.01200008392334
2018-10-01,USDBRL,4.052700042724609
2018-10-02,USDBRL,4.01639986038208
2018-10-03,USDBRL,3.939500093460083
2018-10-04,USDBRL,3.900399923324585
2018-10-05,USDBRL,3.8738999366760254
2018-10-08,USDBRL,3.8357999324798584
2018-10-09,USDBRL,3.7771999835968018
2018-10-10,USDBRL,3.7147998809814453
2018-10-11,USDBRL,3.7548000812530518
2018-10-12,USDBRL,3.7815001010894775
2018-10-15,USDBRL,3.781599998474121
2018-10-16,USDBRL,3.7339000701904297
2018-10-17,USDBRL,3.723599910736084
2018-10-18,USDBRL,3.686199903488159
2018-10-19,USDBRL,3.7202999591827393
2018-10-22,USDBRL,3.710900068283081
2018-10-23,USDBRL,3.682300090789795
2018-10-24,USDBRL,3.6923999786376953
2018-10-25,USDBRL,3.731100082397461
2018-10-26,USDBRL,3.704900026321411
2018-10-29,USDBRL,3.6415998935699463
2018-10-30,USDBRL,3.7158000469207764
2018-10-31,USDBRL,3.6946001052856445
2018-11-01,USDBRL,3.7207000255584717
2018-11-02,USDBRL,3.6949000358581543
2018-11-05,USDBRL,3.700000047683716
2018-11-06,USDBRL,3.724600076675415
2018-11-07,USDBRL,3.7599000930786133
2018-11-08,USDBRL,3.7304000854492188
2018-11-09,USDBRL,3.759200096130371
2018-11-12,USDBRL,3.7293999195098877
2018-11-13,USDBRL,3.766400098800659
2018-11-14,USDBRL,3.8013999462127686
2018-11-15,USDBRL,3.782399892807007
2018-11-16,USDBRL,3.782399892807007
2018-11-19,USDBRL,3.742500066757202
2018-11-20,USDBRL,3.7544000148773193
2018-11-21,USDBRL,3.75570011138916
2018-11-22,USDBRL,3.796099901199341
2018-11-23,USDBRL,3.803100109100342
2018-11-26,USDBRL,3.6730000972747803
2018-11-27,USDBRL,3.93969988822937
2018-11-28,USDBRL,3.873500108718872
2018-11-29,USDBRL,3.8492000102996826
2018-11-30,USDBRL,3.8510000705718994
2018-12-03,USDBRL,3.8652000427246094
2018-12-04,USDBRL,3.8408000469207764
2018-12-05,USDBRL,3.851099967956543
2018-12-06,USDBRL,3.8673999309539795
2018-12-07,USDBRL,3.8777999877929688
2018-12-10,USDBRL,3.9058001041412354
2018-12-11,USDBRL,3.9166998863220215
2018-12-12,USDBRL,3.902600049972534
2018-12-13,USDBRL,3.854099988937378
2018-12-14,USDBRL,3.890700101852417
2018-12-17,USDBRL,3.9154999256134033
2018-12-18,USDBRL,3.897599935531616
2018-12-19,USDBRL,3.910900115966797
2018-12-20,USDBRL,3.896199941635132
2018-12-21,USDBRL,3.838900089263916
2018-12-24,USDBRL,3.843400001525879
2018-12-25,USDBRL,3.902600049972534
2018-12-26,USDBRL,3.9028000831604004
2018-12-27,USDBRL,3.920599937438965
2018-12-28,USDBRL,3.871500015258789
2018-12-31,USDBRL,3.8742001056671143
2019-01-01,USDBRL,3.880000114440918
2019-01-02,USDBRL,3.8798999786376953
2019-01-03,USDBRL,3.78629994392395
2019-01-04,USDBRL,3.7551000118255615
2019-01-07,USDBRL,3.6612000465393066
2019-01-08,USDBRL,3.734100103378296
2019-01-09,USDBRL,3.712399959564209
2019-01-10,USDBRL,3.680000066757202
2019-01-11,USDBRL,3.707900047302246
2019-01-14,USDBRL,3.659600019454956
2019-01-15,USDBRL,3.697499990463257
2019-01-16,USDBRL,3.716399908065796
2019-01-17,USDBRL,3.734299898147583
2019-01-18,USDBRL,3.7488999366760254
2019-01-21,USDBRL,3.750200033187866
2019-01-22,USDBRL,3.7513999938964844
2019-01-23,USDBRL,3.812000036239624
2019-01-24,USDBRL,3.7623000144958496
2019-01-25,USDBRL,3.7697999477386475
2019-01-28,USDBRL,3.7695999145507812
2019-01-29,USDBRL,3.7595999240875244
2019-01-30,USDBRL,3.7184998989105225
2019-01-31,USDBRL,3.6814000606536865
2019-02-01,USDBRL,3.6428000926971436
2019-02-04,USDBRL,3.6572999954223633
2019-02-05,USDBRL,3.6670000553131104
2019-02-06,USDBRL,3.668299913406372
2019-02-07,USDBRL,3.694700002670288
2019-02-08,USDBRL,3.714900016784668
2019-02-11,USDBRL,3.728600025177002
2019-02-12,USDBRL,3.755199909210205
2019-02-13,USDBRL,3.7079999446868896
2019-02-14,USDBRL,3.753200054168701
2019-02-15,USDBRL,3.7219998836517334
2019-02-18,USDBRL,3.6468000411987305
2019-02-19,USDBRL,3.7316999435424805
2019-02-20,USDBRL,3.7219998836517334
2019-02-21,USDBRL,3.7239999771118164
2019-02-22,USDBRL,3.7664999961853027
2019-02-25,USDBRL,3.746299982070923
2019-02-26,USDBRL,3.7504000663757324
2019-02-27,USDBRL,3.7471001148223877
2019-02-28,USDBRL,3.727299928665161
2019-03-01,USDBRL,3.747499942779541
2019-03-04,USDBRL,3.721400022506714
2019-03-05,USDBRL,3.7741000652313232
2019-03-06,USDBRL,3.774399995803833
2019-03-07,USDBRL,3.8368000984191895
2019-03-08,USDBRL,3.86929988861084
2019-03-11,USDBRL,3.8134000301361084
2019-03-12,USDBRL,3.8373000621795654
2019-03-13,USDBRL,3.8115999698638916
2019-03-14,USDBRL,3.8132998943328857
2019-03-15,USDBRL,3.8405001163482666
2019-03-18,USDBRL,3.812999963760376
2019-03-19,USDBRL,3.7899999618530273
2019-03-20,USDBRL,3.7876999378204346
2019-03-21,USDBRL,3.774199962615967
2019-03-22,USDBRL,3.7909998893737793
2019-03-25,USDBRL,3.9059998989105225
2019-03-26,USDBRL,3.853600025177002
2019-03-27,USDBRL,3.875
2019-03-28,USDBRL,3.9881999492645264
2019-03-29,USDBRL,3.897700071334839
2019-04-01,USDBRL,3.922499895095825
2019-04-02,USDBRL,3.8485000133514404
2019-04-03,USDBRL,3.852299928665161
2019-04-04,USDBRL,3.868299961090088
2019-04-05,USDBRL,3.8559000492095947
2019-04-08,USDBRL,3.874000072479248
2019-04-09,USDBRL,3.8482000827789307
2019-04-10,USDBRL,3.8480000495910645
2019-04-11,USDBRL,3.8239998817443848
2019-04-12,USDBRL,3.855799913406372
2019-04-15,USDBRL,3.8803000450134277
2019-04-16,USDBRL,3.8703999519348145
2019-04-17,USDBRL,3.9038000106811523
2019-04-18,USDBRL,3.9367001056671143
2019-04-19,USDBRL,3.9267001152038574
2019-04-22,USDBRL,3.934499979019165
2019-04-23,USDBRL,3.9340999126434326
2019-04-24,USDBRL,3.918299913406372
2019-04-25,USDBRL,3.9895999431610107
2019-04-26,USDBRL,3.952699899673462
2019-04-29,USDBRL,3.9291999340057373
2019-04-30,USDBRL,3.9442999362945557
2019-05-01,USDBRL,3.9168999195098877
2019-05-02,USDBRL,3.919300079345703
2019-05-03,USDBRL,3.966200113296509
2019-05-06,USDBRL,3.9365999698638916
2019-05-07,USDBRL,3.9681999683380127
2019-05-08,USDBRL,3.9686999320983887
2019-05-09,USDBRL,3.926300048828125
2019-05-10,USDBRL,3.9453999996185303
2019-05-13,USDBRL,3.959700107574463
2019-05-14,USDBRL,3.990499973297119
2019-05-15,USDBRL,3.975100040435791
2019-05-16,USDBRL,3.9999001026153564
2019-05-17,USDBRL,4.046199798583984
2019-05-20,USDBRL,4.097400188446045
2019-05-21,USDBRL,4.094900131225586
2019-05-23,USDBRL,4.036799907684326
2019-05-24,USDBRL,4.038700103759766
2019-05-27,USDBRL,4.021200180053711
2019-05-28,USDBRL,4.042099952697754
2019-05-29,USDBRL,4.023600101470947
2019-05-30,USDBRL,3.973400115966797
2019-05-31,USDBRL,3.9800000190734863
2019-06-03,USDBRL,3.9242000579833984
2019-06-04,USDBRL,3.8840999603271484
2019-06-05,USDBRL,3.853600025177002
2019-06-06,USDBRL,3.8794000148773193
2019-06-07,USDBRL,3.8784000873565674
2019-06-10,USDBRL,3.876499891281128
2019-06-11,USDBRL,3.884500026702881
2019-06-12,USDBRL,3.85509991645813
2019-06-13,USDBRL,3.8659000396728516
2019-06-14,USDBRL,3.8482000827789307
2019-06-17,USDBRL,3.8945000171661377
2019-06-18,USDBRL,3.88700008392334
2019-06-19,USDBRL,3.859499931335449
2019-06-20,USDBRL,3.835400104522705
2019-06-21,USDBRL,3.8376998901367188
2019-06-24,USDBRL,3.820499897003174
2019-06-25,USDBRL,3.8255999088287354
2019-06-26,USDBRL,3.8454999923706055
2019-06-27,USDBRL,3.842900037765503
2019-06-28,USDBRL,3.815999984741211
2019-07-01,USDBRL,3.8494999408721924
2019-07-02,USDBRL,3.839600086212158
2019-07-03,USDBRL,3.843899965286255
2019-07-04,USDBRL,3.825000047683716
2019-07-05,USDBRL,3.800800085067749
2019-07-08,USDBRL,3.8190999031066895
2019-07-09,USDBRL,3.799099922180176
2019-07-10,USDBRL,3.7990000247955322
2019-07-11,USDBRL,3.7502999305725098
2019-07-12,USDBRL,3.7548000812530518
2019-07-15,USDBRL,3.7344000339508057
2019-07-16,USDBRL,3.753700017929077
2019-07-17,USDBRL,3.767199993133545
2019-07-18,USDBRL,3.7618000507354736
2019-07-19,USDBRL,3.717400074005127
2019-07-22,USDBRL,3.7458999156951904
2019-07-23,USDBRL,3.739799976348877
2019-07-24,USDBRL,3.77239990234375
2019-07-25,USDBRL,3.7713000774383545
2019-07-26,USDBRL,3.7751998901367188
2019-07-29,USDBRL,3.7734999656677246
2019-07-30,USDBRL,3.780100107192993
2019-07-31,USDBRL,3.789299964904785
2019-08-01,USDBRL,3.8117001056671143
2019-08-02,USDBRL,3.8373000621795654
2019-08-05,USDBRL,3.8838999271392822
2019-08-06,USDBRL,3.973099946975708
2019-08-07,USDBRL,3.958699941635132
2019-08-08,USDBRL,3.967400074005127
2019-08-09,USDBRL,3.91759991645813
2019-08-12,USDBRL,3.940200090408325
2019-08-13,USDBRL,3.9839000701904297
2019-08-14,USDBRL,3.962399959564209
2019-08-15,USDBRL,4.050300121307373
2019-08-16,USDBRL,3.9900999069213867
2019-08-19,USDBRL,4.0046000480651855
2019-08-20,USDBRL,4.073200225830078
2019-08-21,USDBRL,4.051700115203857
2019-08-22,USDBRL,4.02400016784668
2019-08-23,USDBRL,4.067999839782715
2019-08-26,USDBRL,4.126200199127197
2019-08-27,USDBRL,4.151500225067139
2019-08-28,USDBRL,4.122799873352051
2019-08-29,USDBRL,4.167699813842773
2019-08-30,USDBRL,4.168099880218506
2019-09-02,USDBRL,4.143899917602539
2019-09-03,USDBRL,4.1844000816345215
2019-09-04,USDBRL,4.16510009765625
2019-09-05,USDBRL,4.093200206756592
2019-09-06,USDBRL,4.105999946594238
2019-09-09,USDBRL,4.061299800872803
2019-09-10,USDBRL,4.093400001525879
2019-09-11,USDBRL,4.079500198364258
2019-09-12,USDBRL,4.064199924468994
2019-09-13,USDBRL,4.058899879455566
2019-09-16,USDBRL,4.0854997634887695
2019-09-17,USDBRL,4.0792999267578125
2019-09-18,USDBRL,4.076000213623047
2019-09-19,USDBRL,4.1072998046875
2019-09-20,USDBRL,4.166600227355957
2019-09-23,USDBRL,4.1483001708984375
2019-09-24,USDBRL,4.161499977111816
2019-09-25,USDBRL,4.1616997718811035
2019-09-26,USDBRL,4.14709997177124
2019-09-27,USDBRL,4.1691999435424805
2019-09-30,USDBRL,4.157100200653076
2019-10-01,USDBRL,4.154799938201904
2019-10-02,USDBRL,4.154600143432617
2019-10-03,USDBRL,4.1244001388549805
2019-10-04,USDBRL,4.082900047302246
2019-10-07,USDBRL,4.054599761962891
2019-10-08,USDBRL,4.105100154876709
2019-10-09,USDBRL,4.09089994430542
2019-10-10,USDBRL,4.10830020904541
2019-10-11,USDBRL,4.108399868011475
2019-10-14,USDBRL,4.108500003814697
2019-10-15,USDBRL,4.123700141906738
2019-10-16,USDBRL,4.178599834442139
2019-10-17,USDBRL,4.148600101470947
2019-10-18,USDBRL,4.161099910736084
2019-10-21,USDBRL,4.111100196838379
2019-10-22,USDBRL,4.1247639656066895
2019-10-23,USDBRL,4.078400135040283
2019-10-24,USDBRL,4.033100128173828
2019-10-25,USDBRL,4.039299964904785
2019-10-28,USDBRL,4.002900123596191
2019-10-29,USDBRL,3.988800048828125
2019-10-30,USDBRL,3.9967000484466553
2019-10-31,USDBRL,3.9862000942230225
2019-11-01,USDBRL,4.015999794006348
2019-11-04,USDBRL,3.9893999099731445
2019-11-05,USDBRL,4.010799884796143
2019-11-06,USDBRL,3.992000102996826
2019-11-07,USDBRL,4.082300186157227
2019-11-08,USDBRL,4.0995001792907715
2019-11-11,USDBRL,4.133399963378906
2019-11-12,USDBRL,4.151299953460693
2019-11-13,USDBRL,4.167900085449219
2019-11-14,USDBRL,4.168600082397461
2019-11-15,USDBRL,4.194300174713135
2019-11-18,USDBRL,4.194799900054932
2019-11-19,USDBRL,4.216400146484375
2019-11-20,USDBRL,4.191699981689453
2019-11-21,USDBRL,4.195000171661377
2019-11-22,USDBRL,4.191699981689453
2019-11-25,USDBRL,4.195000171661377
2019-11-26,USDBRL,4.225399971008301
2019-11-27,USDBRL,4.231800079345703
2019-11-28,USDBRL,4.262700080871582
2019-11-29,USDBRL,4.188000202178955
2019-12-02,USDBRL,4.236100196838379
2019-12-03,USDBRL,4.222300052642822
2019-12-04,USDBRL,4.203999996185303
2019-12-05,USDBRL,4.206099987030029
2019-12-06,USDBRL,4.184599876403809
2019-12-09,USDBRL,4.118899822235107
2019-12-10,USDBRL,4.14109992980957
2019-12-11,USDBRL,4.144599914550781
2019-12-12,USDBRL,4.123700141906738
2019-12-13,USDBRL,4.087247848510742
2019-12-16,USDBRL,4.0858001708984375
2019-12-17,USDBRL,4.0619001388549805
2019-12-18,USDBRL,4.070199966430664
2019-12-19,USDBRL,4.059662818908691
2019-12-20,USDBRL,4.06879997253418
2019-12-23,USDBRL,4.079899787902832
2019-12-24,USDBRL,4.081999778747559
2019-12-25,USDBRL,4.082799911499023
2019-12-26,USDBRL,4.083000183105469
2019-12-27,USDBRL,4.054699897766113
2019-12-30,USDBRL,4.022299766540527
2019-12-31,USDBRL,4.015710830688477
2020-01-01,USDBRL,4.016786098480225
2020-01-02,USDBRL,4.016300201416016
2020-01-03,USDBRL,4.023399829864502
2020-01-06,USDBRL,4.057000160217285
2020-01-07,USDBRL,4.060400009155273
2020-01-08,USDBRL,4.066199779510498
2020-01-09,USDBRL,4.06279993057251
2020-01-10,USDBRL,4.092100143432617
2020-01-13,USDBRL,4.070499897003174
2020-01-14,USDBRL,4.1458001136779785
2020-01-15,USDBRL,4.13129997253418
2020-01-16,USDBRL,4.174200057983398
2020-01-17,USDBRL,4.183599948883057
2020-01-20,USDBRL,4.161600112915039
2020-01-21,USDBRL,4.188499927520752
2020-01-22,USDBRL,4.210899829864502
2020-01-23,USDBRL,4.181300163269043
2020-01-24,USDBRL,4.169099807739258
2020-01-27,USDBRL,4.1595001220703125
2020-01-28,USDBRL,4.206099987030029
2020-01-29,USDBRL,4.193399906158447
2020-01-30,USDBRL,4.228899955749512
2020-01-31,USDBRL,4.242199897766113
2020-02-03,USDBRL,4.282599925994873
2020-02-04,USDBRL,4.246799945831299
2020-02-05,USDBRL,4.253699779510498
2020-02-06,USDBRL,4.23360013961792
2020-02-07,USDBRL,4.280799865722656
2020-02-10,USDBRL,4.320400238037109
2020-02-11,USDBRL,4.320974826812744
2020-02-12,USDBRL,4.327530860900879
2020-02-13,USDBRL,4.354499816894531
2020-02-14,USDBRL,4.346766948699951
2020-02-17,USDBRL,4.296999931335449
2020-02-18,USDBRL,4.326499938964844
2020-02-19,USDBRL,4.354800224304199
2020-02-20,USDBRL,4.363999843597412
2020-02-21,USDBRL,4.392300128936768
2020-02-24,USDBRL,4.389800071716309
2020-02-25,USDBRL,4.386600017547607
2020-02-26,USDBRL,4.3867998123168945
2020-02-27,USDBRL,4.449100017547607
2020-02-28,USDBRL,4.484799861907959
2020-03-02,USDBRL,4.441299915313721
2020-03-03,USDBRL,4.472400188446045
2020-03-04,USDBRL,4.513199806213379
2020-03-05,USDBRL,4.583399772644043
2020-03-06,USDBRL,4.606200218200684
2020-03-09,USDBRL,4.589799880981445
2020-03-10,USDBRL,4.722899913787842
2020-03-11,USDBRL,4.642099857330322
2020-03-12,USDBRL,4.813799858093262
2020-03-13,USDBRL,4.790200233459473
2020-03-16,USDBRL,4.85260009765625
2020-03-17,USDBRL,4.999000072479248
2020-03-18,USDBRL,5.009699821472168
2020-03-19,USDBRL,5.103961944580078
2020-03-20,USDBRL,5.094200134277344
2020-03-23,USDBRL,5.045499801635742
2020-03-24,USDBRL,5.14169979095459
2020-03-25,USDBRL,5.098100185394287
2020-03-26,USDBRL,5.033699989318848
2020-03-27,USDBRL,5.022600173950195
2020-03-30,USDBRL,5.104629039764404
2020-03-31,USDBRL,5.192699909210205
2020-04-01,USDBRL,5.203499794006348
2020-04-02,USDBRL,5.248199939727783
2020-04-03,USDBRL,5.255300045013428
2020-04-06,USDBRL,5.348499774932861
2020-04-07,USDBRL,5.285299777984619
2020-04-08,USDBRL,5.221700191497803
2020-04-09,USDBRL,5.123499870300293
2020-04-10,USDBRL,5.105800151824951
2020-04-13,USDBRL,5.105500221252441
2020-04-14,USDBRL,5.198500156402588
2020-04-15,USDBRL,5.1620001792907715
2020-04-16,USDBRL,5.236999988555908
2020-04-17,USDBRL,5.230899810791016
2020-04-20,USDBRL,5.232699871063232
2020-04-21,USDBRL,5.315400123596191
2020-04-22,USDBRL,5.315000057220459
2020-04-23,USDBRL,5.456900119781494
2020-04-24,USDBRL,5.533100128173828
2020-04-27,USDBRL,5.5725998878479
2020-04-28,USDBRL,5.652599811553955
2020-04-29,USDBRL,5.497399806976318
2020-04-30,USDBRL,5.334799766540527
2020-05-01,USDBRL,5.486000061035156
2020-05-04,USDBRL,5.4770002365112305
2020-05-05,USDBRL,5.540599822998047
2020-05-06,USDBRL,5.578100204467773
2020-05-07,USDBRL,5.715199947357178
2020-05-08,USDBRL,5.828719139099121
2020-05-11,USDBRL,5.4770002365112305
2020-05-12,USDBRL,5.8171000480651855
2020-05-13,USDBRL,5.884799957275391
2020-05-14,USDBRL,5.88640022277832
2020-05-15,USDBRL,5.8094000816345215
2020-05-18,USDBRL,5.855199813842773
2020-05-19,USDBRL,5.718999862670898
2020-05-20,USDBRL,5.755199909210205
2020-05-21,USDBRL,5.690499782562256
2020-05-22,USDBRL,5.5524001121521
2020-05-25,USDBRL,5.52869987487793
2020-05-26,USDBRL,5.443399906158447
2020-05-27,USDBRL,5.343999862670898
2020-05-28,USDBRL,5.27269983291626
2020-05-29,USDBRL,5.403600215911865
2020-06-01,USDBRL,5.334799766540527
2020-06-02,USDBRL,5.366499900817871
2020-06-03,USDBRL,5.1992998123168945
2020-06-04,USDBRL,5.061600208282471
2020-06-05,USDBRL,5.117199897766113
2020-06-08,USDBRL,4.959499835968018
2020-06-09,USDBRL,4.821599960327148
2020-06-10,USDBRL,4.898399829864502
2020-06-11,USDBRL,4.9721999168396
2020-06-12,USDBRL,4.974999904632568
2020-06-15,USDBRL,5.047800064086914
2020-06-16,USDBRL,5.153206825256348
2020-06-17,USDBRL,5.243599891662598
2020-06-18,USDBRL,5.22790002822876
2020-06-19,USDBRL,5.377200126647949
2020-06-22,USDBRL,5.309999942779541
2020-06-23,USDBRL,5.2519001960754395
2020-06-24,USDBRL,5.151000022888184
2020-06-25,USDBRL,5.34660005569458
2020-06-26,USDBRL,5.359499931335449
2020-06-29,USDBRL,5.480899810791016
2020-06-30,USDBRL,5.402100086212158
2020-07-01,USDBRL,5.461699962615967
2020-07-02,USDBRL,5.316199779510498
2020-07-03,USDBRL,5.35890007019043
2020-07-06,USDBRL,5.311399936676025
2020-07-07,USDBRL,5.354300022125244
2020-07-08,USDBRL,5.377799987792969
2020-07-09,USDBRL,5.342599868774414
2020-07-10,USDBRL,5.337800025939941
2020-07-13,USDBRL,5.326900005340576
2020-07-14,USDBRL,5.401500225067139
2020-07-15,USDBRL,5.366799831390381
2020-07-16,USDBRL,5.366948127746582
2020-07-17,USDBRL,5.330699920654297
2020-07-20,USDBRL,5.385300159454346
2020-07-21,USDBRL,5.327700138092041
2020-07-22,USDBRL,5.1697998046875
2020-07-23,USDBRL,5.118100166320801
2020-07-24,USDBRL,5.210599899291992
2020-07-27,USDBRL,5.229100227355957
2020-07-28,USDBRL,5.141421794891357
2020-07-29,USDBRL,5.152299880981445
2020-07-30,USDBRL,5.168799877166748
2020-07-31,USDBRL,5.153900146484375
2020-08-03,USDBRL,5.221199989318848
2020-08-04,USDBRL,5.318699836730957
2020-08-05,USDBRL,5.290200233459473
2020-08-06,USDBRL,5.290900230407715
2020-08-07,USDBRL,5.331299781799316
2020-08-10,USDBRL,5.43720006942749
2020-08-11,USDBRL,5.480500221252441
2020-08-12,USDBRL,5.38040018081665
2020-08-13,USDBRL,5.434999942779541
2020-08-14,USDBRL,5.367000102996826
2020-08-17,USDBRL,5.42080020904541
2020-08-18,USDBRL,5.508299827575684
2020-08-19,USDBRL,5.465400218963623
2020-08-20,USDBRL,5.556399822235107
2020-08-21,USDBRL,5.5559000968933105
2020-08-24,USDBRL,5.618599891662598
2020-08-25,USDBRL,5.610599994659424
2020-08-26,USDBRL,5.507400035858154
2020-08-27,USDBRL,5.6072001457214355
2020-08-28,USDBRL,5.568699836730957
2020-08-31,USDBRL,5.389999866485596
2020-09-01,USDBRL,5.490900039672852
2020-09-02,USDBRL,5.397299766540527
2020-09-03,USDBRL,5.338699817657471
2020-09-04,USDBRL,5.289899826049805
2020-09-07,USDBRL,5.301000118255615
2020-09-08,USDBRL,5.298299789428711
2020-09-09,USDBRL,5.360599994659424
2020-09-10,USDBRL,5.308499813079834
2020-09-11,USDBRL,5.320499897003174
2020-09-14,USDBRL,5.316199779510498
2020-09-15,USDBRL,5.2683000564575195
2020-09-16,USDBRL,5.2743000984191895
2020-09-17,USDBRL,5.236000061035156
2020-09-18,USDBRL,5.237800121307373
2020-09-21,USDBRL,5.389800071716309
2020-09-22,USDBRL,5.412600040435791
2020-09-23,USDBRL,5.469900131225586
2020-09-24,USDBRL,5.592400074005127
2020-09-25,USDBRL,5.508399963378906
2020-09-28,USDBRL,5.561100006103516
2020-09-29,USDBRL,5.660200119018555
2020-09-30,USDBRL,5.630499839782715
2020-10-01,USDBRL,5.608399868011475
2020-10-02,USDBRL,5.642000198364258
2020-10-05,USDBRL,5.681600093841553
2020-10-06,USDBRL,5.573400020599365
2020-10-07,USDBRL,5.593800067901611
2020-10-08,USDBRL,5.611299991607666
2020-10-09,USDBRL,5.598599910736084
2020-10-12,USDBRL,5.5289998054504395
2020-10-13,USDBRL,5.529699802398682
2020-10-14,USDBRL,5.56850004196167
2020-10-15,USDBRL,5.5904998779296875
2020-10-16,USDBRL,5.611199855804443
2020-10-19,USDBRL,5.644800186157227
2020-10-20,USDBRL,5.605599880218506
2020-10-21,USDBRL,5.6041998863220215
2020-10-22,USDBRL,5.607800006866455
2020-10-23,USDBRL,5.591300010681152
2020-10-26,USDBRL,5.616199970245361
2020-10-27,USDBRL,5.622700214385986
2020-10-28,USDBRL,5.7052001953125
2020-10-29,USDBRL,5.744900226593018
2020-10-30,USDBRL,5.7778000831604
2020-11-02,USDBRL,5.741399765014648
2020-11-03,USDBRL,5.741099834442139
2020-11-04,USDBRL,5.754899978637695
2020-11-05,USDBRL,5.663000106811523
2020-11-06,USDBRL,5.523399829864502
2020-11-09,USDBRL,5.36269998550415
2020-11-10,USDBRL,5.384699821472168
2020-11-11,USDBRL,5.413899898529053
2020-11-12,USDBRL,5.389999866485596
2020-11-13,USDBRL,5.456699848175049
2020-11-16,USDBRL,5.456999778747559
2020-11-17,USDBRL,5.414899826049805
2020-11-18,USDBRL,5.327199935913086
2020-11-19,USDBRL,5.361700057983398
2020-11-20,USDBRL,5.304500102996826
2020-11-23,USDBRL,5.3780999183654785
2020-11-24,USDBRL,5.4405999183654785
2020-11-25,USDBRL,5.372600078582764
2020-11-26,USDBRL,5.3225998878479
2020-11-27,USDBRL,5.335299968719482
2020-11-30,USDBRL,5.34250020980835
2020-12-01,USDBRL,5.331099987030029
2020-12-02,USDBRL,5.204899787902832
2020-12-03,USDBRL,5.216300010681152
2020-12-04,USDBRL,5.151000022888184
2020-12-07,USDBRL,5.154399871826172
2020-12-08,USDBRL,5.098299980163574
2020-12-09,USDBRL,5.119699954986572
2020-12-10,USDBRL,5.1697001457214355
2020-12-11,USDBRL,5.024199962615967
2020-12-14,USDBRL,5.064199924468994
2020-12-15,USDBRL,5.117700099945068
2020-12-16,USDBRL,5.078884124755859
2020-12-17,USDBRL,5.083199977874756
2020-12-18,USDBRL,5.0569000244140625
2020-12-21,USDBRL,5.100599765777588
2020-12-22,USDBRL,5.118937969207764
2020-12-23,USDBRL,5.1566548347473145
2020-12-24,USDBRL,5.2153000831604
2020-12-25,USDBRL,5.2153000831604
2020-12-28,USDBRL,5.2153000831604
2020-12-29,USDBRL,5.2459001541137695
2020-12-30,USDBRL,5.208600044250488
2020-12-31,USDBRL,5.190838813781738
2021-01-01,USDBRL,5.1921000480651855
2021-01-04,USDBRL,5.19189977645874
2021-01-05,USDBRL,5.295300006866455
2021-01-06,USDBRL,5.28410005569458
2021-01-07,USDBRL,5.312900066375732
2021-01-08,USDBRL,5.40880012512207
2021-01-11,USDBRL,5.4121880531311035
2021-01-12,USDBRL,5.48769998550415
2021-01-13,USDBRL,5.321400165557861
2021-01-14,USDBRL,5.297500133514404
2021-01-15,USDBRL,5.195799827575684
2021-01-18,USDBRL,5.291299819946289
2021-01-19,USDBRL,5.2947998046875
2021-01-20,USDBRL,5.3566999435424805
2021-01-21,USDBRL,5.290500164031982
2021-01-22,USDBRL,5.3495001792907715
2021-01-25,USDBRL,5.4654998779296875
2021-01-26,USDBRL,5.4654998779296875
2021-01-27,USDBRL,5.353799819946289
2021-01-28,USDBRL,5.412600040435791
2021-01-29,USDBRL,5.437989234924316
2021-02-01,USDBRL,5.4608001708984375
2021-02-02,USDBRL,5.430500030517578
2021-02-03,USDBRL,5.3668999671936035
2021-02-04,USDBRL,5.3520002365112305
2021-02-05,USDBRL,5.4257001876831055
2021-02-08,USDBRL,5.369200229644775
2021-02-09,USDBRL,5.364299774169922
2021-02-10,USDBRL,5.376699924468994
2021-02-11,USDBRL,5.384900093078613
2021-02-12,USDBRL,5.3653998374938965
2021-02-15,USDBRL,5.368599891662598
2021-02-16,USDBRL,5.368000030517578
2021-02-17,USDBRL,5.3694000244140625
2021-02-18,USDBRL,5.409800052642822
2021-02-19,USDBRL,5.42579984664917
2021-02-22,USDBRL,5.38070011138916
2021-02-23,USDBRL,5.463399887084961
2021-02-24,USDBRL,5.439599990844727
2021-02-25,USDBRL,5.402964115142822
2021-02-26,USDBRL,5.528025150299072
2021-03-01,USDBRL,5.597599983215332
2021-03-02,USDBRL,5.640699863433838
2021-03-03,USDBRL,5.675099849700928
2021-03-04,USDBRL,5.617499828338623
2021-03-05,USDBRL,5.668300151824951
2021-03-08,USDBRL,5.689499855041504
2021-03-09,USDBRL,5.874599933624268
2021-03-10,USDBRL,5.801499843597412
2021-03-11,USDBRL,5.67110013961792
2021-03-12,USDBRL,5.534800052642822
2021-03-15,USDBRL,5.4951558113098145
2021-03-16,USDBRL,5.614500045776367
2021-03-17,USDBRL,5.6234002113342285
2021-03-18,USDBRL,5.583099842071533
2021-03-19,USDBRL,5.558700084686279
2021-03-22,USDBRL,5.493563175201416
2021-03-23,USDBRL,5.505499839782715
2021-03-24,USDBRL,5.520400047302246
2021-03-25,USDBRL,5.61959981918335
2021-03-26,USDBRL,5.648399829864502
2021-03-29,USDBRL,5.752399921417236
2021-03-30,USDBRL,5.780799865722656
2021-03-31,USDBRL,5.771599769592285
2021-04-01,USDBRL,5.63129997253418
2021-04-02,USDBRL,5.707399845123291
2021-04-05,USDBRL,5.710599899291992
2021-04-06,USDBRL,5.662700176239014
2021-04-07,USDBRL,5.593200206756592
2021-04-08,USDBRL,5.612100124359131
2021-04-09,USDBRL,5.5665998458862305
2021-04-12,USDBRL,5.679299831390381
2021-04-13,USDBRL,5.7322001457214355
2021-04-14,USDBRL,5.716300010681152
2021-04-15,USDBRL,5.652900218963623
2021-04-16,USDBRL,5.614999771118164
2021-04-19,USDBRL,5.5858001708984375
2021-04-20,USDBRL,5.545300006866455
2021-04-21,USDBRL,5.56790018081665
2021-04-22,USDBRL,5.56790018081665
2021-04-23,USDBRL,5.44320011138916
2021-04-26,USDBRL,5.477200031280518
2021-04-27,USDBRL,5.435299873352051
2021-04-28,USDBRL,5.451000213623047
2021-04-29,USDBRL,5.341400146484375
2021-04-30,USDBRL,5.336400032043457
2021-05-03,USDBRL,5.439700126647949
2021-05-04,USDBRL,5.4380998611450195
2021-05-05,USDBRL,5.442599773406982
2021-05-06,USDBRL,5.352700233459473
2021-05-07,USDBRL,5.273430824279785
2021-05-10,USDBRL,5.235499858856201
2021-05-11,USDBRL,5.2221999168396
2021-05-12,USDBRL,5.221199989318848
2021-05-13,USDBRL,5.303100109100342
2021-05-14,USDBRL,5.307700157165527
2021-05-17,USDBRL,5.269499778747559
2021-05-18,USDBRL,5.271500110626221
2021-05-19,USDBRL,5.259500026702881
2021-05-20,USDBRL,5.308000087738037
2021-05-21,USDBRL,5.281300067901611
2021-05-24,USDBRL,5.361800193786621
2021-05-25,USDBRL,5.31850004196167
2021-05-26,USDBRL,5.330699920654297
2021-05-27,USDBRL,5.310500144958496
2021-05-28,USDBRL,5.2382001876831055
2021-05-31,USDBRL,5.23799991607666
2021-06-01,USDBRL,5.216599941253662
2021-06-02,USDBRL,5.149700164794922
2021-06-03,USDBRL,5.07450008392334
2021-06-04,USDBRL,5.076300144195557
2021-06-07,USDBRL,5.044600009918213
2021-06-08,USDBRL,5.045199871063232
2021-06-09,USDBRL,5.034900188446045
2021-06-10,USDBRL,5.061500072479248
2021-06-11,USDBRL,5.054500102996826
2021-06-14,USDBRL,5.117000102996826
2021-06-15,USDBRL,5.058599948883057
2021-06-16,USDBRL,5.043799877166748
2021-06-17,USDBRL,5.054299831390381
2021-06-18,USDBRL,5.007400035858154
2021-06-21,USDBRL,5.0960001945495605
2021-06-22,USDBRL,5.0131001472473145
2021-06-23,USDBRL,4.957099914550781
2021-06-24,USDBRL,4.965199947357178
2021-06-25,USDBRL,4.912700176239014
2021-06-28,USDBRL,4.91540002822876
2021-06-29,USDBRL,4.924799919128418
2021-06-30,USDBRL,4.955100059509277
2021-07-01,USDBRL,4.969200134277344
2021-07-02,USDBRL,5.045102119445801
2021-07-05,USDBRL,5.059199810028076
2021-07-06,USDBRL,5.088459014892578
2021-07-07,USDBRL,5.195300102233887
2021-07-08,USDBRL,5.231200218200684
2021-07-09,USDBRL,5.257999897003174
2021-07-12,USDBRL,5.257900238037109
2021-07-13,USDBRL,5.172699928283691
2021-07-14,USDBRL,5.162399768829346
2021-07-15,USDBRL,5.069900035858154
2021-07-16,USDBRL,5.110000133514404
2021-07-19,USDBRL,5.1153998374938965
2021-07-20,USDBRL,5.250899791717529
2021-07-21,USDBRL,5.219900131225586
2021-07-22,USDBRL,5.187300205230713
2021-07-23,USDBRL,5.1996002197265625
2021-07-26,USDBRL,5.19789981842041
2021-07-27,USDBRL,5.1753997802734375
2021-07-28,USDBRL,5.169099807739258
2021-07-29,USDBRL,5.114799976348877
2021-07-30,USDBRL,5.080399990081787
2021-08-02,USDBRL,5.208700180053711
2021-08-03,USDBRL,5.174600124359131
2021-08-04,USDBRL,5.196800231933594
2021-08-05,USDBRL,5.1682000160217285
2021-08-06,USDBRL,5.245200157165527
2021-08-09,USDBRL,5.23199987411499
2021-08-10,USDBRL,5.231800079345703
2021-08-11,USDBRL,5.188300132751465
2021-08-12,USDBRL,5.218200206756592
2021-08-13,USDBRL,5.252200126647949
2021-08-16,USDBRL,5.247499942779541
2021-08-17,USDBRL,5.259699821472168
2021-08-18,USDBRL,5.294300079345703
2021-08-19,USDBRL,5.378600120544434
2021-08-20,USDBRL,5.414100170135498
2021-08-23,USDBRL,5.379000186920166
2021-08-24,USDBRL,5.379899978637695
2021-08-25,USDBRL,5.245800018310547
2021-08-26,USDBRL,5.210999965667725
2021-08-27,USDBRL,5.2515997886657715
2021-08-30,USDBRL,5.2027997970581055
2021-08-31,USDBRL,5.1828999519348145
2021-09-01,USDBRL,5.1493000984191895
2021-09-02,USDBRL,5.184599876403809
2021-09-03,USDBRL,5.18179988861084
2021-09-06,USDBRL,5.189799785614014
2021-09-07,USDBRL,5.169300079345703
2021-09-08,USDBRL,5.169600009918213
2021-09-09,USDBRL,5.3206000328063965
2021-09-10,USDBRL,5.196499824523926
2021-09-13,USDBRL,5.247000217437744
2021-09-14,USDBRL,5.213200092315674
2021-09-15,USDBRL,5.238900184631348
2021-09-16,USDBRL,5.221700191497803
2021-09-17,USDBRL,5.256800174713135
2021-09-20,USDBRL,5.289700031280518
2021-09-21,USDBRL,5.323200225830078
2021-09-22,USDBRL,5.268899917602539
2021-09-23,USDBRL,5.287700176239014
2021-09-24,USDBRL,5.3018999099731445
2021-09-27,USDBRL,5.336999893188477
2021-09-28,USDBRL,5.390399932861328
2021-09-29,USDBRL,5.427599906921387
2021-09-30,USDBRL,5.414299964904785
2021-10-01,USDBRL,5.441699981689453
2021-10-04,USDBRL,5.3678998947143555
2021-10-05,USDBRL,5.453199863433838
2021-10-06,USDBRL,5.475500106811523
2021-10-07,USDBRL,5.4918999671936035
2021-10-08,USDBRL,5.517000198364258
2021-10-11,USDBRL,5.506899833679199
2021-10-12,USDBRL,5.535999774932861
2021-10-13,USDBRL,5.531499862670898
2021-10-14,USDBRL,5.512499809265137
2021-10-15,USDBRL,5.512199878692627
2021-10-18,USDBRL,5.458399772644043
2021-10-19,USDBRL,5.511300086975098
2021-10-20,USDBRL,5.5833001136779785
2021-10-21,USDBRL,5.59630012512207
2021-10-22,USDBRL,5.657800197601318
2021-10-25,USDBRL,5.649199962615967
2021-10-26,USDBRL,5.5543999671936035
2021-10-27,USDBRL,5.564799785614014
2021-10-28,USDBRL,5.534999847412109
2021-10-29,USDBRL,5.644899845123291
2021-11-01,USDBRL,5.633699893951416
2021-11-02,USDBRL,5.678899765014648
2021-11-03,USDBRL,5.678599834442139
2021-11-04,USDBRL,5.5524001121521
2021-11-05,USDBRL,5.6016998291015625
2021-11-08,USDBRL,5.541100025177002
2021-11-09,USDBRL,5.543099880218506
2021-11-10,USDBRL,5.479100227355957
2021-11-11,USDBRL,5.4899001121521
2021-11-12,USDBRL,5.3979997634887695
2021-11-15,USDBRL,5.457600116729736
2021-11-16,USDBRL,5.456299781799316
2021-11-17,USDBRL,5.502200126647949
2021-11-18,USDBRL,5.52869987487793
2021-11-19,USDBRL,5.556399822235107
2021-11-22,USDBRL,5.611599922180176
2021-11-23,USDBRL,5.585599899291992
2021-11-24,USDBRL,5.570400238037109
2021-11-25,USDBRL,5.605199813842773
2021-11-26,USDBRL,5.565100193023682
2021-11-29,USDBRL,5.607800006866455
2021-11-30,USDBRL,5.6006999015808105
2021-12-01,USDBRL,5.620871067047119
2021-12-02,USDBRL,5.6915669441223145
2021-12-03,USDBRL,5.643321990966797
2021-12-06,USDBRL,5.65009880065918
2021-12-07,USDBRL,5.688000202178955
2021-12-08,USDBRL,5.611800193786621
2021-12-09,USDBRL,5.531599998474121
2021-12-10,USDBRL,5.571100234985352
2021-12-13,USDBRL,5.60866117477417
2021-12-14,USDBRL,5.679699897766113
2021-12-15,USDBRL,5.680600166320801
2021-12-16,USDBRL,5.6793999671936035
2021-12-17,USDBRL,5.687399864196777
2021-12-20,USDBRL,5.693059921264648
2021-12-21,USDBRL,5.741300106048584
2021-12-22,USDBRL,5.74399995803833
2021-12-23,USDBRL,5.6529998779296875
2021-12-24,USDBRL,5.671795845031738
2021-12-27,USDBRL,5.67110013961792
2021-12-28,USDBRL,5.624100208282471
2021-12-29,USDBRL,5.627500057220459
2021-12-30,USDBRL,5.702700138092041
2021-12-31,USDBRL,5.570199966430664
2022-01-03,USDBRL,5.569300174713135
2022-01-04,USDBRL,5.68120002746582
2022-01-05,USDBRL,5.676199913024902
2022-01-06,USDBRL,5.705635070800781
2022-01-07,USDBRL,5.682400226593018
2022-01-10,USDBRL,5.632199764251709
2022-01-11,USDBRL,5.662199974060059
2022-01-12,USDBRL,5.567299842834473
2022-01-13,USDBRL,5.533199787139893
2022-01-14,USDBRL,5.526700019836426
2022-01-17,USDBRL,5.533299922943115
2022-01-18,USDBRL,5.5157999992370605
2022-01-19,USDBRL,5.565700054168701
2022-01-20,USDBRL,5.43720006942749
2022-01-21,USDBRL,5.418099880218506
2022-01-24,USDBRL,5.457099914550781
2022-01-25,USDBRL,5.486100196838379
2022-01-26,USDBRL,5.440703868865967
2022-01-27,USDBRL,5.429166793823242
2022-01-28,USDBRL,5.40348482131958
2022-01-31,USDBRL,5.362599849700928
2022-02-01,USDBRL,5.303100109100342
2022-02-02,USDBRL,5.264500141143799
2022-02-03,USDBRL,5.260900020599365
2022-02-04,USDBRL,5.282899856567383
2022-02-07,USDBRL,5.326900005340576
2022-02-08,USDBRL,5.262599945068359
2022-02-09,USDBRL,5.258399963378906
2022-02-10,USDBRL,5.234499931335449
2022-02-11,USDBRL,5.248700141906738
2022-02-14,USDBRL,5.249956130981445
2022-02-15,USDBRL,5.214000225067139
2022-02-16,USDBRL,5.157899856567383
2022-02-17,USDBRL,5.135799884796143
2022-02-18,USDBRL,5.170599937438965
2022-02-21,USDBRL,5.137499809265137
2022-02-22,USDBRL,5.102700233459473
2022-02-23,USDBRL,5.05709981918335
2022-02-24,USDBRL,5.008699893951416
2022-02-25,USDBRL,5.122200012207031
2022-02-28,USDBRL,5.15939998626709
2022-03-01,USDBRL,5.158400058746338
2022-03-02,USDBRL,5.158999919891357
2022-03-03,USDBRL,5.096502780914307
2022-03-04,USDBRL,5.030900001525879
2022-03-07,USDBRL,5.06056022644043
2022-03-08,USDBRL,5.110499858856201
2022-03-09,USDBRL,5.058800220489502
2022-03-10,USDBRL,5.011499881744385
2022-03-11,USDBRL,5.009699821472168
2022-03-14,USDBRL,5.073500156402588
2022-03-15,USDBRL,5.121399879455566
2022-03-16,USDBRL,5.1631999015808105
2022-03-17,USDBRL,5.0738749504089355
2022-03-18,USDBRL,5.039400100708008
2022-03-21,USDBRL,5.0177998542785645
2022-03-22,USDBRL,4.935200214385986
2022-03-23,USDBRL,4.909999847412109
2022-03-24,USDBRL,4.82420015335083
2022-03-25,USDBRL,4.826300144195557
2022-03-28,USDBRL,4.7368998527526855
2022-03-29,USDBRL,4.764100074768066
2022-03-30,USDBRL,4.756199836730957
2022-03-31,USDBRL,4.769700050354004
2022-04-01,USDBRL,4.737800121307373
2022-04-04,USDBRL,4.657199859619141
2022-04-05,USDBRL,4.593800067901611
2022-04-06,USDBRL,4.650700092315674
2022-04-07,USDBRL,4.715199947357178
2022-04-08,USDBRL,4.752099990844727
2022-04-11,USDBRL,4.6981000900268555
2022-04-12,USDBRL,4.693600177764893
2022-04-13,USDBRL,4.673099994659424
2022-04-14,USDBRL,4.690199851989746
2022-04-15,USDBRL,4.701000213623047
2022-04-18,USDBRL,4.7006001472473145
2022-04-19,USDBRL,4.6519999504089355
2022-04-20,USDBRL,4.664999961853027
2022-04-21,USDBRL,4.620800018310547
2022-04-22,USDBRL,4.620800018310547
2022-04-25,USDBRL,4.795199871063232
2022-04-26,USDBRL,4.876200199127197
2022-04-27,USDBRL,4.997799873352051
2022-04-28,USDBRL,4.963600158691406
2022-04-29,USDBRL,4.93779993057251
2022-05-02,USDBRL,4.97130012512207
2022-05-03,USDBRL,5.084700107574463
2022-05-04,USDBRL,4.958099842071533
2022-05-05,USDBRL,4.918799877166748
2022-05-06,USDBRL,5.0279998779296875
2022-05-09,USDBRL,5.080399990081787
2022-05-10,USDBRL,5.160900115966797
2022-05-11,USDBRL,5.13129997253418
2022-05-12,USDBRL,5.134252071380615
2022-05-13,USDBRL,5.133399963378906
2022-05-16,USDBRL,5.058300018310547
2022-05-17,USDBRL,5.059700012207031
2022-05-18,USDBRL,4.9380998611450195
2022-05-19,USDBRL,4.96750020980835
2022-05-20,USDBRL,4.929999828338623
2022-05-23,USDBRL,4.880199909210205
2022-05-24,USDBRL,4.813499927520752
2022-05-25,USDBRL,4.817800045013428
2022-05-26,USDBRL,4.822800159454346
2022-05-27,USDBRL,4.768199920654297
2022-05-30,USDBRL,4.729599952697754
2022-05-31,USDBRL,4.752399921417236
2022-06-01,USDBRL,4.730400085449219
2022-06-02,USDBRL,4.815499782562256
2022-06-03,USDBRL,4.7957000732421875
2022-06-06,USDBRL,4.775000095367432
2022-06-07,USDBRL,4.7941999435424805
2022-06-08,USDBRL,4.867526054382324
2022-06-09,USDBRL,4.898099899291992
2022-06-10,USDBRL,4.903299808502197
2022-06-13,USDBRL,4.984000205993652
2022-06-14,USDBRL,5.113399982452393
2022-06-15,USDBRL,5.116099834442139
2022-06-16,USDBRL,5.052000045776367
2022-06-17,USDBRL,5.052199840545654
2022-06-20,USDBRL,5.152100086212158
2022-06-21,USDBRL,5.18720006942749
2022-06-22,USDBRL,5.122799873352051
2022-06-23,USDBRL,5.193600177764893
2022-06-24,USDBRL,5.23799991607666
2022-06-27,USDBRL,5.241399765014648
2022-06-28,USDBRL,5.236800193786621
2022-06-29,USDBRL,5.266600131988525
2022-06-30,USDBRL,5.1809000968933105
2022-07-01,USDBRL,5.251999855041504
2022-07-04,USDBRL,5.330999851226807
2022-07-05,USDBRL,5.3282999992370605
2022-07-06,USDBRL,5.385200023651123
2022-07-07,USDBRL,5.427999973297119
2022-07-08,USDBRL,5.338200092315674
2022-07-11,USDBRL,5.254000186920166
2022-07-12,USDBRL,5.377200126647949
2022-07-13,USDBRL,5.436500072479248
2022-07-14,USDBRL,5.390900135040283
2022-07-15,USDBRL,5.422800064086914
2022-07-18,USDBRL,5.410099983215332
2022-07-19,USDBRL,5.436800003051758
2022-07-20,USDBRL,5.413099765777588
2022-07-21,USDBRL,5.470200061798096
2022-07-22,USDBRL,5.497799873352051
2022-07-25,USDBRL,5.496699810028076
2022-07-26,USDBRL,5.356299877166748
2022-07-27,USDBRL,5.350100040435791
2022-07-28,USDBRL,5.243000030517578
2022-07-29,USDBRL,5.182700157165527
2022-08-01,USDBRL,5.171199798583984
2022-08-02,USDBRL,5.184000015258789
2022-08-03,USDBRL,5.277699947357178
2022-08-04,USDBRL,5.282700061798096
2022-08-05,USDBRL,5.211100101470947
2022-08-08,USDBRL,5.164599895477295
2022-08-09,USDBRL,5.110099792480469
2022-08-10,USDBRL,5.123700141906738
2022-08-11,USDBRL,5.093699932098389
2022-08-12,USDBRL,5.1570000648498535
2022-08-15,USDBRL,5.074900150299072
2022-08-16,USDBRL,5.095600128173828
2022-08-17,USDBRL,5.1417388916015625
2022-08-18,USDBRL,5.164999961853027
2022-08-19,USDBRL,5.166999816894531
2022-08-22,USDBRL,5.168399810791016
2022-08-23,USDBRL,5.156099796295166
2022-08-24,USDBRL,5.103499889373779
2022-08-25,USDBRL,5.110099792480469
2022-08-26,USDBRL,5.108699798583984
2022-08-29,USDBRL,5.0625
2022-08-30,USDBRL,5.027200222015381
2022-08-31,USDBRL,5.1219000816345215
2022-09-01,USDBRL,5.181700229644775
2022-09-02,USDBRL,5.2403998374938965
2022-09-05,USDBRL,5.171000003814697
2022-09-06,USDBRL,5.153900146484375
2022-09-07,USDBRL,5.247200012207031
2022-09-08,USDBRL,5.246699810028076
2022-09-09,USDBRL,5.2133002281188965
2022-09-12,USDBRL,5.146299839019775
2022-09-13,USDBRL,5.0920000076293945
2022-09-14,USDBRL,5.189799785614014
2022-09-15,USDBRL,5.162700176239014
2022-09-16,USDBRL,5.246099948883057
2022-09-19,USDBRL,5.250699996948242
2022-09-20,USDBRL,5.170899868011475
2022-09-21,USDBRL,5.141499996185303
2022-09-22,USDBRL,5.170400142669678
2022-09-23,USDBRL,5.115499973297119
2022-09-26,USDBRL,5.258800029754639
2022-09-27,USDBRL,5.389400005340576
2022-09-28,USDBRL,5.3780999183654785
2022-09-29,USDBRL,5.374199867248535
2022-09-30,USDBRL,5.396200180053711
2022-10-03,USDBRL,5.414299964904785
2022-10-04,USDBRL,5.16349983215332
2022-10-05,USDBRL,5.17579984664917
2022-10-06,USDBRL,5.195199966430664
2022-10-07,USDBRL,5.220099925994873
2022-10-10,USDBRL,5.198400020599365
2022-10-11,USDBRL,5.186800003051758
2022-10-12,USDBRL,5.292099952697754
2022-10-13,USDBRL,5.291500091552734
2022-10-14,USDBRL,5.259799957275391
2022-10-17,USDBRL,5.327400207519531
2022-10-18,USDBRL,5.2773590087890625
2022-10-19,USDBRL,5.239799976348877
2022-10-20,USDBRL,5.269199848175049
2022-10-21,USDBRL,5.216599941253662
2022-10-24,USDBRL,5.163400173187256
2022-10-25,USDBRL,5.30620002746582
2022-10-26,USDBRL,5.315199851989746
2022-10-27,USDBRL,5.383900165557861
2022-10-28,USDBRL,5.339200019836426
2022-10-31,USDBRL,5.28849983215332
2022-11-01,USDBRL,5.178800106048584
2022-11-02,USDBRL,5.142399787902832
2022-11-03,USDBRL,5.142600059509277
2022-11-04,USDBRL,5.1149001121521
2022-11-07,USDBRL,5.078132152557373
2022-11-08,USDBRL,5.153326988220215
2022-11-09,USDBRL,5.14300012588501
2022-11-10,USDBRL,5.185200214385986
2022-11-11,USDBRL,5.341579914093018
2022-11-14,USDBRL,5.279058933258057
2022-11-15,USDBRL,5.331200122833252
2022-11-16,USDBRL,5.331699848175049
2022-11-17,USDBRL,5.39900016784668
2022-11-18,USDBRL,5.422100067138672
2022-11-21,USDBRL,5.38129997253418
2022-11-22,USDBRL,5.318600177764893
2022-11-23,USDBRL,5.357699871063232
2022-11-24,USDBRL,5.35830020904541
2022-11-25,USDBRL,5.320000171661377
2022-11-28,USDBRL,5.4085001945495605
2022-11-29,USDBRL,5.364699840545654
2022-11-30,USDBRL,5.268199920654297
2022-12-01,USDBRL,5.181589126586914
2022-12-02,USDBRL,5.183599948883057
2022-12-05,USDBRL,5.2179999351501465
2022-12-06,USDBRL,5.28000020980835
2022-12-07,USDBRL,5.234000205993652
2022-12-08,USDBRL,5.203999996185303
2022-12-09,USDBRL,5.224299907684326
2022-12-12,USDBRL,5.235000133514404
2022-12-13,USDBRL,5.321300029754639
2022-12-14,USDBRL,5.292799949645996
2022-12-15,USDBRL,5.277200222015381
2022-12-16,USDBRL,5.311800003051758
2022-12-19,USDBRL,5.306509017944336
2022-12-20,USDBRL,5.291600227355957
2022-12-21,USDBRL,5.198400020599365
2022-12-22,USDBRL,5.199900150299072
2022-12-23,USDBRL,5.165599822998047
2022-12-26,USDBRL,5.164299964904785
2022-12-27,USDBRL,5.21750020980835
2022-12-28,USDBRL,5.292300224304199
2022-12-29,USDBRL,5.2667999267578125
2022-12-30,USDBRL,5.284599781036377
2023-01-02,USDBRL,5.2855000495910645
2023-01-03,USDBRL,5.360130786895752
2023-01-04,USDBRL,5.478499889373779
2023-01-05,USDBRL,5.430099964141846
2023-01-06,USDBRL,5.349800109863281
2023-01-09,USDBRL,5.224400043487549
2023-01-10,USDBRL,5.253699779510498
2023-01-11,USDBRL,5.198299884796143
2023-01-12,USDBRL,5.1585001945495605
2023-01-13,USDBRL,5.107699871063232
2023-01-16,USDBRL,5.080699920654297
2023-01-17,USDBRL,5.145999908447266
2023-01-18,USDBRL,5.099599838256836
2023-01-19,USDBRL,5.185299873352051
2023-01-20,USDBRL,5.172999858856201
2023-01-23,USDBRL,5.206299781799316
2023-01-24,USDBRL,5.205900192260742
2023-01-25,USDBRL,5.138400077819824
2023-01-26,USDBRL,5.072199821472168
2023-01-27,USDBRL,5.062745094299316
2023-01-30,USDBRL,5.1072001457214355
2023-01-31,USDBRL,5.1149001121521
2023-02-01,USDBRL,5.072199821472168
2023-02-02,USDBRL,5.053500175476074
2023-02-03,USDBRL,5.049200057983398
2023-02-06,USDBRL,5.149799823760986
2023-02-07,USDBRL,5.145699977874756
2023-02-08,USDBRL,5.2093000411987305
2023-02-09,USDBRL,5.19950008392334
2023-02-10,USDBRL,5.2895002365112305
2023-02-13,USDBRL,5.213482856750488
2023-02-14,USDBRL,5.158400058746338
2023-02-15,USDBRL,5.191500186920166
2023-02-16,USDBRL,5.2179999351501465
2023-02-17,USDBRL,5.216800212860107
2023-02-20,USDBRL,5.165168762207031
2023-02-21,USDBRL,5.1666998863220215
2023-02-22,USDBRL,5.166500091552734
2023-02-23,USDBRL,5.151199817657471
2023-02-24,USDBRL,5.136199951171875
2023-02-27,USDBRL,5.207799911499023
2023-02-28,USDBRL,5.199699878692627
2023-03-01,USDBRL,5.235899925231934
2023-03-02,USDBRL,5.178299903869629
2023-03-03,USDBRL,5.1996002197265625
2023-03-06,USDBRL,5.194399833679199
2023-03-07,USDBRL,5.152200222015381
2023-03-08,USDBRL,5.190000057220459
2023-03-09,USDBRL,5.144400119781494
2023-03-10,USDBRL,5.163700103759766
2023-03-13,USDBRL,5.21560001373291
2023-03-14,USDBRL,5.245699882507324
2023-03-15,USDBRL,5.251699924468994
2023-03-16,USDBRL,5.287099838256836
2023-03-17,USDBRL,5.229599952697754
2023-03-20,USDBRL,5.2778000831604
2023-03-21,USDBRL,5.2357001304626465
2023-03-22,USDBRL,5.240900039672852
2023-03-23,USDBRL,5.236100196838379
2023-03-24,USDBRL,5.2967000007629395
2023-03-27,USDBRL,5.245100021362305
2023-03-28,USDBRL,5.1971001625061035
2023-03-29,USDBRL,5.164400100708008
2023-03-30,USDBRL,5.134200096130371
2023-03-31,USDBRL,5.092700004577637
2023-04-03,USDBRL,5.062300205230713
2023-04-04,USDBRL,5.0630998611450195
2023-04-05,USDBRL,5.070700168609619
2023-04-06,USDBRL,5.033199787139893
2023-04-07,USDBRL,5.058300018310547
2023-04-10,USDBRL,5.0543999671936035
2023-04-11,USDBRL,5.065299987792969
2023-04-12,USDBRL,5.004000186920166
2023-04-13,USDBRL,4.916900157928467
2023-04-14,USDBRL,4.926700115203857
2023-04-17,USDBRL,4.908699989318848
2023-04-18,USDBRL,4.939799785614014
2023-04-19,USDBRL,4.984300136566162
2023-04-20,USDBRL,5.0742998123168945
2023-04-21,USDBRL,5.047699928283691
2023-04-24,USDBRL,5.047900199890137
2023-04-25,USDBRL,5.033400058746338
2023-04-26,USDBRL,5.053100109100342
2023-04-27,USDBRL,5.043000221252441
2023-04-28,USDBRL,4.976200103759766
2023-05-01,USDBRL,4.986000061035156
2023-05-02,USDBRL,4.9878997802734375
2023-05-03,USDBRL,5.038400173187256
2023-05-04,USDBRL,4.9944000244140625
2023-05-05,USDBRL,4.982600212097168
2023-05-08,USDBRL,4.951700210571289
2023-05-09,USDBRL,5.007999897003174
2023-05-10,USDBRL,4.985899925231934
2023-05-11,USDBRL,4.94290018081665
2023-05-12,USDBRL,4.929500102996826
2023-05-15,USDBRL,4.920199871063232
2023-05-16,USDBRL,4.887899875640869
2023-05-17,USDBRL,4.9394001960754395
2023-05-18,USDBRL,4.937699794769287
2023-05-19,USDBRL,4.964399814605713
2023-05-22,USDBRL,4.996799945831299
2023-05-23,USDBRL,4.966100215911865
2023-05-24,USDBRL,4.971199989318848
2023-05-25,USDBRL,4.958600044250488
2023-05-26,USDBRL,5.035200119018555
2023-05-29,USDBRL,4.992800235748291
2023-05-30,USDBRL,5.018099784851074
2023-05-31,USDBRL,5.034800052642822
2023-06-01,USDBRL,5.054800033569336
2023-06-02,USDBRL,5.0131001472473145
2023-06-05,USDBRL,4.956600189208984
2023-06-06,USDBRL,4.925600051879883
2023-06-07,USDBRL,4.9120001792907715
2023-06-08,USDBRL,4.922399997711182
2023-06-09,USDBRL,4.922100067138672
2023-06-12,USDBRL,4.877900123596191
2023-06-13,USDBRL,4.860599994659424
2023-06-14,USDBRL,4.861000061035156
2023-06-15,USDBRL,4.815000057220459
2023-06-16,USDBRL,4.809199810028076
2023-06-19,USDBRL,4.807000160217285
2023-06-20,USDBRL,4.776899814605713
2023-06-21,USDBRL,4.789299964904785
2023-06-22,USDBRL,4.76230001449585
2023-06-23,USDBRL,4.7697367668151855
2023-06-26,USDBRL,4.7855000495910645
2023-06-27,USDBRL,4.767300128936768
2023-06-28,USDBRL,4.810500144958496
2023-06-29,USDBRL,4.850500106811523
2023-06-30,USDBRL,4.855599880218506
2023-07-03,USDBRL,4.784200191497803
2023-07-04,USDBRL,4.80649995803833
2023-07-05,USDBRL,4.839900016784668
2023-07-06,USDBRL,4.8471999168396
2023-07-07,USDBRL,4.918700218200684
2023-07-10,USDBRL,4.8709001541137695
2023-07-11,USDBRL,4.898200035095215
2023-07-12,USDBRL,4.851500034332275
2023-07-13,USDBRL,4.81689977645874
2023-07-14,USDBRL,4.7947998046875
2023-07-17,USDBRL,4.788099765777588
2023-07-18,USDBRL,4.805799961090088
2023-07-19,USDBRL,4.809299945831299
2023-07-20,USDBRL,4.789899826049805
2023-07-21,USDBRL,4.796899795532227
2023-07-24,USDBRL,4.777400016784668
2023-07-25,USDBRL,4.725500106811523
2023-07-26,USDBRL,4.748899936676025
2023-07-27,USDBRL,4.736199855804443
2023-07-28,USDBRL,4.741600036621094
2023-07-31,USDBRL,4.723299980163574
2023-08-01,USDBRL,4.724699974060059
2023-08-02,USDBRL,4.791999816894531
2023-08-03,USDBRL,4.810400009155273
2023-08-04,USDBRL,4.916399955749512
2023-08-07,USDBRL,4.88539981842041
2023-08-08,USDBRL,4.89900016784668
2023-08-09,USDBRL,4.898600101470947
2023-08-10,USDBRL,4.901700019836426
2023-08-11,USDBRL,4.891499996185303
2023-08-14,USDBRL,4.910999774932861
2023-08-15,USDBRL,4.962100028991699
2023-08-16,USDBRL,4.9832000732421875
2023-08-17,USDBRL,4.9868998527526855
2023-08-18,USDBRL,4.975500106811523
2023-08-21,USDBRL,4.966899871826172
2023-08-22,USDBRL,4.978700160980225
2023-08-23,USDBRL,4.937099933624268
2023-08-24,USDBRL,4.855100154876709
2023-08-25,USDBRL,4.880300045013428
2023-08-28,USDBRL,4.8703999519348145
2023-08-29,USDBRL,4.872600078582764
2023-08-30,USDBRL,4.85129976272583
2023-08-31,USDBRL,4.888400077819824
2023-09-01,USDBRL,4.953800201416016
2023-09-04,USDBRL,4.97629976272583
2023-09-05,USDBRL,4.936200141906738
2023-09-06,USDBRL,4.966700077056885
2023-09-07,USDBRL,4.9770002365112305
2023-09-08,USDBRL,4.976099967956543
2023-09-11,USDBRL,4.982999801635742
2023-09-12,USDBRL,4.9293999671936035
2023-09-13,USDBRL,4.946599960327148
2023-09-14,USDBRL,4.91540002822876
2023-09-15,USDBRL,4.868199825286865
2023-09-18,USDBRL,4.867000102996826
2023-09-19,USDBRL,4.853700160980225
2023-09-20,USDBRL,4.865799903869629
2023-09-21,USDBRL,4.878799915313721
2023-09-22,USDBRL,4.934899806976318
2023-09-25,USDBRL,4.933899879455566
2023-09-26,USDBRL,4.968299865722656
2023-09-27,USDBRL,4.986199855804443
2023-09-28,USDBRL,5.042200088500977
2023-09-29,USDBRL,5.032800197601318
2023-10-02,USDBRL,5.042799949645996
2023-10-03,USDBRL,5.061500072479248
2023-10-04,USDBRL,5.166299819946289
2023-10-05,USDBRL,5.154600143432617
2023-10-06,USDBRL,5.164999961853027
2023-10-09,USDBRL,5.145699977874756
2023-10-10,USDBRL,5.135200023651123
2023-10-11,USDBRL,5.051000118255615
2023-10-12,USDBRL,5.049600124359131
2023-10-13,USDBRL,5.045899868011475
2023-10-16,USDBRL,5.0482001304626465
2023-10-17,USDBRL,5.037600040435791
2023-10-18,USDBRL,5.037399768829346
2023-10-19,USDBRL,5.056099891662598
2023-10-20,USDBRL,5.062900066375732
2023-10-23,USDBRL,5.031300067901611
2023-10-24,USDBRL,5.01230001449585
2023-10-25,USDBRL,4.991000175476074
2023-10-26,USDBRL,4.994699954986572
2023-10-27,USDBRL,4.985300064086914
2023-10-30,USDBRL,4.952030181884766
2023-10-31,USDBRL,5.04610013961792
2023-11-01,USDBRL,5.03410005569458
2023-11-02,USDBRL,4.953700065612793
2023-11-03,USDBRL,4.952899932861328
2023-11-06,USDBRL,4.899199962615967
2023-11-07,USDBRL,4.884099960327148
2023-11-08,USDBRL,4.871500015258789
2023-11-09,USDBRL,4.909299850463867
2023-11-10,USDBRL,4.933899879455566
2023-11-13,USDBRL,4.893379211425781
2023-11-14,USDBRL,4.906199932098389
2023-11-15,USDBRL,4.864500045776367
2023-11-16,USDBRL,4.860899925231934
2023-11-17,USDBRL,4.862199783325195
2023-11-20,USDBRL,4.819177150726318
2023-11-21,USDBRL,4.851799964904785
2023-11-22,USDBRL,4.8993000984191895
2023-11-23,USDBRL,4.9054999351501465
2023-11-24,USDBRL,4.902500152587891
2023-11-27,USDBRL,4.900899887084961
2023-11-28,USDBRL,4.895500183105469
2023-11-29,USDBRL,4.869800090789795
2023-11-30,USDBRL,4.904099941253662
2023-12-01,USDBRL,4.923099994659424
2023-12-04,USDBRL,4.902159214019775
2023-12-05,USDBRL,4.9430999755859375
2023-12-06,USDBRL,4.927700042724609
2023-12-07,USDBRL,4.901199817657471
2023-12-08,USDBRL,4.910099983215332
2023-12-11,USDBRL,4.893286228179932
2023-12-12,USDBRL,4.936699867248535
2023-12-13,USDBRL,4.9644999504089355
2023-12-14,USDBRL,4.918399810791016
2023-12-15,USDBRL,4.914599895477295
2023-12-18,USDBRL,4.919657230377197
2023-12-19,USDBRL,4.895899772644043
2023-12-20,USDBRL,4.866499900817871
2023-12-21,USDBRL,4.914599895477295
2023-12-22,USDBRL,4.881800174713135
2023-12-25,USDBRL,4.86984395980835
2023-12-26,USDBRL,4.869743824005127
2023-12-27,USDBRL,4.813499927520752
2023-12-28,USDBRL,4.826099872589111
2023-12-29,USDBRL,4.850200176239014
2024-01-01,USDBRL,4.850500106811523
2024-01-02,USDBRL,4.852399826049805
2024-01-03,USDBRL,4.922500133514404
2024-01-04,USDBRL,4.9191999435424805
2024-01-05,USDBRL,4.895599842071533
2024-01-08,USDBRL,4.8606672286987305
2024-01-09,USDBRL,4.86899995803833
2024-01-10,USDBRL,4.905099868774414
2024-01-11,USDBRL,4.89139986038208
2024-01-12,USDBRL,4.869699954986572
2024-01-15,USDBRL,4.85290002822876
2024-01-16,USDBRL,4.862199783325195
2024-01-17,USDBRL,4.924900054931641
2024-01-18,USDBRL,4.934000015258789
2024-01-19,USDBRL,4.92609977722168
2024-01-22,USDBRL,4.904642105102539
2024-01-23,USDBRL,4.98829984664917
2024-01-24,USDBRL,4.952199935913086
2024-01-25,USDBRL,4.932499885559082
2024-01-26,USDBRL,4.915800094604492
2024-01-29,USDBRL,4.913599967956543
2024-01-30,USDBRL,4.950200080871582
2024-01-31,USDBRL,4.950300216674805
2024-02-01,USDBRL,4.951900005340576
2024-02-02,USDBRL,4.914999961853027
2024-02-05,USDBRL,4.932938098907471
2024-02-06,USDBRL,4.9499430656433105
2024-02-07,USDBRL,4.962299823760986
2024-02-08,USDBRL,4.969299793243408
2024-02-09,USDBRL,4.9918999671936035
2024-02-12,USDBRL,4.953100204467773
2024-02-13,USDBRL,4.952199935913086
2024-02-14,USDBRL,4.952000141143799
2024-02-15,USDBRL,4.968299865722656
2024-02-16,USDBRL,4.972400188446045
2024-02-19,USDBRL,4.965099811553955
2024-02-20,USDBRL,4.956399917602539
2024-02-21,USDBRL,4.926400184631348
2024-02-22,USDBRL,4.934899806976318
2024-02-23,USDBRL,4.962399959564209
2024-02-26,USDBRL,4.993500232696533
2024-02-27,USDBRL,4.978899955749512
2024-02-28,USDBRL,4.932400226593018
2024-02-29,USDBRL,4.967299938201904
2024-03-01,USDBRL,4.969799995422363
2024-03-04,USDBRL,4.952700138092041
2024-03-05,USDBRL,4.944900035858154
2024-03-06,USDBRL,4.957099914550781
2024-03-07,USDBRL,4.943600177764893
2024-03-08,USDBRL,4.933800220489502
2024-03-11,USDBRL,4.977540016174316
2024-03-12,USDBRL,4.977399826049805
2024-03-13,USDBRL,4.968699932098389
2024-03-14,USDBRL,4.969200134277344
2024-03-15,USDBRL,4.992700099945068
2024-03-18,USDBRL,4.968047142028809
2024-03-19,USDBRL,5.029399871826172
2024-03-20,USDBRL,5.03000020980835
2024-03-21,USDBRL,4.96619987487793
2024-03-22,USDBRL,4.9745001792907715
2024-03-25,USDBRL,5.000899791717529
2024-03-26,USDBRL,4.9721999168396
2024-03-27,USDBRL,4.9756999015808105
2024-03-28,USDBRL,4.990300178527832
2024-03-29,USDBRL,5.014100074768066
2024-04-01,USDBRL,5.013199806213379
2024-04-02,USDBRL,5.053599834442139
2024-04-03,USDBRL,5.0644001960754395
2024-04-04,USDBRL,5.038599967956543
2024-04-05,USDBRL,5.057400226593018
2024-04-08,USDBRL,5.054900169372559
2024-04-09,USDBRL,5.023900032043457
2024-04-10,USDBRL,5.007599830627441
2024-04-11,USDBRL,5.066199779510498
2024-04-12,USDBRL,5.090400218963623
2024-04-15,USDBRL,5.117099761962891
2024-04-16,USDBRL,5.183700084686279
2024-04-17,USDBRL,5.2855000495910645
2024-04-18,USDBRL,5.232600212097168
2024-04-19,USDBRL,5.241700172424316
2024-04-22,USDBRL,5.206200122833252
2024-04-23,USDBRL,5.1656999588012695
2024-04-24,USDBRL,5.130499839782715
2024-04-25,USDBRL,5.145500183105469
2024-04-26,USDBRL,5.158599853515625
2024-04-29,USDBRL,5.115499973297119
2024-04-30,USDBRL,5.117000102996826
2024-05-01,USDBRL,5.193900108337402
2024-05-02,USDBRL,5.194399833679199
2024-05-03,USDBRL,5.110300064086914
2024-05-06,USDBRL,5.070899963378906
2024-05-07,USDBRL,5.074900150299072
2024-05-08,USDBRL,5.073299884796143
2024-05-09,USDBRL,5.087900161743164
2024-05-10,USDBRL,5.1407999992370605
2024-05-13,USDBRL,5.123260021209717
2024-05-14,USDBRL,5.154200077056885
2024-05-15,USDBRL,5.127799987792969
2024-05-16,USDBRL,5.133600234985352
2024-05-17,USDBRL,5.128600120544434
2024-05-20,USDBRL,5.1020002365112305
2024-05-21,USDBRL,5.103099822998047
2024-05-22,USDBRL,5.1219000816345215
2024-05-23,USDBRL,5.151100158691406
2024-05-24,USDBRL,5.143099784851074
2024-05-27,USDBRL,5.1697998046875
2024-05-28,USDBRL,5.1717000007629395
2024-05-29,USDBRL,5.161300182342529
2024-05-30,USDBRL,5.202099800109863
2024-05-31,USDBRL,5.202099800109863
2024-06-03,USDBRL,5.2444000244140625
2024-06-04,USDBRL,5.249000072479248
2024-06-05,USDBRL,5.287700176239014
2024-06-06,USDBRL,5.3003997802734375
2024-06-07,USDBRL,5.2571001052856445
2024-06-10,USDBRL,5.270441055297852
2024-06-11,USDBRL,5.352799892425537
2024-06-12,USDBRL,5.3649001121521
2024-06-13,USDBRL,5.401000022888184
2024-06-14,USDBRL,5.361599922180176
2024-06-17,USDBRL,5.3572001457214355
2024-06-18,USDBRL,5.423999786376953
2024-06-19,USDBRL,5.439899921417236
2024-06-20,USDBRL,5.422399997711182
2024-06-21,USDBRL,5.452400207519531
2024-06-24,USDBRL,5.426126003265381
2024-06-25,USDBRL,5.3892998695373535
2024-06-26,USDBRL,5.450699806213379
2024-06-27,USDBRL,5.522500038146973
2024-06-28,USDBRL,5.500500202178955
2024-07-01,USDBRL,5.591899871826172
2024-07-02,USDBRL,5.65500020980835
2024-07-03,USDBRL,5.67549991607666
2024-07-04,USDBRL,5.5553998947143555
2024-07-05,USDBRL,5.486400127410889
2024-07-08,USDBRL,5.471290111541748
2024-07-09,USDBRL,5.470399856567383
2024-07-10,USDBRL,5.417099952697754
2024-07-11,USDBRL,5.414700031280518
2024-07-12,USDBRL,5.438000202178955
2024-07-15,USDBRL,5.422800064086914
2024-07-16,USDBRL,5.446800231933594
2024-07-17,USDBRL,5.424300193786621
2024-07-18,USDBRL,5.48769998550415
2024-07-19,USDBRL,5.5432000160217285
2024-07-22,USDBRL,5.520872116088867
2024-07-23,USDBRL,5.570700168609619
2024-07-24,USDBRL,5.585299968719482
2024-07-25,USDBRL,5.653600215911865
2024-07-26,USDBRL,5.643099784851074
2024-07-29,USDBRL,5.622840881347656
2024-07-30,USDBRL,5.614500045776367
2024-07-31,USDBRL,5.611100196838379
2024-08-01,USDBRL,5.656599998474121
2024-08-02,USDBRL,5.7505998611450195
2024-08-05,USDBRL,5.7266998291015625
2024-08-06,USDBRL,5.720900058746338
2024-08-07,USDBRL,5.6554999351501465
2024-08-08,USDBRL,5.635799884796143
2024-08-09,USDBRL,5.54610013961792
2024-08-12,USDBRL,5.50629997253418
2024-08-13,USDBRL,5.4918999671936035
2024-08-14,USDBRL,5.455699920654297
2024-08-15,USDBRL,5.468900203704834
2024-08-16,USDBRL,5.484899997711182
2024-08-19,USDBRL,5.47130012512207
2024-08-20,USDBRL,5.405600070953369
2024-08-21,USDBRL,5.478099822998047
2024-08-22,USDBRL,5.482500076293945
2024-08-23,USDBRL,5.59089994430542
2024-08-26,USDBRL,5.485400199890137
2024-08-27,USDBRL,5.495699882507324
2024-08-28,USDBRL,5.507900238037109
2024-08-29,USDBRL,5.56220006942749
2024-08-30,USDBRL,5.627699851989746
2024-09-02,USDBRL,5.6092000007629395
2024-09-03,USDBRL,5.615099906921387
2024-09-04,USDBRL,5.647500038146973
2024-09-05,USDBRL,5.642000198364258
2024-09-06,USDBRL,5.567500114440918
2024-09-09,USDBRL,5.59660005569458
2024-09-10,USDBRL,5.5843000411987305
2024-09-11,USDBRL,5.662899971008301
2024-09-12,USDBRL,5.667399883270264
2024-09-13,USDBRL,5.625699996948242
2024-09-16,USDBRL,5.612370014190674
2024-09-17,USDBRL,5.503900051116943
2024-09-18,USDBRL,5.4816999435424805
2024-09-19,USDBRL,5.460999965667725
2024-09-20,USDBRL,5.423900127410889
2024-09-23,USDBRL,5.513599872589111
2024-09-24,USDBRL,5.536099910736084
2024-09-25,USDBRL,5.449699878692627
2024-09-26,USDBRL,5.473800182342529
2024-09-27,USDBRL,5.436699867248535
2024-09-30,USDBRL,5.433199882507324
2024-10-01,USDBRL,5.448500156402588
2024-10-02,USDBRL,5.423999786376953
2024-10-03,USDBRL,5.440299987792969
2024-10-04,USDBRL,5.47629976272583
2024-10-07,USDBRL,5.4542999267578125
2024-10-08,USDBRL,5.494200229644775
2024-10-09,USDBRL,5.5346999168396
2024-10-10,USDBRL,5.596099853515625
2024-10-11,USDBRL,5.581699848175049
2024-10-14,USDBRL,5.610599994659424
2024-10-15,USDBRL,5.594699859619141
2024-10-16,USDBRL,5.6519999504089355
2024-10-17,USDBRL,5.668000221252441
2024-10-18,USDBRL,5.651800155639648
2024-10-21,USDBRL,5.635900020599365
2024-10-22,USDBRL,5.6880998611450195
2024-10-23,USDBRL,5.689300060272217
2024-10-24,USDBRL,5.686500072479248
2024-10-25,USDBRL,5.664000034332275
2024-10-28,USDBRL,5.685812950134277
2024-10-29,USDBRL,5.71019983291626
2024-10-30,USDBRL,5.760000228881836
2024-10-31,USDBRL,5.76230001449585
2024-11-01,USDBRL,5.789400100708008
2024-11-04,USDBRL,5.677525997161865
2024-11-05,USDBRL,5.790599822998047
2024-11-06,USDBRL,5.739799976348877
2024-11-07,USDBRL,5.674799919128418
2024-11-08,USDBRL,5.690999984741211
2024-11-11,USDBRL,5.736400127410889
2024-11-12,USDBRL,5.75540018081665
2024-11-13,USDBRL,5.748199939727783
2024-11-14,USDBRL,5.8059000968933105
2024-11-15,USDBRL,5.788300037384033
2024-11-18,USDBRL,5.794600009918213
2024-11-19,USDBRL,5.746399879455566
2024-11-20,USDBRL,5.7718000411987305
2024-11-21,USDBRL,5.770699977874756
2024-11-22,USDBRL,5.8140997886657715
2024-11-25,USDBRL,5.799300193786621
2024-11-26,USDBRL,5.7972002029418945
2024-11-27,USDBRL,5.809599876403809
2024-11-28,USDBRL,5.937399864196777
2024-11-29,USDBRL,6.013899803161621
2024-12-02,USDBRL,5.973199844360352
2024-12-03,USDBRL,6.05679988861084
2024-12-04,USDBRL,6.043099880218506
2024-12-05,USDBRL,6.03879976272583
2024-12-06,USDBRL,6.010300159454346
2024-12-09,USDBRL,6.0883002281188965
2024-12-10,USDBRL,6.076600074768066
2024-12-11,USDBRL,6.045300006866455
2024-12-12,USDBRL,5.952700138092041
2024-12-13,USDBRL,5.996099948883057
2024-12-16,USDBRL,6.040900230407715
2024-12-17,USDBRL,6.147299766540527
2024-12-18,USDBRL,6.1031999588012695
2024-12-19,USDBRL,6.288899898529053
2024-12-20,USDBRL,6.151599884033203
2024-12-23,USDBRL,6.084199905395508
2024-12-24,USDBRL,6.193900108337402
2024-12-25,USDBRL,6.175600051879883
2024-12-26,USDBRL,6.182799816131592
2024-12-27,USDBRL,6.148499965667725
2024-12-30,USDBRL,6.193699836730957
2024-12-31,USDBRL,6.1778998374938965
2025-01-02,USDBRL,6.300000190734863
2025-01-03,USDBRL,6.151000022888184
2025-01-06,USDBRL,6.180699825286865
2025-01-07,USDBRL,6.115499973297119
2025-01-08,USDBRL,6.100900173187256
2025-01-09,USDBRL,6.105800151824951
2025-01-10,USDBRL,6.034599781036377
2025-01-13,USDBRL,6.105899810791016
2025-01-14,USDBRL,6.093400001525879
2025-01-15,USDBRL,6.054800033569336
2025-01-16,USDBRL,6.012199878692627
2025-01-17,USDBRL,6.049900054931641
2025-01-20,USDBRL,6.066163063049316
2025-01-21,USDBRL,6.029799938201904
2025-01-22,USDBRL,6.020500183105469
2025-01-23,USDBRL,5.940299987792969
2025-01-24,USDBRL,5.923999786376953
2025-01-27,USDBRL,5.90910005569458
2025-01-28,USDBRL,5.892600059509277
2025-01-29,USDBRL,5.856100082397461
2025-01-30,USDBRL,5.8566999435424805
2025-01-31,USDBRL,5.874499797821045
2025-02-03,USDBRL,5.84060001373291
2025-02-04,USDBRL,5.80620002746582
2025-02-05,USDBRL,5.7571001052856445
2025-02-06,USDBRL,5.8028998374938965
2025-02-07,USDBRL,5.760499954223633
2025-02-10,USDBRL,5.803199768066406
2025-02-11,USDBRL,5.786900043487549
2025-02-12,USDBRL,5.764500141143799
2025-02-13,USDBRL,5.764400005340576
2025-02-14,USDBRL,5.766900062561035
2025-02-17,USDBRL,5.701200008392334
2025-02-18,USDBRL,5.712100028991699
2025-02-19,USDBRL,5.688600063323975
2025-02-20,USDBRL,5.720300197601318
2025-02-21,USDBRL,5.701300144195557
2025-02-24,USDBRL,5.730999946594238
2025-02-25,USDBRL,5.7778000831604
2025-02-26,USDBRL,5.740300178527832
2025-02-27,USDBRL,5.801700115203857
2025-02-28,USDBRL,5.839000225067139
2025-03-03,USDBRL,5.88040018081665
2025-03-04,USDBRL,6.020500183105469
2025-03-05,USDBRL,5.885700225830078
2025-03-06,USDBRL,5.740099906921387
2025-03-07,USDBRL,5.763000011444092
2025-03-10,USDBRL,5.782899856567383
2025-03-11,USDBRL,5.85290002822876
2025-03-12,USDBRL,5.808599948883057
2025-03-13,USDBRL,5.797800064086914
2025-03-14,USDBRL,5.798500061035156
2025-03-17,USDBRL,5.740600109100342
2025-03-18,USDBRL,5.678069114685059
2025-03-19,USDBRL,5.672100067138672
2025-03-20,USDBRL,5.648099899291992
2025-03-21,USDBRL,5.673900127410889
2025-03-24,USDBRL,5.729599952697754
2025-03-25,USDBRL,5.760799884796143
2025-03-26,USDBRL,5.698400020599365
2025-03-27,USDBRL,5.733500003814697
2025-03-28,USDBRL,5.739299774169922
2025-03-31,USDBRL,5.7581000328063965
2025-04-01,USDBRL,5.698400020599365
2025-04-02,USDBRL,5.681300163269043
2025-04-03,USDBRL,5.663700103759766
2025-04-04,USDBRL,5.6305999755859375
2025-04-07,USDBRL,5.840030193328857
2025-04-08,USDBRL,5.913599967956543
2025-04-09,USDBRL,6.013299942016602
2025-04-10,USDBRL,5.8180999755859375
2025-04-11,USDBRL,5.884300231933594
2025-04-14,USDBRL,5.864200115203857
2025-04-15,USDBRL,5.8541998863220215
2025-04-16,USDBRL,5.8846001625061035
2025-04-17,USDBRL,5.8653998374938965
2025-04-22,USDBRL,5.80709981918335
2025-04-23,USDBRL,5.719900131225586
2025-04-24,USDBRL,5.703400135040283
2025-04-25,USDBRL,5.678699970245361
2025-04-28,USDBRL,5.684700012207031
2025-04-29,USDBRL,5.652900218963623
2025-04-30,USDBRL,5.619999885559082
2025-05-01,USDBRL,5.672900199890137
2025-05-02,USDBRL,5.67710018157959
2025-05-05,USDBRL,5.666900157928467
2025-05-06,USDBRL,5.686299800872803
2025-05-07,USDBRL,5.712800025939941
2025-05-08,USDBRL,5.74459981918335
2025-05-09,USDBRL,5.661600112915039
2025-05-12,USDBRL,5.648200035095215
2025-05-13,USDBRL,5.6697998046875
2025-05-14,USDBRL,5.60046911239624
2025-05-15,USDBRL,5.636499881744385
2025-05-16,USDBRL,5.681300163269043
2025-05-19,USDBRL,5.6586737632751465
2025-05-20,USDBRL,5.644499778747559
2025-05-21,USDBRL,5.667300224304199
2025-05-22,USDBRL,5.644700050354004
2025-05-23,USDBRL,5.71619987487793
2025-05-26,USDBRL,5.645199775695801
2025-05-27,USDBRL,5.666600227355957
2025-05-28,USDBRL,5.637400150299072
2025-05-29,USDBRL,5.688700199127197
2025-05-30,USDBRL,5.66510009765625
2025-06-02,USDBRL,5.720799922943115
2025-06-03,USDBRL,5.672399997711182
2025-06-04,USDBRL,5.637800216674805
2025-06-05,USDBRL,5.6321001052856445
2025-06-06,USDBRL,5.58459997177124
2025-06-09,USDBRL,5.562699794769287
2025-06-10,USDBRL,5.557000160217285
2025-06-11,USDBRL,5.5721001625061035
2025-06-12,USDBRL,5.535799980163574
2025-06-13,USDBRL,5.537300109863281
2025-06-16,USDBRL,5.538899898529053
2025-06-17,USDBRL,5.490799903869629
2025-06-18,USDBRL,5.493000030517578
2025-06-19,USDBRL,5.485199928283691
2025-06-20,USDBRL,5.489999771118164
2025-06-23,USDBRL,5.518400192260742
2025-06-24,USDBRL,5.493800163269043
2025-06-25,USDBRL,5.510300159454346
2025-06-26,USDBRL,5.5578999519348145
2025-06-27,USDBRL,5.477099895477295
2025-06-30,USDBRL,5.478400230407715
2025-07-01,USDBRL,5.430200099945068
2025-07-02,USDBRL,5.458799839019775
2025-07-03,USDBRL,5.426400184631348
2025-07-04,USDBRL,5.409299850463867
2025-07-07,USDBRL,5.419400215148926
2025-07-08,USDBRL,5.48769998550415
2025-07-09,USDBRL,5.446100234985352
2025-07-10,USDBRL,5.5817999839782715
2025-07-11,USDBRL,5.531099796295166
2025-07-14,USDBRL,5.571899890899658
2025-07-15,USDBRL,5.586999893188477
2025-07-16,USDBRL,5.5510029792785645
2025-07-17,USDBRL,5.5665998458862305
2025-07-18,USDBRL,5.546599864959717
2025-07-21,USDBRL,5.578100204467773
2025-07-22,USDBRL,5.565499782562256
2025-07-23,USDBRL,5.563899993896484
2025-07-24,USDBRL,5.51639986038208
2025-07-25,USDBRL,5.519999980926514
2025-07-28,USDBRL,5.565199851989746
2025-07-29,USDBRL,5.5868000984191895
2025-07-30,USDBRL,5.573200225830078
2025-07-31,USDBRL,5.575399875640869
2025-08-01,USDBRL,5.598800182342529
2025-08-04,USDBRL,5.537899971008301
2025-08-05,USDBRL,5.496099948883057
2025-08-06,USDBRL,5.502999782562256
2025-08-07,USDBRL,5.458899974822998
2025-08-08,USDBRL,5.414299964904785
2025-08-11,USDBRL,5.432300090789795
2025-08-12,USDBRL,5.442299842834473
2025-08-13,USDBRL,5.401199817657471
2025-08-14,USDBRL,5.391200065612793
2025-08-15,USDBRL,5.40910005569458
2025-08-18,USDBRL,5.400400161743164
2025-08-19,USDBRL,5.435699939727783
2025-08-20,USDBRL,5.497600078582764
2025-08-21,USDBRL,5.469161033630371
2025-08-22,USDBRL,5.464799880981445
2025-08-25,USDBRL,5.421299934387207
2025-08-26,USDBRL,5.4096999168396
2025-08-27,USDBRL,5.43120002746582
2025-08-28,USDBRL,5.417699813842773
2025-08-29,USDBRL,5.413000106811523
2025-09-01,USDBRL,5.432400226593018
2025-09-02,USDBRL,5.438399791717529
2025-09-03,USDBRL,5.4670000076293945
2025-09-04,USDBRL,5.4481000900268555
2025-09-05,USDBRL,5.443999767303467
2025-09-08,USDBRL,5.412199974060059
2025-09-09,USDBRL,5.420300006866455
2025-09-10,USDBRL,5.433599948883057
2025-09-11,USDBRL,5.4019999504089355
2025-09-12,USDBRL,5.388199806213379
2025-09-15,USDBRL,5.35099983215332
2025-09-16,USDBRL,5.315199851989746
2025-09-17,USDBRL,5.29580020904541
2025-09-18,USDBRL,5.310100078582764
2025-09-19,USDBRL,5.304299831390381
2025-09-22,USDBRL,5.320499897003174
2025-09-23,USDBRL,5.3343000411987305
2025-09-24,USDBRL,5.281599998474121
2025-09-25,USDBRL,5.329899787902832
2025-09-26,USDBRL,5.363699913024902
2025-09-29,USDBRL,5.3422532081604
2025-09-30,USDBRL,5.321700096130371
2025-10-01,USDBRL,5.319499969482422
2025-10-02,USDBRL,5.328800201416016
2025-10-03,USDBRL,5.336599826812744
2025-10-06,USDBRL,5.33459997177124
2025-10-07,USDBRL,5.311200141906738
2025-10-08,USDBRL,5.353799819946289
2025-10-09,USDBRL,5.33519983291626
2025-10-10,USDBRL,5.377200126647949
2025-10-13,USDBRL,5.5229997634887695
2025-10-14,USDBRL,5.464099884033203
2025-10-15,USDBRL,5.481500148773193
2025-10-16,USDBRL,5.4492998123168945
2025-10-17,USDBRL,5.440814971923828
2025-10-20,USDBRL,5.406099796295166
2025-10-21,USDBRL,5.36870002746582
2025-10-22,USDBRL,5.38670015335083
2025-10-23,USDBRL,5.399400234222412
2025-10-24,USDBRL,5.382900238037109
2025-10-27,USDBRL,5.388299942016602
2025-10-28,USDBRL,5.373300075531006
2025-10-29,USDBRL,5.357399940490723
2025-10-30,USDBRL,5.357800006866455
2025-10-31,USDBRL,5.381999969482422
2025-11-03,USDBRL,5.374599933624268
2025-11-04,USDBRL,5.354899883270264
2025-11-05,USDBRL,5.395899772644043
2025-11-06,USDBRL,5.35860013961792
2025-11-07,USDBRL,5.3495001792907715
2025-11-10,USDBRL,5.330900192260742
2025-11-11,USDBRL,5.289700031280518
2025-11-12,USDBRL,5.270699977874756
2025-11-13,USDBRL,5.291299819946289
2025-11-14,USDBRL,5.296500205993652
2025-11-17,USDBRL,5.295599937438965
2025-11-18,USDBRL,5.329500198364258
2025-11-19,USDBRL,5.321499824523926
2025-11-20,USDBRL,5.32859992980957
2025-11-21,USDBRL,5.332300186157227
2025-11-24,USDBRL,5.402100086212158
2025-11-25,USDBRL,5.3867998123168945
2025-11-26,USDBRL,5.37939977645874
2025-11-27,USDBRL,5.3308000564575195
2025-11-28,USDBRL,5.355400085449219
2025-12-01,USDBRL,5.335400104522705
2025-12-02,USDBRL,5.355800151824951
2025-12-03,USDBRL,5.326300144195557
2025-12-04,USDBRL,5.306099891662598
2025-12-05,USDBRL,5.309299945831299
2025-12-08,USDBRL,5.4380998611450195
2025-12-09,USDBRL,5.429999828338623
2025-12-10,USDBRL,5.43149995803833
2025-12-11,USDBRL,5.469799995422363
2025-12-12,USDBRL,5.4054999351501465
2025-12-15,USDBRL,5.4182000160217285
2025-12-16,USDBRL,5.413400173187256
2025-12-17,USDBRL,5.507500171661377
2025-12-18,USDBRL,5.518499851226807
2025-12-19,USDBRL,5.521299839019775
2025-12-22,USDBRL,5.53980016708374
2025-12-23,USDBRL,5.590000152587891
2025-12-24,USDBRL,5.518499851226807
2025-12-26,USDBRL,5.519499778747559
2025-12-29,USDBRL,5.542500019073486
2025-12-30,USDBRL,5.5690999031066895
2025-12-31,USDBRL,5.476200103759766
2026-01-02,USDBRL,5.517000198364258
2026-01-05,USDBRL,5.421599864959717
2026-01-06,USDBRL,5.40749979019165
2026-01-07,USDBRL,5.372000217437744
2026-01-08,USDBRL,5.383900165557861
2026-01-09,USDBRL,5.386600017547607
2026-01-12,USDBRL,5.370299816131592
2026-01-13,USDBRL,5.373700141906738
2026-01-14,USDBRL,5.371300220489502
2026-01-15,USDBRL,5.396100044250488
2026-01-16,USDBRL,5.3678998947143555
2026-01-19,USDBRL,5.367700099945068
2026-01-20,USDBRL,5.36870002746582
2026-01-21,USDBRL,5.374300003051758
2026-01-22,USDBRL,5.31879997253418
2026-01-23,USDBRL,5.283699989318848
2026-01-26,USDBRL,5.288899898529053
2026-01-27,USDBRL,5.279099941253662
2026-01-28,USDBRL,5.183599948883057
2026-01-29,USDBRL,5.1971001625061035
2026-01-30,USDBRL,5.189199924468994
2026-02-02,USDBRL,5.255000114440918
2026-02-03,USDBRL,5.259399890899658
2026-02-04,USDBRL,5.237500190734863
2026-02-05,USDBRL,5.23799991607666
2026-02-06,USDBRL,5.270500183105469
2026-02-09,USDBRL,5.21589994430542
2026-02-10,USDBRL,5.1915998458862305
2026-02-11,USDBRL,5.196199893951416
2026-02-12,USDBRL,5.198699951171875
2026-02-13,USDBRL,5.213900089263916
2026-02-16,USDBRL,5.217899799346924
2026-02-17,USDBRL,5.243899822235107
2026-02-18,USDBRL,5.2204999923706055
2026-02-19,USDBRL,5.234399795532227
2026-02-20,USDBRL,5.208799839019775
2026-02-23,USDBRL,5.176499843597412
2026-02-24,USDBRL,5.170899868011475
2026-02-25,USDBRL,5.1519999504089355
2026-02-26,USDBRL,5.124199867248535
2026-02-27,USDBRL,5.136600017547607
2026-03-02,USDBRL,5.1296000480651855
2026-03-03,USDBRL,5.170300006866455
2026-03-04,USDBRL,5.277299880981445
2026-03-05,USDBRL,5.230100154876709
2026-03-06,USDBRL,5.263400077819824
2026-03-09,USDBRL,5.243500232696533
2026-03-10,USDBRL,5.2052998542785645
2026-03-11,USDBRL,5.162399768829346
2026-03-12,USDBRL,5.151400089263916
2026-03-13,USDBRL,5.243899822235107
2026-03-16,USDBRL,5.329100131988525
2026-03-17,USDBRL,5.233399868011475
2026-03-18,USDBRL,5.19290018081665
2026-03-19,USDBRL,5.2621002197265625
2026-03-20,USDBRL,5.219900131225586
2026-03-23,USDBRL,5.3119001388549805
2026-03-24,USDBRL,5.232900142669678
2026-03-25,USDBRL,5.232600212097168
2026-03-26,USDBRL,5.236800193786621
2026-03-27,USDBRL,5.235099792480469
2026-03-30,USDBRL,5.23799991607666
2026-03-31,USDBRL,5.263999938964844
2026-04-01,USDBRL,5.192800045013428
2026-04-02,USDBRL,5.1545000076293945
2026-04-03,USDBRL,5.156400203704834
2026-04-06,USDBRL,5.157899856567383
2026-04-07,USDBRL,5.138299942016602
2026-04-08,USDBRL,5.150599956512451
2026-04-09,USDBRL,5.100200176239014
2026-04-10,USDBRL,5.095799922943115
2026-04-13,USDBRL,5.005000114440918
2026-04-14,USDBRL,4.9944000244140625
2026-04-15,USDBRL,4.984799861907959
2026-04-16,USDBRL,4.992400169372559
2026-04-17,USDBRL,4.987090110778809
2026-04-20,USDBRL,5.00629997253418
2026-04-21,USDBRL,4.952400207519531
2026-04-22,USDBRL,5.007999897003174
2026-04-23,USDBRL,4.984899997711182
2026-04-24,USDBRL,5.030799865722656
2026-04-27,USDBRL,4.979100227355957
2026-04-28,USDBRL,4.999599933624268
2026-04-29,USDBRL,4.99429988861084
2026-04-30,USDBRL,5.017499923706055
2026-05-01,USDBRL,4.9695000648498535
2026-05-04,USDBRL,4.951929092407227
2026-05-05,USDBRL,4.984799861907959
2026-05-06,USDBRL,4.927299976348877
2026-05-07,USDBRL,4.932271957397461
2026-05-08,USDBRL,4.944900035858154
2026-05-11,USDBRL,4.913300037384033
2026-05-12,USDBRL,4.906400203704834
2026-05-13,USDBRL,4.9096999168396
2026-05-14,USDBRL,5.024899959564209
2026-05-15,USDBRL,5.0040998458862305
2026-05-18,USDBRL,5.060400009155273
2026-05-19,USDBRL,5.005624771118164
2026-05-20,USDBRL,5.058199882507324
2026-05-21,USDBRL,5.01170015335083
2026-05-22,USDBRL,5.017099857330322
2026-05-25,USDBRL,5.025700092315674
2026-05-26,USDBRL,5.01039981842041
2026-05-27,USDBRL,5.04449987411499
2026-05-28,USDBRL,5.07289981842041
2026-05-29,USDBRL,5.051700115203857
2026-06-01,USDBRL,5.0391998291015625
2026-06-02,USDBRL,5.038599967956543
2026-06-03,USDBRL,5.020699977874756
2026-06-04,USDBRL,5.077400207519531
2026-06-05,USDBRL,5.060699939727783
2026-06-08,USDBRL,5.177000045776367
2026-06-09,USDBRL,5.203100204467773
2026-06-10,USDBRL,5.190100193023682
2026-06-11,USDBRL,5.1921000480651855
2026-06-12,USDBRL,5.113800048828125
2026-06-15,USDBRL,5.0609002113342285
2026-06-16,USDBRL,5.075099945068359
2026-06-17,USDBRL,5.101900100708008
2026-06-18,USDBRL,5.122099876403809
2026-06-19,USDBRL,5.18149995803833
2026-06-22,USDBRL,5.151400089263916
2026-06-23,USDBRL,5.156499862670898
2026-06-24,USDBRL,5.197700023651123
2026-06-25,USDBRL,5.207499980926514
2026-06-26,USDBRL,5.1940999031066895
2026-06-27,USDBRL,5.170400142669678
2026-06-28,USDBRL,5.169000148773193
2026-06-29,USDBRL,5.1707000732421875
2026-06-30,USDBRL,5.181787014007568
2026-07-01,USDBRL,5.199399948120117
2016-06-27,USDIDR,13375.0
2016-06-28,USDIDR,13385.0
2016-06-29,USDIDR,13160.0
2016-06-30,USDIDR,13139.0
2016-07-01,USDIDR,13177.0
2016-07-04,USDIDR,13115.0
2016-07-05,USDIDR,13060.0
2016-07-06,USDIDR,13160.0
2016-07-07,USDIDR,13212.0
2016-07-08,USDIDR,13100.0
2016-07-11,USDIDR,13105.0
2016-07-12,USDIDR,13120.0
2016-07-13,USDIDR,13075.0
2016-07-14,USDIDR,13015.0
2016-07-15,USDIDR,13020.0
2016-07-18,USDIDR,13062.0
2016-07-19,USDIDR,13078.0
2016-07-20,USDIDR,13093.0
2016-07-21,USDIDR,13105.0
2016-07-22,USDIDR,13111.0
2016-07-25,USDIDR,13113.0
2016-07-26,USDIDR,13095.0
2016-07-27,USDIDR,13162.0
2016-07-28,USDIDR,13098.0
2016-07-29,USDIDR,13058.0
2016-08-01,USDIDR,13020.0
2016-08-02,USDIDR,13010.0
2016-08-03,USDIDR,13092.0
2016-08-04,USDIDR,13140.0
2016-08-05,USDIDR,13103.0
2016-08-08,USDIDR,13122.0
2016-08-09,USDIDR,13105.0
2016-08-10,USDIDR,13101.0
2016-08-11,USDIDR,13083.0
2016-08-12,USDIDR,13098.0
2016-08-15,USDIDR,13106.0
2016-08-16,USDIDR,13062.0
2016-08-17,USDIDR,13111.0
2016-08-18,USDIDR,13115.0
2016-08-19,USDIDR,13109.0
2016-08-22,USDIDR,13179.0
2016-08-23,USDIDR,13209.0
2016-08-24,USDIDR,13234.0
2016-08-25,USDIDR,13258.0
2016-08-26,USDIDR,13246.0
2016-08-29,USDIDR,13310.0
2016-08-30,USDIDR,13248.0
2016-08-31,USDIDR,13283.0
2016-09-01,USDIDR,13280.0
2016-09-02,USDIDR,13273.0
2016-09-05,USDIDR,13195.0
2016-09-06,USDIDR,13125.0
2016-09-07,USDIDR,13058.0
2016-09-08,USDIDR,13070.0
2016-09-09,USDIDR,13071.0
2016-09-12,USDIDR,13176.0
2016-09-13,USDIDR,13172.0
2016-09-14,USDIDR,13241.0
2016-09-15,USDIDR,13191.0
2016-09-16,USDIDR,13144.0
2016-09-19,USDIDR,13163.0
2016-09-20,USDIDR,13139.0
2016-09-21,USDIDR,13158.0
2016-09-22,USDIDR,13058.0
2016-09-23,USDIDR,13062.0
2016-09-26,USDIDR,13053.0
2016-09-27,USDIDR,13039.0
2016-09-28,USDIDR,12917.0
2016-09-29,USDIDR,12921.0
2016-09-30,USDIDR,13003.0
2016-10-03,USDIDR,12966.0
2016-10-04,USDIDR,12962.0
2016-10-05,USDIDR,13031.0
2016-10-06,USDIDR,13014.0
2016-10-07,USDIDR,13005.0
2016-10-10,USDIDR,12967.0
2016-10-11,USDIDR,12926.0
2016-10-12,USDIDR,13068.0
2016-10-13,USDIDR,13019.0
2016-10-14,USDIDR,13044.0
2016-10-17,USDIDR,13092.0
2016-10-18,USDIDR,13051.0
2016-10-19,USDIDR,13020.0
2016-10-20,USDIDR,12972.0
2016-10-21,USDIDR,13005.0
2016-10-24,USDIDR,13050.0
2016-10-25,USDIDR,13012.0
2016-10-26,USDIDR,12976.0
2016-10-27,USDIDR,13024.0
2016-10-28,USDIDR,13053.0
2016-10-31,USDIDR,13063.0
2016-11-01,USDIDR,13013.0
2016-11-02,USDIDR,13038.0
2016-11-03,USDIDR,13046.0
2016-11-04,USDIDR,13068.0
2016-11-07,USDIDR,13115.0
2016-11-08,USDIDR,13087.0
2016-11-09,USDIDR,13041.0
2016-11-10,USDIDR,13137.0
2016-11-11,USDIDR,13588.0
2016-11-14,USDIDR,13342.0
2016-11-15,USDIDR,13459.0
2016-11-16,USDIDR,13313.0
2016-11-17,USDIDR,13368.0
2016-11-18,USDIDR,13411.0
2016-11-21,USDIDR,13479.0
2016-11-22,USDIDR,13412.0
2016-11-23,USDIDR,13432.0
2016-11-24,USDIDR,13607.0
2016-11-25,USDIDR,13558.0
2016-11-28,USDIDR,13480.0
2016-11-29,USDIDR,13479.0
2016-11-30,USDIDR,13502.0
2016-12-01,USDIDR,13572.0
2016-12-02,USDIDR,13518.0
2016-12-05,USDIDR,13640.0
2016-12-06,USDIDR,13436.0
2016-12-07,USDIDR,13296.0
2016-12-08,USDIDR,13277.0
2016-12-09,USDIDR,13306.0
2016-12-12,USDIDR,13357.0
2016-12-13,USDIDR,13278.0
2016-12-14,USDIDR,13280.0
2016-12-15,USDIDR,13418.0
2016-12-16,USDIDR,13411.0
2016-12-19,USDIDR,13383.0
2016-12-20,USDIDR,13370.0
2016-12-21,USDIDR,13421.0
2016-12-22,USDIDR,13439.0
2016-12-23,USDIDR,13449.0
2016-12-26,USDIDR,13442.0
2016-12-27,USDIDR,13442.0
2016-12-28,USDIDR,13429.0
2016-12-29,USDIDR,13490.0
2016-12-30,USDIDR,13466.0
2017-01-02,USDIDR,13512.0
2017-01-03,USDIDR,13506.0
2017-01-04,USDIDR,13443.0
2017-01-05,USDIDR,13348.0
2017-01-06,USDIDR,13319.0
2017-01-09,USDIDR,13351.0
2017-01-10,USDIDR,13314.0
2017-01-11,USDIDR,13291.0
2017-01-12,USDIDR,13241.0
2017-01-13,USDIDR,13258.0
2017-01-16,USDIDR,13313.0
2017-01-17,USDIDR,13349.0
2017-01-18,USDIDR,13296.0
2017-01-19,USDIDR,13370.0
2017-01-20,USDIDR,13378.0
2017-01-23,USDIDR,13406.0
2017-01-24,USDIDR,13345.0
2017-01-25,USDIDR,13342.0
2017-01-26,USDIDR,13316.0
2017-01-27,USDIDR,13387.0
2017-01-30,USDIDR,13326.0
2017-01-31,USDIDR,13338.0
2017-02-01,USDIDR,13345.0
2017-02-02,USDIDR,13360.0
2017-02-03,USDIDR,13346.0
2017-02-06,USDIDR,13338.0
2017-02-07,USDIDR,13326.0
2017-02-08,USDIDR,13310.0
2017-02-09,USDIDR,13302.0
2017-02-10,USDIDR,13288.0
2017-02-13,USDIDR,13335.0
2017-02-14,USDIDR,13323.0
2017-02-15,USDIDR,13321.0
2017-02-16,USDIDR,13316.0
2017-02-17,USDIDR,13321.0
2017-02-20,USDIDR,13350.0
2017-02-21,USDIDR,13347.0
2017-02-22,USDIDR,13358.0
2017-02-23,USDIDR,13338.0
2017-02-24,USDIDR,13325.0
2017-02-27,USDIDR,13324.0
2017-02-28,USDIDR,13339.0
2017-03-01,USDIDR,13391.0
2017-03-02,USDIDR,13392.0
2017-03-03,USDIDR,13373.0
2017-03-06,USDIDR,13278.0
2017-03-07,USDIDR,13342.0
2017-03-08,USDIDR,13336.0
2017-03-09,USDIDR,13368.0
2017-03-10,USDIDR,13403.0
2017-03-13,USDIDR,13346.0
2017-03-14,USDIDR,13372.0
2017-03-15,USDIDR,13390.0
2017-03-16,USDIDR,13217.0
2017-03-17,USDIDR,13283.0
2017-03-20,USDIDR,13330.0
2017-03-21,USDIDR,13332.0
2017-03-22,USDIDR,13308.0
2017-03-23,USDIDR,13327.0
2017-03-24,USDIDR,13318.0
2017-03-27,USDIDR,13320.0
2017-03-28,USDIDR,13308.0
2017-03-29,USDIDR,13309.0
2017-03-30,USDIDR,13303.0
2017-03-31,USDIDR,13299.0
2017-04-03,USDIDR,13335.0
2017-04-04,USDIDR,13316.0
2017-04-05,USDIDR,13332.0
2017-04-06,USDIDR,13323.0
2017-04-07,USDIDR,13353.0
2017-04-10,USDIDR,13373.0
2017-04-11,USDIDR,13271.0
2017-04-12,USDIDR,13291.0
2017-04-13,USDIDR,13277.0
2017-04-14,USDIDR,13276.0
2017-04-17,USDIDR,13287.0
2017-04-18,USDIDR,13279.0
2017-04-19,USDIDR,13296.0
2017-04-20,USDIDR,13343.0
2017-04-21,USDIDR,13317.0
2017-04-24,USDIDR,13105.0
2017-04-25,USDIDR,13124.0
2017-04-26,USDIDR,13303.0
2017-04-27,USDIDR,13261.0
2017-04-28,USDIDR,13351.0
2017-05-01,USDIDR,13322.0
2017-05-02,USDIDR,13325.0
2017-05-03,USDIDR,13295.0
2017-05-04,USDIDR,13304.0
2017-05-05,USDIDR,13340.0
2017-05-08,USDIDR,13315.0
2017-05-09,USDIDR,13324.0
2017-05-10,USDIDR,13359.0
2017-05-11,USDIDR,13353.0
2017-05-12,USDIDR,13312.0
2017-05-15,USDIDR,13323.0
2017-05-16,USDIDR,13285.0
2017-05-17,USDIDR,13274.0
2017-05-18,USDIDR,13318.0
2017-05-19,USDIDR,13399.0
2017-05-22,USDIDR,13328.0
2017-05-23,USDIDR,13296.0
2017-05-24,USDIDR,13296.0
2017-05-25,USDIDR,13302.0
2017-05-26,USDIDR,13302.0
2017-05-29,USDIDR,13288.0
2017-05-30,USDIDR,13315.0
2017-05-31,USDIDR,13319.0
2017-06-01,USDIDR,13294.0
2017-06-02,USDIDR,13288.0
2017-06-05,USDIDR,13304.0
2017-06-06,USDIDR,13283.0
2017-06-07,USDIDR,13259.0
2017-06-08,USDIDR,13313.0
2017-06-09,USDIDR,13293.0
2017-06-12,USDIDR,13295.0
2017-06-13,USDIDR,13314.0
2017-06-14,USDIDR,13282.0
2017-06-15,USDIDR,13286.0
2017-06-16,USDIDR,13294.0
2017-06-19,USDIDR,13277.0
2017-06-20,USDIDR,13286.0
2017-06-21,USDIDR,13291.0
2017-06-22,USDIDR,13301.0
2017-06-23,USDIDR,13341.0
2017-06-26,USDIDR,13284.0
2017-06-27,USDIDR,13318.0
2017-06-28,USDIDR,13308.0
2017-06-29,USDIDR,13296.0
2017-06-30,USDIDR,13278.0
2017-07-03,USDIDR,13298.0
2017-07-04,USDIDR,13364.0
2017-07-05,USDIDR,13351.0
2017-07-06,USDIDR,13363.0
2017-07-07,USDIDR,13383.0
2017-07-10,USDIDR,13408.0
2017-07-12,USDIDR,13349.0
2017-07-13,USDIDR,13363.0
2017-07-14,USDIDR,13341.0
2017-07-17,USDIDR,13332.0
2017-07-18,USDIDR,13321.0
2017-07-19,USDIDR,13302.0
2017-07-20,USDIDR,13309.0
2017-07-21,USDIDR,13303.0
2017-07-24,USDIDR,13265.0
2017-07-25,USDIDR,13316.0
2017-07-26,USDIDR,13328.0
2017-07-27,USDIDR,13329.0
2017-07-28,USDIDR,13311.0
2017-07-31,USDIDR,13320.0
2017-08-01,USDIDR,13318.0
2017-08-02,USDIDR,13317.0
2017-08-03,USDIDR,13317.0
2017-08-04,USDIDR,13319.0
2017-08-07,USDIDR,13309.0
2017-08-08,USDIDR,13315.0
2017-08-09,USDIDR,13306.0
2017-08-10,USDIDR,13326.0
2017-08-11,USDIDR,13327.0
2017-08-14,USDIDR,13351.0
2017-08-15,USDIDR,13342.0
2017-08-16,USDIDR,13354.0
2017-08-17,USDIDR,13350.0
2017-08-18,USDIDR,13372.0
2017-08-21,USDIDR,13355.0
2017-08-22,USDIDR,13344.0
2017-08-23,USDIDR,13325.0
2017-08-24,USDIDR,13351.0
2017-08-25,USDIDR,13333.0
2017-08-28,USDIDR,13339.0
2017-08-29,USDIDR,13303.0
2017-08-30,USDIDR,13333.0
2017-08-31,USDIDR,13334.0
2017-09-01,USDIDR,13321.0
2017-09-04,USDIDR,13331.0
2017-09-05,USDIDR,13353.0
2017-09-06,USDIDR,13333.0
2017-09-07,USDIDR,13339.0
2017-09-08,USDIDR,13289.0
2017-09-11,USDIDR,13197.0
2017-09-12,USDIDR,13176.0
2017-09-13,USDIDR,13208.0
2017-09-14,USDIDR,13242.0
2017-09-15,USDIDR,13262.0
2017-09-18,USDIDR,13252.0
2017-09-19,USDIDR,13268.0
2017-09-20,USDIDR,13256.0
2017-09-21,USDIDR,13273.0
2017-09-22,USDIDR,13273.0
2017-09-25,USDIDR,13306.0
2017-09-26,USDIDR,13319.0
2017-09-27,USDIDR,13375.0
2017-09-28,USDIDR,13433.0
2017-09-29,USDIDR,13508.0
2017-10-02,USDIDR,13465.0
2017-10-03,USDIDR,13531.0
2017-10-04,USDIDR,13536.0
2017-10-05,USDIDR,13470.0
2017-10-06,USDIDR,13451.0
2017-10-09,USDIDR,13497.0
2017-10-10,USDIDR,13510.0
2017-10-11,USDIDR,13510.0
2017-10-12,USDIDR,13510.0
2017-10-13,USDIDR,13498.0
2017-10-16,USDIDR,13492.0
2017-10-17,USDIDR,13476.0
2017-10-18,USDIDR,13495.0
2017-10-19,USDIDR,13510.0
2017-10-20,USDIDR,13490.0
2017-10-23,USDIDR,13516.0
2017-10-24,USDIDR,13535.0
2017-10-25,USDIDR,13525.0
2017-10-26,USDIDR,13572.0
2017-10-27,USDIDR,13643.0
2017-10-30,USDIDR,13588.0
2017-10-31,USDIDR,13574.0
2017-11-01,USDIDR,13554.0
2017-11-02,USDIDR,13553.0
2017-11-03,USDIDR,13543.0
2017-11-06,USDIDR,13480.0
2017-11-07,USDIDR,13483.0
2017-11-08,USDIDR,13514.0
2017-11-09,USDIDR,13503.0
2017-11-10,USDIDR,13527.0
2017-11-13,USDIDR,13512.0
2017-11-14,USDIDR,13553.0
2017-11-15,USDIDR,13545.0
2017-11-17,USDIDR,13514.0
2017-11-20,USDIDR,13508.0
2017-11-21,USDIDR,13525.0
2017-11-22,USDIDR,13519.0
2017-11-23,USDIDR,13491.0
2017-11-24,USDIDR,13489.0
2017-11-27,USDIDR,13498.0
2017-11-28,USDIDR,13511.0
2017-11-29,USDIDR,13500.0
2017-11-30,USDIDR,13504.0
2017-12-01,USDIDR,13541.0
2017-12-04,USDIDR,13560.0
2017-12-05,USDIDR,13494.0
2017-12-06,USDIDR,13513.0
2017-12-07,USDIDR,13534.0
2017-12-08,USDIDR,13553.0
2017-12-11,USDIDR,13507.0
2017-12-12,USDIDR,13552.0
2017-12-13,USDIDR,13551.0
2017-12-14,USDIDR,13540.0
2017-12-15,USDIDR,13554.0
2017-12-18,USDIDR,13568.0
2017-12-19,USDIDR,13580.0
2017-12-20,USDIDR,13575.0
2017-12-21,USDIDR,13573.0
2017-12-22,USDIDR,13562.0
2017-12-25,USDIDR,13551.0
2017-12-26,USDIDR,13532.0
2017-12-27,USDIDR,13552.0
2017-12-28,USDIDR,13558.0
2017-12-29,USDIDR,13558.0
2018-01-01,USDIDR,13542.0
2018-01-02,USDIDR,13550.0
2018-01-03,USDIDR,13496.0
2018-01-04,USDIDR,13468.0
2018-01-05,USDIDR,13415.0
2018-01-08,USDIDR,13427.0
2018-01-09,USDIDR,13427.0
2018-01-10,USDIDR,13430.0
2018-01-11,USDIDR,13441.0
2018-01-12,USDIDR,13393.0
2018-01-15,USDIDR,13295.0
2018-01-16,USDIDR,13305.0
2018-01-17,USDIDR,13306.0
2018-01-18,USDIDR,13336.0
2018-01-19,USDIDR,13334.0
2018-01-22,USDIDR,13325.0
2018-01-23,USDIDR,13342.0
2018-01-24,USDIDR,13336.0
2018-01-25,USDIDR,13298.0
2018-01-26,USDIDR,13299.0
2018-01-29,USDIDR,13296.0
2018-01-30,USDIDR,13367.0
2018-01-31,USDIDR,13421.0
2018-02-01,USDIDR,13383.0
2018-02-02,USDIDR,13386.0
2018-02-05,USDIDR,13411.0
2018-02-06,USDIDR,13564.0
2018-02-07,USDIDR,13544.0
2018-02-08,USDIDR,13641.0
2018-02-09,USDIDR,13598.0
2018-02-12,USDIDR,13610.0
2018-02-13,USDIDR,13643.0
2018-02-14,USDIDR,13640.0
2018-02-15,USDIDR,13622.0
2018-02-16,USDIDR,13552.0
2018-02-19,USDIDR,13552.0
2018-02-20,USDIDR,13554.0
2018-02-21,USDIDR,13608.0
2018-02-22,USDIDR,13612.0
2018-02-23,USDIDR,13676.0
2018-02-26,USDIDR,13652.0
2018-02-27,USDIDR,13651.0
2018-02-28,USDIDR,13694.0
2018-03-01,USDIDR,13756.0
2018-03-02,USDIDR,13741.0
2018-03-05,USDIDR,13751.0
2018-03-06,USDIDR,13737.0
2018-03-07,USDIDR,13759.0
2018-03-08,USDIDR,13745.0
2018-03-09,USDIDR,13786.0
2018-03-12,USDIDR,13772.0
2018-03-13,USDIDR,13755.0
2018-03-14,USDIDR,13740.0
2018-03-15,USDIDR,13725.0
2018-03-16,USDIDR,13758.0
2018-03-19,USDIDR,13748.0
2018-03-20,USDIDR,13771.0
2018-03-21,USDIDR,13743.0
2018-03-22,USDIDR,13705.0
2018-03-23,USDIDR,13754.0
2018-03-26,USDIDR,13762.0
2018-03-27,USDIDR,13718.0
2018-03-28,USDIDR,13740.0
2018-03-29,USDIDR,13756.0
2018-03-30,USDIDR,13757.0
2018-04-02,USDIDR,13768.0
2018-04-03,USDIDR,13748.0
2018-04-04,USDIDR,13741.0
2018-04-05,USDIDR,13751.0
2018-04-06,USDIDR,13760.0
2018-04-09,USDIDR,13763.0
2018-04-10,USDIDR,13768.0
2018-04-11,USDIDR,13742.099609375
2018-04-12,USDIDR,13753.5
2018-04-13,USDIDR,13767.0
2018-04-16,USDIDR,13733.0
2018-04-17,USDIDR,13766.0
2018-04-18,USDIDR,13757.0
2018-04-19,USDIDR,13769.0
2018-04-20,USDIDR,13800.0
2018-04-23,USDIDR,13899.0
2018-04-24,USDIDR,13961.0
2018-04-25,USDIDR,13872.0
2018-04-26,USDIDR,13919.0
2018-04-27,USDIDR,13879.0
2018-04-30,USDIDR,13870.0
2018-05-01,USDIDR,13901.0
2018-05-02,USDIDR,13982.2998046875
2018-05-03,USDIDR,14002.2998046875
2018-05-04,USDIDR,13931.0
2018-05-07,USDIDR,13933.0
2018-05-08,USDIDR,14268.5
2018-05-09,USDIDR,14264.099609375
2018-05-10,USDIDR,14073.0
2018-05-11,USDIDR,14073.0
2018-05-14,USDIDR,13943.0
2018-05-15,USDIDR,13963.0
2018-05-16,USDIDR,14030.0
2018-05-17,USDIDR,14149.2001953125
2018-05-18,USDIDR,14153.5
2018-05-21,USDIDR,14163.0
2018-05-22,USDIDR,14220.0
2018-05-23,USDIDR,14200.7998046875
2018-05-24,USDIDR,14169.0
2018-05-25,USDIDR,14124.0
2018-05-28,USDIDR,14078.0
2018-05-29,USDIDR,14010.0
2018-05-30,USDIDR,14029.0
2018-05-31,USDIDR,13977.0
2018-06-01,USDIDR,13880.0
2018-06-04,USDIDR,13938.0
2018-06-05,USDIDR,13860.0
2018-06-06,USDIDR,13870.0
2018-06-07,USDIDR,13822.0
2018-06-08,USDIDR,13863.0
2018-06-11,USDIDR,13866.0
2018-06-12,USDIDR,13923.0
2018-06-13,USDIDR,13923.0
2018-06-14,USDIDR,13923.0
2018-06-15,USDIDR,14121.400390625
2018-06-18,USDIDR,13923.0
2018-06-19,USDIDR,13923.0
2018-06-20,USDIDR,13923.0
2018-06-21,USDIDR,13923.0
2018-06-22,USDIDR,14088.0
2018-06-25,USDIDR,14073.0
2018-06-26,USDIDR,14148.0
2018-06-27,USDIDR,14188.0
2018-06-28,USDIDR,14235.0
2018-06-29,USDIDR,14350.0
2018-07-02,USDIDR,14317.0
2018-07-03,USDIDR,14347.0
2018-07-04,USDIDR,14353.0
2018-07-05,USDIDR,14400.0
2018-07-06,USDIDR,14378.7998046875
2018-07-09,USDIDR,14307.0
2018-07-10,USDIDR,14311.0
2018-07-11,USDIDR,14375.0
2018-07-12,USDIDR,14378.0
2018-07-13,USDIDR,14385.0
2018-07-16,USDIDR,14373.0
2018-07-17,USDIDR,14365.5
2018-07-18,USDIDR,14377.0
2018-07-19,USDIDR,14441.0
2018-07-20,USDIDR,14468.0
2018-07-23,USDIDR,14473.0
2018-07-24,USDIDR,14567.5
2018-07-25,USDIDR,14543.2998046875
2018-07-26,USDIDR,14465.0
2018-07-27,USDIDR,14525.0
2018-07-30,USDIDR,14411.0
2018-07-31,USDIDR,14403.0
2018-08-01,USDIDR,14409.2001953125
2018-08-02,USDIDR,14489.0
2018-08-03,USDIDR,14521.0
2018-08-06,USDIDR,14486.0
2018-08-07,USDIDR,14543.2998046875
2018-08-08,USDIDR,14422.0
2018-08-09,USDIDR,14398.0
2018-08-10,USDIDR,14472.0
2018-08-13,USDIDR,14473.0
2018-08-14,USDIDR,14594.0
2018-08-15,USDIDR,14642.0
2018-08-16,USDIDR,14555.7998046875
2018-08-17,USDIDR,14598.599609375
2018-08-20,USDIDR,14572.0
2018-08-21,USDIDR,14562.0
2018-08-22,USDIDR,14570.0
2018-08-23,USDIDR,14572.0
2018-08-24,USDIDR,14664.0
2018-08-27,USDIDR,14559.0
2018-08-28,USDIDR,14551.0
2018-08-29,USDIDR,14653.0
2018-08-30,USDIDR,14618.0
2018-08-31,USDIDR,14751.0
2018-09-03,USDIDR,14723.0
2018-09-04,USDIDR,14832.0
2018-09-05,USDIDR,14930.0
2018-09-06,USDIDR,14979.900390625
2018-09-07,USDIDR,14893.0
2018-09-10,USDIDR,14813.0
2018-09-11,USDIDR,14844.5
2018-09-12,USDIDR,14837.0
2018-09-13,USDIDR,14807.0
2018-09-14,USDIDR,14740.0
2018-09-17,USDIDR,14807.0
2018-09-18,USDIDR,14907.099609375
2018-09-19,USDIDR,14867.0
2018-09-20,USDIDR,14880.0
2018-09-21,USDIDR,14832.0
2018-09-24,USDIDR,14812.0
2018-09-25,USDIDR,14861.0
2018-09-26,USDIDR,15021.5
2018-09-27,USDIDR,14985.0
2018-09-28,USDIDR,14918.7998046875
2018-10-01,USDIDR,14902.0
2018-10-02,USDIDR,15053.2998046875
2018-10-03,USDIDR,15038.0
2018-10-04,USDIDR,15139.2001953125
2018-10-05,USDIDR,15408.900390625
2018-10-08,USDIDR,15173.0
2018-10-09,USDIDR,15400.0
2018-10-10,USDIDR,15223.0
2018-10-11,USDIDR,15196.0
2018-10-12,USDIDR,15299.2001953125
2018-10-15,USDIDR,15198.0
2018-10-16,USDIDR,15193.7998046875
2018-10-17,USDIDR,15193.0
2018-10-18,USDIDR,15264.2998046875
2018-10-19,USDIDR,15328.5
2018-10-22,USDIDR,15181.0
2018-10-23,USDIDR,15264.7001953125
2018-10-24,USDIDR,15183.0
2018-10-25,USDIDR,15269.5
2018-10-26,USDIDR,15257.2998046875
2018-10-29,USDIDR,15210.0
2018-10-30,USDIDR,15297.7998046875
2018-10-31,USDIDR,15273.099609375
2018-11-01,USDIDR,15196.0
2018-11-02,USDIDR,15068.7001953125
2018-11-05,USDIDR,14946.0
2018-11-06,USDIDR,14921.599609375
2018-11-07,USDIDR,14830.0
2018-11-08,USDIDR,14598.900390625
2018-11-09,USDIDR,14720.0
2018-11-12,USDIDR,14678.0
2018-11-13,USDIDR,14808.0
2018-11-14,USDIDR,14794.2998046875
2018-11-15,USDIDR,14813.2998046875
2018-11-16,USDIDR,14562.2001953125
2018-11-19,USDIDR,14605.0
2018-11-20,USDIDR,14652.7001953125
2018-11-21,USDIDR,14664.2998046875
2018-11-22,USDIDR,14630.0
2018-11-23,USDIDR,14600.0
2018-11-26,USDIDR,14533.0
2018-11-27,USDIDR,14526.900390625
2018-11-28,USDIDR,14575.5
2018-11-29,USDIDR,14459.7998046875
2018-11-30,USDIDR,14356.0
2018-12-03,USDIDR,14296.0
2018-12-04,USDIDR,14339.0
2018-12-05,USDIDR,14448.599609375
2018-12-06,USDIDR,14431.599609375
2018-12-07,USDIDR,14528.0
2018-12-10,USDIDR,14463.0
2018-12-11,USDIDR,14548.0
2018-12-12,USDIDR,14637.400390625
2018-12-13,USDIDR,14579.7998046875
2018-12-14,USDIDR,14550.0
2018-12-17,USDIDR,14578.0
2018-12-18,USDIDR,14588.7001953125
2018-12-19,USDIDR,14490.0
2018-12-20,USDIDR,14493.0
2018-12-21,USDIDR,14534.7998046875
2018-12-24,USDIDR,14548.0
2018-12-25,USDIDR,14548.0
2018-12-26,USDIDR,14710.0
2018-12-27,USDIDR,14609.400390625
2018-12-28,USDIDR,14561.599609375
2018-12-31,USDIDR,14553.0
2019-01-01,USDIDR,14460.0
2019-01-02,USDIDR,14460.0
2019-01-03,USDIDR,14409.7001953125
2019-01-04,USDIDR,14375.400390625
2019-01-07,USDIDR,14267.0
2019-01-08,USDIDR,14083.0
2019-01-09,USDIDR,14138.0
2019-01-10,USDIDR,14130.0
2019-01-11,USDIDR,14048.0
2019-01-14,USDIDR,14038.0
2019-01-15,USDIDR,14117.0
2019-01-16,USDIDR,14111.0
2019-01-17,USDIDR,14140.0
2019-01-18,USDIDR,14173.0
2019-01-21,USDIDR,14168.0
2019-01-22,USDIDR,14307.0
2019-01-23,USDIDR,14208.0
2019-01-24,USDIDR,14130.900390625
2019-01-25,USDIDR,14189.0
2019-01-28,USDIDR,14078.0
2019-01-29,USDIDR,14063.0
2019-01-30,USDIDR,14074.0
2019-01-31,USDIDR,14033.0
2019-02-01,USDIDR,13966.0
2019-02-04,USDIDR,13933.0
2019-02-05,USDIDR,13957.5
2019-02-06,USDIDR,13950.5
2019-02-07,USDIDR,13915.0
2019-02-08,USDIDR,13966.0
2019-02-11,USDIDR,13958.0
2019-02-12,USDIDR,14033.0
2019-02-13,USDIDR,14012.7001953125
2019-02-14,USDIDR,14151.0
2019-02-15,USDIDR,14083.0
2019-02-18,USDIDR,14136.0
2019-02-19,USDIDR,14192.5
2019-02-20,USDIDR,14096.5
2019-02-21,USDIDR,14033.0
2019-02-22,USDIDR,14120.0
2019-02-25,USDIDR,14051.0
2019-02-26,USDIDR,14011.0
2019-02-27,USDIDR,13960.0
2019-02-28,USDIDR,14015.0
2019-03-01,USDIDR,14194.0
2019-03-04,USDIDR,14108.0
2019-03-05,USDIDR,14205.0
2019-03-06,USDIDR,14150.5
2019-03-07,USDIDR,14214.5
2019-03-08,USDIDR,14240.7998046875
2019-03-11,USDIDR,14303.0
2019-03-12,USDIDR,14283.0
2019-03-13,USDIDR,14258.0
2019-03-14,USDIDR,14258.0
2019-03-15,USDIDR,14287.0
2019-03-18,USDIDR,14251.0
2019-03-19,USDIDR,14251.0
2019-03-20,USDIDR,14223.0
2019-03-21,USDIDR,14055.0
2019-03-22,USDIDR,14133.0
2019-03-25,USDIDR,14158.0
2019-03-26,USDIDR,14173.0
2019-03-27,USDIDR,14163.0
2019-03-28,USDIDR,14346.0
2019-03-29,USDIDR,14235.0
2019-04-01,USDIDR,14233.0
2019-04-02,USDIDR,14240.0
2019-04-03,USDIDR,14213.0
2019-04-04,USDIDR,14210.0
2019-04-05,USDIDR,14151.0
2019-04-08,USDIDR,14112.0
2019-04-09,USDIDR,14191.0
2019-04-10,USDIDR,14136.0
2019-04-11,USDIDR,14177.0
2019-04-12,USDIDR,14138.0
2019-04-15,USDIDR,14086.0
2019-04-16,USDIDR,14155.5
2019-04-17,USDIDR,14079.0
2019-04-18,USDIDR,14078.0
2019-04-19,USDIDR,14036.0
2019-04-22,USDIDR,14036.0
2019-04-23,USDIDR,14061.5
2019-04-24,USDIDR,14061.0
2019-04-25,USDIDR,14154.0
2019-04-26,USDIDR,14306.5
2019-04-29,USDIDR,14165.0
2019-04-30,USDIDR,14191.0
2019-05-01,USDIDR,14243.0
2019-05-02,USDIDR,14244.2998046875
2019-05-03,USDIDR,14244.0
2019-05-06,USDIDR,14230.0
2019-05-07,USDIDR,14286.0
2019-05-08,USDIDR,14346.2998046875
2019-05-09,USDIDR,14288.0
2019-05-10,USDIDR,14343.0
2019-05-13,USDIDR,14318.0
2019-05-14,USDIDR,14497.400390625
2019-05-15,USDIDR,14423.0
2019-05-16,USDIDR,14540.0
2019-05-17,USDIDR,14569.5
2019-05-20,USDIDR,14443.0
2019-05-21,USDIDR,14448.0
2019-05-23,USDIDR,14518.0
2019-05-24,USDIDR,14453.0
2019-05-27,USDIDR,14386.0
2019-05-28,USDIDR,14445.0
2019-05-29,USDIDR,14468.0
2019-05-30,USDIDR,14393.0
2019-05-31,USDIDR,14401.0
2019-06-03,USDIDR,14268.0
2019-06-04,USDIDR,14237.0
2019-06-05,USDIDR,14260.0
2019-06-06,USDIDR,14280.0
2019-06-07,USDIDR,14256.0
2019-06-10,USDIDR,14268.0
2019-06-11,USDIDR,14276.0
2019-06-12,USDIDR,14294.5
2019-06-13,USDIDR,14262.0
2019-06-14,USDIDR,14273.0
2019-06-17,USDIDR,14318.0
2019-06-18,USDIDR,14413.5
2019-06-19,USDIDR,14289.5
2019-06-20,USDIDR,14280.0
2019-06-21,USDIDR,14142.0
2019-06-24,USDIDR,14148.0
2019-06-25,USDIDR,14183.0
2019-06-26,USDIDR,14118.0
2019-06-27,USDIDR,14215.5
2019-06-28,USDIDR,14184.5
2019-07-01,USDIDR,14121.0
2019-07-02,USDIDR,14150.0
2019-07-03,USDIDR,14196.0
2019-07-04,USDIDR,14178.5
2019-07-05,USDIDR,14150.0
2019-07-08,USDIDR,14076.0
2019-07-09,USDIDR,14187.0
2019-07-10,USDIDR,14236.0
2019-07-11,USDIDR,14161.5
2019-07-12,USDIDR,14124.0
2019-07-15,USDIDR,14000.0
2019-07-16,USDIDR,13913.0
2019-07-17,USDIDR,14008.5
2019-07-18,USDIDR,14023.0
2019-07-19,USDIDR,13970.0
2019-07-22,USDIDR,13941.0
2019-07-23,USDIDR,13997.0
2019-07-24,USDIDR,14039.0
2019-07-25,USDIDR,14027.5
2019-07-26,USDIDR,14052.7001953125
2019-07-29,USDIDR,13997.0
2019-07-30,USDIDR,14066.0
2019-07-31,USDIDR,14066.400390625
2019-08-01,USDIDR,14165.0
2019-08-02,USDIDR,14329.0
2019-08-05,USDIDR,14173.0
2019-08-06,USDIDR,14248.0
2019-08-07,USDIDR,14258.0
2019-08-08,USDIDR,14274.5
2019-08-09,USDIDR,14236.5
2019-08-12,USDIDR,14183.0
2019-08-13,USDIDR,14241.0
2019-08-14,USDIDR,14232.7998046875
2019-08-15,USDIDR,14238.0
2019-08-16,USDIDR,14333.0
2019-08-19,USDIDR,14228.0
2019-08-20,USDIDR,14337.2998046875
2019-08-21,USDIDR,14326.099609375
2019-08-22,USDIDR,14275.0
2019-08-23,USDIDR,14228.0
2019-08-26,USDIDR,14206.0
2019-08-27,USDIDR,14253.7998046875
2019-08-28,USDIDR,14343.7998046875
2019-08-29,USDIDR,14311.2998046875
2019-08-30,USDIDR,14231.0
2019-09-02,USDIDR,14178.0
2019-09-03,USDIDR,14265.0
2019-09-04,USDIDR,14260.7001953125
2019-09-05,USDIDR,14146.0
2019-09-06,USDIDR,14172.2998046875
2019-09-09,USDIDR,14088.0
2019-09-10,USDIDR,14024.0
2019-09-11,USDIDR,14095.7998046875
2019-09-12,USDIDR,14106.400390625
2019-09-13,USDIDR,13983.0
2019-09-16,USDIDR,13958.0
2019-09-17,USDIDR,14170.2998046875
2019-09-18,USDIDR,14126.7998046875
2019-09-19,USDIDR,14126.0
2019-09-20,USDIDR,14158.0
2019-09-23,USDIDR,14048.0
2019-09-24,USDIDR,14078.0
2019-09-25,USDIDR,14177.2998046875
2019-09-26,USDIDR,14211.2998046875
2019-09-27,USDIDR,14236.7998046875
2019-09-30,USDIDR,14158.0
2019-10-01,USDIDR,14219.400390625
2019-10-02,USDIDR,14206.0
2019-10-03,USDIDR,14188.0
2019-10-04,USDIDR,14166.0
2019-10-07,USDIDR,14128.0
2019-10-08,USDIDR,14239.5
2019-10-09,USDIDR,14210.0
2019-10-10,USDIDR,14217.5
2019-10-11,USDIDR,14145.0
2019-10-14,USDIDR,14121.0
2019-10-15,USDIDR,14168.5
2019-10-16,USDIDR,14216.0
2019-10-17,USDIDR,14224.0
2019-10-18,USDIDR,14184.5
2019-10-21,USDIDR,14138.0
2019-10-22,USDIDR,14102.5
2019-10-23,USDIDR,14042.5
2019-10-24,USDIDR,13987.0
2019-10-25,USDIDR,14089.5
2019-10-28,USDIDR,14028.0
2019-10-29,USDIDR,14018.0
2019-10-30,USDIDR,14018.0
2019-10-31,USDIDR,14060.0
2019-11-01,USDIDR,14123.5
2019-11-04,USDIDR,14014.0
2019-11-05,USDIDR,14058.0
2019-11-06,USDIDR,14028.5
2019-11-07,USDIDR,14008.0
2019-11-08,USDIDR,14013.0
2019-11-11,USDIDR,14014.0390625
2019-11-12,USDIDR,13997.2001953125
2019-11-13,USDIDR,13852.7470703125
2019-11-14,USDIDR,13871.640625
2019-11-15,USDIDR,14078.0
2019-11-18,USDIDR,13840.302734375
2019-11-19,USDIDR,14139.0
2019-11-20,USDIDR,14083.0
2019-11-21,USDIDR,14035.2783203125
2019-11-22,USDIDR,14070.0
2019-11-25,USDIDR,14083.01171875
2019-11-26,USDIDR,14063.748046875
2019-11-27,USDIDR,14078.0
2019-11-28,USDIDR,14087.1298828125
2019-11-29,USDIDR,13868.66015625
2019-12-02,USDIDR,13868.345703125
2019-12-03,USDIDR,14123.2763671875
2019-12-04,USDIDR,14098.0
2019-12-05,USDIDR,13994.884765625
2019-12-06,USDIDR,14058.0
2019-12-09,USDIDR,14022.3798828125
2019-12-10,USDIDR,14004.6005859375
2019-12-11,USDIDR,14021.0
2019-12-12,USDIDR,13976.61328125
2019-12-13,USDIDR,13933.3564453125
2019-12-16,USDIDR,13968.525390625
2019-12-17,USDIDR,14022.5
2019-12-18,USDIDR,14024.0
2019-12-19,USDIDR,13966.919921875
2019-12-20,USDIDR,13978.15625
2019-12-23,USDIDR,13957.5810546875
2019-12-24,USDIDR,13955.626953125
2019-12-25,USDIDR,13961.0
2019-12-26,USDIDR,13991.0
2019-12-27,USDIDR,13977.5
2019-12-30,USDIDR,13953.841796875
2019-12-31,USDIDR,13919.0
2020-01-01,USDIDR,13690.3720703125
2020-01-02,USDIDR,13689.2314453125
2020-01-03,USDIDR,13884.7861328125
2020-01-06,USDIDR,13934.31640625
2020-01-07,USDIDR,13926.5
2020-01-08,USDIDR,13867.236328125
2020-01-09,USDIDR,13886.939453125
2020-01-10,USDIDR,13827.560546875
2020-01-13,USDIDR,13522.4345703125
2020-01-14,USDIDR,13665.3046875
2020-01-15,USDIDR,13668.0400390625
2020-01-16,USDIDR,13665.0966796875
2020-01-17,USDIDR,13623.0
2020-01-20,USDIDR,13456.98828125
2020-01-21,USDIDR,13615.0
2020-01-22,USDIDR,13651.0
2020-01-23,USDIDR,13626.38671875
2020-01-24,USDIDR,13609.1884765625
2020-01-27,USDIDR,13711.9736328125
2020-01-28,USDIDR,13213.240234375
2020-01-29,USDIDR,13634.0
2020-01-30,USDIDR,13614.0146484375
2020-01-31,USDIDR,13643.1806640625
2020-02-03,USDIDR,13633.126953125
2020-02-04,USDIDR,13735.5
2020-02-05,USDIDR,13702.4072265625
2020-02-06,USDIDR,13668.267578125
2020-02-07,USDIDR,13698.0
2020-02-10,USDIDR,13675.853515625
2020-02-11,USDIDR,13691.58984375
2020-02-12,USDIDR,13657.5537109375
2020-02-13,USDIDR,13500.7373046875
2020-02-14,USDIDR,13695.400390625
2020-02-17,USDIDR,13681.2900390625
2020-02-18,USDIDR,13649.2412109375
2020-02-19,USDIDR,13768.0
2020-02-20,USDIDR,13762.0
2020-02-21,USDIDR,13703.482421875
2020-02-24,USDIDR,13771.486328125
2020-02-25,USDIDR,13879.9296875
2020-02-26,USDIDR,14056.5
2020-02-27,USDIDR,13931.0
2020-02-28,USDIDR,14316.0
2020-03-02,USDIDR,13971.9619140625
2020-03-03,USDIDR,14220.0
2020-03-04,USDIDR,14199.5
2020-03-05,USDIDR,14256.0
2020-03-06,USDIDR,14309.599609375
2020-03-09,USDIDR,14251.5390625
2020-03-10,USDIDR,14094.818359375
2020-03-11,USDIDR,14272.900390625
2020-03-12,USDIDR,14526.0
2020-03-13,USDIDR,14850.0
2020-03-16,USDIDR,14635.0224609375
2020-03-17,USDIDR,15192.0
2020-03-18,USDIDR,14955.7880859375
2020-03-19,USDIDR,15474.5
2020-03-20,USDIDR,15908.0
2020-03-23,USDIDR,15766.2470703125
2020-03-24,USDIDR,16504.80078125
2020-03-25,USDIDR,16216.5
2020-03-26,USDIDR,16447.720703125
2020-03-27,USDIDR,16218.63671875
2020-03-30,USDIDR,16005.3349609375
2020-03-31,USDIDR,16346.9619140625
2020-04-01,USDIDR,16277.943359375
2020-04-02,USDIDR,16412.80859375
2020-04-03,USDIDR,16441.263671875
2020-04-06,USDIDR,16418.0
2020-04-07,USDIDR,16364.6484375
2020-04-08,USDIDR,16225.0
2020-04-09,USDIDR,16159.376953125
2020-04-10,USDIDR,15811.9677734375
2020-04-13,USDIDR,15800.0
2020-04-14,USDIDR,15751.0
2020-04-15,USDIDR,15578.3466796875
2020-04-16,USDIDR,15887.5
2020-04-17,USDIDR,15568.3388671875
2020-04-20,USDIDR,15423.0
2020-04-21,USDIDR,15377.080078125
2020-04-22,USDIDR,15394.6787109375
2020-04-23,USDIDR,15408.6220703125
2020-04-24,USDIDR,15665.0
2020-04-27,USDIDR,15348.744140625
2020-04-28,USDIDR,15312.3857421875
2020-04-29,USDIDR,15364.5947265625
2020-04-30,USDIDR,15234.63671875
2020-05-01,USDIDR,15249.0
2020-05-04,USDIDR,14671.0
2020-05-05,USDIDR,15044.0
2020-05-06,USDIDR,15335.0
2020-05-07,USDIDR,14998.33203125
2020-05-08,USDIDR,15227.0
2020-05-11,USDIDR,14721.3984375
2020-05-12,USDIDR,14848.7001953125
2020-05-13,USDIDR,14994.0
2020-05-14,USDIDR,14846.873046875
2020-05-15,USDIDR,14810.1201171875
2020-05-18,USDIDR,14853.0
2020-05-19,USDIDR,14878.0
2020-05-20,USDIDR,14748.447265625
2020-05-21,USDIDR,14771.0
2020-05-22,USDIDR,14826.0
2020-05-25,USDIDR,14703.0
2020-05-26,USDIDR,14501.7578125
2020-05-27,USDIDR,14850.0
2020-05-28,USDIDR,14888.5
2020-05-29,USDIDR,14825.0
2020-06-01,USDIDR,14603.0
2020-06-02,USDIDR,14573.5
2020-06-03,USDIDR,14343.8232421875
2020-06-04,USDIDR,14130.0
2020-06-05,USDIDR,14085.447265625
2020-06-08,USDIDR,13863.0
2020-06-09,USDIDR,14070.7998046875
2020-06-10,USDIDR,13852.103515625
2020-06-11,USDIDR,13947.443359375
2020-06-12,USDIDR,14475.0
2020-06-15,USDIDR,14118.0
2020-06-16,USDIDR,13988.119140625
2020-06-17,USDIDR,14275.0
2020-06-18,USDIDR,14102.7353515625
2020-06-19,USDIDR,13997.6923828125
2020-06-22,USDIDR,14093.0
2020-06-23,USDIDR,14080.134765625
2020-06-24,USDIDR,14113.177734375
2020-06-25,USDIDR,14289.2998046875
2020-06-26,USDIDR,14376.2001953125
2020-06-29,USDIDR,14213.0
2020-06-30,USDIDR,14470.2001953125
2020-07-01,USDIDR,14194.05078125
2020-07-02,USDIDR,14187.8583984375
2020-07-03,USDIDR,14298.779296875
2020-07-06,USDIDR,14503.0
2020-07-07,USDIDR,14206.5087890625
2020-07-08,USDIDR,14483.5
2020-07-09,USDIDR,14349.5654296875
2020-07-10,USDIDR,14545.7001953125
2020-07-13,USDIDR,14428.0
2020-07-14,USDIDR,14584.0
2020-07-15,USDIDR,14715.400390625
2020-07-16,USDIDR,14561.171875
2020-07-17,USDIDR,14552.2099609375
2020-07-20,USDIDR,14688.0
2020-07-21,USDIDR,14949.2998046875
2020-07-22,USDIDR,14626.8623046875
2020-07-23,USDIDR,14630.0
2020-07-24,USDIDR,14578.904296875
2020-07-27,USDIDR,14603.0
2020-07-28,USDIDR,14614.5
2020-07-29,USDIDR,14633.5
2020-07-30,USDIDR,14458.3447265625
2020-07-31,USDIDR,14486.6689453125
2020-08-03,USDIDR,14593.0
2020-08-04,USDIDR,14540.9208984375
2020-08-05,USDIDR,14720.0
2020-08-06,USDIDR,14307.642578125
2020-08-07,USDIDR,14568.45703125
2020-08-10,USDIDR,14618.0
2020-08-11,USDIDR,14823.7998046875
2020-08-12,USDIDR,14858.5
2020-08-13,USDIDR,14670.8095703125
2020-08-14,USDIDR,14673.4970703125
2020-08-17,USDIDR,14788.0
2020-08-18,USDIDR,14969.400390625
2020-08-19,USDIDR,14598.072265625
2020-08-20,USDIDR,14694.197265625
2020-08-21,USDIDR,14543.412109375
2020-08-24,USDIDR,14764.0
2020-08-25,USDIDR,14629.400390625
2020-08-26,USDIDR,14607.7001953125
2020-08-27,USDIDR,14447.3828125
2020-08-28,USDIDR,14446.00390625
2020-08-31,USDIDR,14618.0
2020-09-01,USDIDR,14599.7001953125
2020-09-02,USDIDR,14818.599609375
2020-09-03,USDIDR,14565.1474609375
2020-09-04,USDIDR,14545.9873046875
2020-09-07,USDIDR,14741.0
2020-09-08,USDIDR,14795.0
2020-09-09,USDIDR,14915.2001953125
2020-09-10,USDIDR,14874.2001953125
2020-09-11,USDIDR,14857.470703125
2020-09-14,USDIDR,14883.0
2020-09-15,USDIDR,14983.5
2020-09-16,USDIDR,14869.599609375
2020-09-17,USDIDR,14812.5869140625
2020-09-18,USDIDR,14788.0
2020-09-21,USDIDR,14728.0
2020-09-22,USDIDR,14839.2001953125
2020-09-23,USDIDR,14742.5859375
2020-09-24,USDIDR,14803.9853515625
2020-09-25,USDIDR,14839.578125
2020-09-28,USDIDR,14863.0
2020-09-29,USDIDR,14893.599609375
2020-09-30,USDIDR,14910.0
2020-10-01,USDIDR,14879.0
2020-10-02,USDIDR,14817.55859375
2020-10-05,USDIDR,14853.0
2020-10-06,USDIDR,14780.1826171875
2020-10-07,USDIDR,14773.0
2020-10-08,USDIDR,14715.5
2020-10-09,USDIDR,14676.99609375
2020-10-12,USDIDR,14693.0
2020-10-13,USDIDR,14484.9921875
2020-10-14,USDIDR,14793.0
2020-10-15,USDIDR,14681.462890625
2020-10-16,USDIDR,14652.5
2020-10-19,USDIDR,14693.0
2020-10-20,USDIDR,14708.0
2020-10-21,USDIDR,14688.0
2020-10-22,USDIDR,14639.775390625
2020-10-23,USDIDR,14639.8525390625
2020-10-26,USDIDR,14642.7822265625
2020-10-27,USDIDR,14724.2001953125
2020-10-28,USDIDR,14653.2744140625
2020-10-29,USDIDR,14777.2001953125
2020-10-30,USDIDR,14818.0
2020-11-02,USDIDR,14586.169921875
2020-11-03,USDIDR,14603.9580078125
2020-11-04,USDIDR,14540.892578125
2020-11-05,USDIDR,14360.0
2020-11-06,USDIDR,14256.0
2020-11-09,USDIDR,14198.671875
2020-11-10,USDIDR,14256.3603515625
2020-11-11,USDIDR,14041.544921875
2020-11-12,USDIDR,13878.9892578125
2020-11-13,USDIDR,14133.4912109375
2020-11-16,USDIDR,14135.5595703125
2020-11-17,USDIDR,14089.2001953125
2020-11-18,USDIDR,14026.451171875
2020-11-19,USDIDR,14110.2001953125
2020-11-20,USDIDR,14189.900390625
2020-11-23,USDIDR,14150.9912109375
2020-11-24,USDIDR,14164.60546875
2020-11-25,USDIDR,14121.7998046875
2020-11-26,USDIDR,14127.470703125
2020-11-27,USDIDR,13897.6689453125
2020-11-30,USDIDR,14061.64453125
2020-12-01,USDIDR,14094.935546875
2020-12-02,USDIDR,14175.0
2020-12-03,USDIDR,14076.419921875
2020-12-04,USDIDR,14092.798828125
2020-12-07,USDIDR,14076.490234375
2020-12-08,USDIDR,14143.0
2020-12-09,USDIDR,14083.0107421875
2020-12-10,USDIDR,14150.0
2020-12-11,USDIDR,14082.5927734375
2020-12-14,USDIDR,14069.1572265625
2020-12-15,USDIDR,14221.900390625
2020-12-16,USDIDR,14190.0
2020-12-17,USDIDR,14070.537109375
2020-12-18,USDIDR,14083.8505859375
2020-12-21,USDIDR,14068.9375
2020-12-22,USDIDR,14100.7314453125
2020-12-23,USDIDR,14324.2001953125
2020-12-24,USDIDR,14146.9013671875
2020-12-25,USDIDR,14148.6435546875
2020-12-28,USDIDR,13911.1435546875
2020-12-29,USDIDR,14126.1201171875
2020-12-30,USDIDR,14069.9091796875
2020-12-31,USDIDR,13832.5595703125
2021-01-01,USDIDR,13932.3740234375
2021-01-04,USDIDR,14022.5009765625
2021-01-05,USDIDR,13931.400390625
2021-01-06,USDIDR,13930.0
2021-01-07,USDIDR,13951.5
2021-01-08,USDIDR,13892.9775390625
2021-01-11,USDIDR,13861.392578125
2021-01-12,USDIDR,14088.7353515625
2021-01-13,USDIDR,14031.078125
2021-01-14,USDIDR,14166.0
2021-01-15,USDIDR,14063.1474609375
2021-01-18,USDIDR,13880.779296875
2021-01-19,USDIDR,14100.7998046875
2021-01-20,USDIDR,14122.0
2021-01-21,USDIDR,14037.2001953125
2021-01-22,USDIDR,13960.76171875
2021-01-25,USDIDR,14012.8955078125
2021-01-26,USDIDR,14148.5
2021-01-27,USDIDR,14142.0
2021-01-28,USDIDR,14195.0
2021-01-29,USDIDR,13854.8642578125
2021-02-01,USDIDR,13828.13671875
2021-02-02,USDIDR,14118.5
2021-02-03,USDIDR,13995.53515625
2021-02-04,USDIDR,13983.9521484375
2021-02-05,USDIDR,14010.4736328125
2021-02-08,USDIDR,14001.103515625
2021-02-09,USDIDR,13990.4599609375
2021-02-10,USDIDR,13989.1884765625
2021-02-11,USDIDR,14027.0
2021-02-12,USDIDR,13976.240234375
2021-02-15,USDIDR,13966.0
2021-02-16,USDIDR,13907.0
2021-02-17,USDIDR,14039.2001953125
2021-02-18,USDIDR,14007.474609375
2021-02-19,USDIDR,13998.1982421875
2021-02-22,USDIDR,13898.4169921875
2021-02-23,USDIDR,14107.6962890625
2021-02-24,USDIDR,14081.6171875
2021-02-25,USDIDR,14097.7998046875
2021-02-26,USDIDR,13968.185546875
2021-03-01,USDIDR,14110.5849609375
2021-03-02,USDIDR,14245.6201171875
2021-03-03,USDIDR,14239.181640625
2021-03-04,USDIDR,14349.0
2021-03-05,USDIDR,14268.8798828125
2021-03-08,USDIDR,14287.392578125
2021-03-09,USDIDR,14344.4755859375
2021-03-10,USDIDR,14393.0
2021-03-11,USDIDR,14398.0
2021-03-12,USDIDR,14283.900390625
2021-03-15,USDIDR,14385.208984375
2021-03-16,USDIDR,14464.0
2021-03-17,USDIDR,14427.5
2021-03-18,USDIDR,14403.0
2021-03-19,USDIDR,14431.0
2021-03-22,USDIDR,14372.2001953125
2021-03-23,USDIDR,14375.7998046875
2021-03-24,USDIDR,14505.5
2021-03-25,USDIDR,14460.0
2021-03-26,USDIDR,14456.400390625
2021-03-29,USDIDR,14411.0
2021-03-30,USDIDR,14511.7001953125
2021-03-31,USDIDR,14605.0
2021-04-01,USDIDR,14606.0
2021-04-02,USDIDR,14553.0
2021-04-05,USDIDR,14518.0
2021-04-06,USDIDR,14529.2001953125
2021-04-07,USDIDR,14460.2998046875
2021-04-08,USDIDR,14641.0
2021-04-09,USDIDR,14660.7001953125
2021-04-12,USDIDR,14558.0
2021-04-13,USDIDR,14611.900390625
2021-04-14,USDIDR,14621.099609375
2021-04-15,USDIDR,14673.7998046875
2021-04-16,USDIDR,14616.0
2021-04-19,USDIDR,14558.0
2021-04-20,USDIDR,14570.0
2021-04-21,USDIDR,14543.2001953125
2021-04-22,USDIDR,14564.2001953125
2021-04-23,USDIDR,14606.599609375
2021-04-26,USDIDR,14518.0
2021-04-27,USDIDR,14459.599609375
2021-04-28,USDIDR,14516.400390625
2021-04-29,USDIDR,14519.0
2021-04-30,USDIDR,14439.7001953125
2021-05-03,USDIDR,14438.0
2021-05-04,USDIDR,14399.099609375
2021-05-05,USDIDR,14482.5
2021-05-06,USDIDR,14399.5
2021-05-07,USDIDR,14283.7998046875
2021-05-10,USDIDR,14278.0
2021-05-11,USDIDR,14189.599609375
2021-05-12,USDIDR,14220.0
2021-05-13,USDIDR,14347.0
2021-05-14,USDIDR,14300.2998046875
2021-05-17,USDIDR,14191.0
2021-05-18,USDIDR,14344.5
2021-05-19,USDIDR,14362.2998046875
2021-05-20,USDIDR,14389.7001953125
2021-05-21,USDIDR,14397.2998046875
2021-05-24,USDIDR,14348.0
2021-05-25,USDIDR,14365.0
2021-05-26,USDIDR,14371.400390625
2021-05-27,USDIDR,14310.0
2021-05-28,USDIDR,14318.0
2021-05-31,USDIDR,14278.0
2021-06-01,USDIDR,14247.5
2021-06-02,USDIDR,14251.5
2021-06-03,USDIDR,14290.7001953125
2021-06-04,USDIDR,14360.0
2021-06-07,USDIDR,14288.0
2021-06-08,USDIDR,14246.5
2021-06-09,USDIDR,14281.0
2021-06-10,USDIDR,14300.0
2021-06-11,USDIDR,14248.5
2021-06-14,USDIDR,14182.0
2021-06-15,USDIDR,14267.5
2021-06-16,USDIDR,14280.2998046875
2021-06-17,USDIDR,14466.5
2021-06-18,USDIDR,14554.7001953125
2021-06-21,USDIDR,14368.0
2021-06-22,USDIDR,14388.7998046875
2021-06-23,USDIDR,14495.0
2021-06-24,USDIDR,14413.2998046875
2021-06-25,USDIDR,14511.2001953125
2021-06-28,USDIDR,14418.0
2021-06-29,USDIDR,14525.0
2021-06-30,USDIDR,14629.099609375
2021-07-01,USDIDR,14601.599609375
2021-07-02,USDIDR,14581.400390625
2021-07-05,USDIDR,14526.0
2021-07-06,USDIDR,14495.0
2021-07-07,USDIDR,14568.7001953125
2021-07-08,USDIDR,14569.2001953125
2021-07-09,USDIDR,14618.7001953125
2021-07-12,USDIDR,14521.0
2021-07-13,USDIDR,14558.5
2021-07-14,USDIDR,14542.099609375
2021-07-15,USDIDR,14473.0
2021-07-16,USDIDR,14563.0
2021-07-19,USDIDR,14491.0
2021-07-20,USDIDR,14664.5
2021-07-21,USDIDR,14620.0
2021-07-22,USDIDR,14536.0
2021-07-23,USDIDR,14548.7001953125
2021-07-26,USDIDR,14486.0
2021-07-27,USDIDR,14523.5
2021-07-28,USDIDR,14554.0
2021-07-29,USDIDR,14462.599609375
2021-07-30,USDIDR,14450.0
2021-08-02,USDIDR,14456.0
2021-08-03,USDIDR,14397.400390625
2021-08-04,USDIDR,14349.5
2021-08-05,USDIDR,14338.599609375
2021-08-06,USDIDR,14385.5
2021-08-09,USDIDR,14346.0
2021-08-10,USDIDR,14402.099609375
2021-08-11,USDIDR,14393.099609375
2021-08-12,USDIDR,14395.0
2021-08-13,USDIDR,14341.0
2021-08-16,USDIDR,14381.0
2021-08-17,USDIDR,14363.0
2021-08-18,USDIDR,14425.099609375
2021-08-19,USDIDR,14454.2001953125
2021-08-20,USDIDR,14493.400390625
2021-08-23,USDIDR,14446.0
2021-08-24,USDIDR,14430.0
2021-08-25,USDIDR,14448.7001953125
2021-08-26,USDIDR,14465.7001953125
2021-08-27,USDIDR,14449.2998046875
2021-08-30,USDIDR,14411.0
2021-08-31,USDIDR,14362.0
2021-09-01,USDIDR,14246.5
2021-09-02,USDIDR,14269.2001953125
2021-09-03,USDIDR,14245.5
2021-09-06,USDIDR,14256.0
2021-09-07,USDIDR,14231.400390625
2021-09-08,USDIDR,14279.2001953125
2021-09-09,USDIDR,14326.400390625
2021-09-10,USDIDR,14258.7998046875
2021-09-13,USDIDR,14196.0
2021-09-14,USDIDR,14291.599609375
2021-09-15,USDIDR,14249.7001953125
2021-09-16,USDIDR,14264.5
2021-09-17,USDIDR,14283.900390625
2021-09-20,USDIDR,14221.0
2021-09-21,USDIDR,14320.5
2021-09-22,USDIDR,14237.5
2021-09-23,USDIDR,14279.2001953125
2021-09-24,USDIDR,14286.5
2021-09-27,USDIDR,14251.0
2021-09-28,USDIDR,14242.5
2021-09-29,USDIDR,14318.599609375
2021-09-30,USDIDR,14385.0
2021-10-01,USDIDR,14328.599609375
2021-10-04,USDIDR,14301.0
2021-10-05,USDIDR,14300.5
2021-10-06,USDIDR,14246.0
2021-10-07,USDIDR,14232.400390625
2021-10-08,USDIDR,14170.7998046875
2021-10-11,USDIDR,14216.0
2021-10-12,USDIDR,14194.0
2021-10-13,USDIDR,14221.2001953125
2021-10-14,USDIDR,14219.7001953125
2021-10-15,USDIDR,14078.5
2021-10-18,USDIDR,14067.0
2021-10-19,USDIDR,14157.2001953125
2021-10-20,USDIDR,14116.7998046875
2021-10-21,USDIDR,14119.7998046875
2021-10-22,USDIDR,14175.0
2021-10-25,USDIDR,14116.0
2021-10-26,USDIDR,14193.5
2021-10-27,USDIDR,14175.7001953125
2021-10-28,USDIDR,14217.099609375
2021-10-29,USDIDR,14229.0
2021-11-01,USDIDR,14228.5
2021-11-02,USDIDR,14276.599609375
2021-11-03,USDIDR,14289.900390625
2021-11-04,USDIDR,14366.0
2021-11-05,USDIDR,14414.0
2021-11-08,USDIDR,14319.7998046875
2021-11-09,USDIDR,14252.0
2021-11-10,USDIDR,14290.0
2021-11-11,USDIDR,14302.400390625
2021-11-12,USDIDR,14261.7001953125
2021-11-15,USDIDR,14186.7001953125
2021-11-16,USDIDR,14185.400390625
2021-11-17,USDIDR,14274.2001953125
2021-11-18,USDIDR,14223.7998046875
2021-11-19,USDIDR,14204.7001953125
2021-11-22,USDIDR,14265.099609375
2021-11-23,USDIDR,14259.599609375
2021-11-24,USDIDR,14272.5
2021-11-25,USDIDR,14303.400390625
2021-11-26,USDIDR,14320.0
2021-11-29,USDIDR,14408.2001953125
2021-11-30,USDIDR,14377.0
2021-12-01,USDIDR,14333.0
2021-12-02,USDIDR,14376.0
2021-12-03,USDIDR,14443.7998046875
2021-12-06,USDIDR,14514.0
2021-12-07,USDIDR,14490.0
2021-12-08,USDIDR,14393.2998046875
2021-12-09,USDIDR,14335.0
2021-12-10,USDIDR,14297.400390625
2021-12-13,USDIDR,14351.900390625
2021-12-14,USDIDR,14324.7001953125
2021-12-15,USDIDR,14342.5
2021-12-16,USDIDR,14297.5
2021-12-17,USDIDR,14380.0
2021-12-20,USDIDR,14385.7001953125
2021-12-21,USDIDR,14388.7001953125
2021-12-22,USDIDR,14263.900390625
2021-12-23,USDIDR,14193.7998046875
2021-12-24,USDIDR,14167.7998046875
2021-12-27,USDIDR,14189.2998046875
2021-12-28,USDIDR,14220.0
2021-12-29,USDIDR,14238.2001953125
2021-12-30,USDIDR,14237.0
2021-12-31,USDIDR,14285.2001953125
2022-01-03,USDIDR,14215.0
2022-01-04,USDIDR,14283.599609375
2022-01-05,USDIDR,14385.5
2022-01-06,USDIDR,14446.5
2022-01-07,USDIDR,14408.0
2022-01-10,USDIDR,14318.5
2022-01-11,USDIDR,14313.0
2022-01-12,USDIDR,14277.0
2022-01-13,USDIDR,14298.900390625
2022-01-14,USDIDR,14276.0
2022-01-17,USDIDR,14314.5
2022-01-18,USDIDR,14349.7001953125
2022-01-19,USDIDR,14382.2998046875
2022-01-20,USDIDR,14362.7998046875
2022-01-21,USDIDR,14343.0
2022-01-24,USDIDR,14329.7001953125
2022-01-25,USDIDR,14365.0
2022-01-26,USDIDR,14330.5
2022-01-27,USDIDR,14366.400390625
2022-01-28,USDIDR,14389.2001953125
2022-01-31,USDIDR,14381.599609375
2022-02-01,USDIDR,14350.0
2022-02-02,USDIDR,14322.2998046875
2022-02-03,USDIDR,14363.7998046875
2022-02-04,USDIDR,14377.0
2022-02-07,USDIDR,14400.400390625
2022-02-08,USDIDR,14405.599609375
2022-02-09,USDIDR,14379.5
2022-02-10,USDIDR,14334.2001953125
2022-02-11,USDIDR,14328.0
2022-02-14,USDIDR,14344.7001953125
2022-02-15,USDIDR,14303.0
2022-02-16,USDIDR,14260.599609375
2022-02-17,USDIDR,14274.400390625
2022-02-18,USDIDR,14348.0
2022-02-21,USDIDR,14365.900390625
2022-02-22,USDIDR,14355.0
2022-02-23,USDIDR,14395.0
2022-02-24,USDIDR,14365.0
2022-02-25,USDIDR,14452.5
2022-02-28,USDIDR,14334.2001953125
2022-03-01,USDIDR,14360.0
2022-03-02,USDIDR,14425.0
2022-03-03,USDIDR,14387.5
2022-03-04,USDIDR,14358.400390625
2022-03-07,USDIDR,14381.7001953125
2022-03-08,USDIDR,14406.400390625
2022-03-09,USDIDR,14362.7001953125
2022-03-10,USDIDR,14251.0
2022-03-11,USDIDR,14275.0
2022-03-14,USDIDR,14325.5
2022-03-15,USDIDR,14347.5
2022-03-16,USDIDR,14305.2998046875
2022-03-17,USDIDR,14263.5
2022-03-18,USDIDR,14326.0
2022-03-21,USDIDR,14342.2998046875
2022-03-22,USDIDR,14345.0
2022-03-23,USDIDR,14345.5
2022-03-24,USDIDR,14389.0
2022-03-25,USDIDR,14337.099609375
2022-03-28,USDIDR,14334.0
2022-03-29,USDIDR,14373.0
2022-03-30,USDIDR,14334.0
2022-03-31,USDIDR,14327.5
2022-04-01,USDIDR,14351.0
2022-04-04,USDIDR,14361.0
2022-04-05,USDIDR,14322.2998046875
2022-04-06,USDIDR,14365.5
2022-04-07,USDIDR,14382.0
2022-04-08,USDIDR,14385.0
2022-04-11,USDIDR,14355.0
2022-04-12,USDIDR,14360.7001953125
2022-04-13,USDIDR,14364.2001953125
2022-04-14,USDIDR,14360.2001953125
2022-04-15,USDIDR,14383.900390625
2022-04-18,USDIDR,14337.0
2022-04-19,USDIDR,14353.7998046875
2022-04-20,USDIDR,14364.900390625
2022-04-21,USDIDR,14351.0
2022-04-22,USDIDR,14382.0
2022-04-25,USDIDR,14350.0
2022-04-26,USDIDR,14478.0
2022-04-27,USDIDR,14466.0
2022-04-28,USDIDR,14447.5
2022-04-29,USDIDR,14502.0
2022-05-02,USDIDR,14490.0
2022-05-03,USDIDR,14522.599609375
2022-05-04,USDIDR,14491.0
2022-05-05,USDIDR,14425.0
2022-05-06,USDIDR,14458.7001953125
2022-05-09,USDIDR,14490.0
2022-05-10,USDIDR,14552.2001953125
2022-05-11,USDIDR,14520.7998046875
2022-05-12,USDIDR,14543.400390625
2022-05-13,USDIDR,14632.099609375
2022-05-16,USDIDR,14606.0
2022-05-17,USDIDR,14645.0
2022-05-18,USDIDR,14630.599609375
2022-05-19,USDIDR,14740.0
2022-05-20,USDIDR,14626.7998046875
2022-05-23,USDIDR,14645.0
2022-05-24,USDIDR,14619.2001953125
2022-05-25,USDIDR,14635.7998046875
2022-05-26,USDIDR,14597.0
2022-05-27,USDIDR,14584.2001953125
2022-05-30,USDIDR,14570.0
2022-05-31,USDIDR,14538.400390625
2022-06-01,USDIDR,14543.900390625
2022-06-02,USDIDR,14531.5
2022-06-03,USDIDR,14426.7998046875
2022-06-06,USDIDR,14431.0
2022-06-07,USDIDR,14435.2001953125
2022-06-08,USDIDR,14458.7998046875
2022-06-09,USDIDR,14495.2998046875
2022-06-10,USDIDR,14611.7998046875
2022-06-13,USDIDR,14546.0
2022-06-14,USDIDR,14795.0
2022-06-15,USDIDR,14740.7998046875
2022-06-16,USDIDR,14681.0
2022-06-17,USDIDR,14776.099609375
2022-06-20,USDIDR,14816.0
2022-06-21,USDIDR,14827.7001953125
2022-06-22,USDIDR,14831.7001953125
2022-06-23,USDIDR,14843.0
2022-06-24,USDIDR,14841.7998046875
2022-06-27,USDIDR,14841.0
2022-06-28,USDIDR,14791.0
2022-06-29,USDIDR,14857.0
2022-06-30,USDIDR,14877.0
2022-07-01,USDIDR,14921.900390625
2022-07-04,USDIDR,14931.0
2022-07-05,USDIDR,15008.0
2022-07-06,USDIDR,15037.0
2022-07-07,USDIDR,15010.0
2022-07-08,USDIDR,14964.599609375
2022-07-11,USDIDR,14970.0
2022-07-12,USDIDR,14989.099609375
2022-07-13,USDIDR,15010.0
2022-07-14,USDIDR,15030.400390625
2022-07-15,USDIDR,15037.099609375
2022-07-18,USDIDR,14986.0
2022-07-19,USDIDR,14977.0
2022-07-20,USDIDR,14960.7998046875
2022-07-21,USDIDR,15022.0
2022-07-22,USDIDR,15004.2001953125
2022-07-25,USDIDR,15011.0
2022-07-26,USDIDR,14978.0
2022-07-27,USDIDR,14982.7998046875
2022-07-28,USDIDR,14914.2001953125
2022-07-29,USDIDR,14849.099609375
2022-08-01,USDIDR,14826.0
2022-08-02,USDIDR,14838.0
2022-08-03,USDIDR,14890.099609375
2022-08-04,USDIDR,14900.0
2022-08-05,USDIDR,14884.7001953125
2022-08-08,USDIDR,14886.0
2022-08-09,USDIDR,14831.2001953125
2022-08-10,USDIDR,14856.7001953125
2022-08-11,USDIDR,14756.900390625
2022-08-12,USDIDR,14724.2001953125
2022-08-15,USDIDR,14661.0
2022-08-16,USDIDR,14776.400390625
2022-08-17,USDIDR,14747.099609375
2022-08-18,USDIDR,14764.099609375
2022-08-19,USDIDR,14845.7001953125
2022-08-22,USDIDR,14831.0
2022-08-23,USDIDR,14933.5
2022-08-24,USDIDR,14850.0
2022-08-25,USDIDR,14845.0
2022-08-26,USDIDR,14773.0
2022-08-29,USDIDR,14811.0
2022-08-30,USDIDR,14895.0
2022-08-31,USDIDR,14850.0
2022-09-01,USDIDR,14855.0
2022-09-02,USDIDR,14902.099609375
2022-09-05,USDIDR,14890.0
2022-09-06,USDIDR,14882.2998046875
2022-09-07,USDIDR,14904.0
2022-09-08,USDIDR,14865.2998046875
2022-09-09,USDIDR,14892.2998046875
2022-09-12,USDIDR,14823.0
2022-09-13,USDIDR,14858.7001953125
2022-09-14,USDIDR,14954.900390625
2022-09-15,USDIDR,14915.0
2022-09-16,USDIDR,14933.599609375
2022-09-19,USDIDR,14946.0
2022-09-20,USDIDR,14985.7998046875
2022-09-21,USDIDR,15008.599609375
2022-09-22,USDIDR,15019.0
2022-09-23,USDIDR,15026.599609375
2022-09-26,USDIDR,15031.0
2022-09-27,USDIDR,15204.0
2022-09-28,USDIDR,15167.2001953125
2022-09-29,USDIDR,15175.2998046875
2022-09-30,USDIDR,15175.2001953125
2022-10-03,USDIDR,15221.0
2022-10-04,USDIDR,15290.0
2022-10-05,USDIDR,15180.0
2022-10-06,USDIDR,15206.7001953125
2022-10-07,USDIDR,15215.7998046875
2022-10-10,USDIDR,15246.0
2022-10-11,USDIDR,15343.0
2022-10-12,USDIDR,15338.5
2022-10-13,USDIDR,15318.599609375
2022-10-14,USDIDR,15364.0
2022-10-17,USDIDR,15420.0
2022-10-18,USDIDR,15441.400390625
2022-10-19,USDIDR,15466.2001953125
2022-10-20,USDIDR,15620.0
2022-10-21,USDIDR,15562.0
2022-10-24,USDIDR,15626.0
2022-10-25,USDIDR,15586.5
2022-10-26,USDIDR,15549.0
2022-10-27,USDIDR,15502.7001953125
2022-10-28,USDIDR,15554.2001953125
2022-10-31,USDIDR,15549.2001953125
2022-11-01,USDIDR,15649.0
2022-11-02,USDIDR,15690.0
2022-11-03,USDIDR,15696.0
2022-11-04,USDIDR,15780.0
2022-11-07,USDIDR,15609.5
2022-11-08,USDIDR,15675.0
2022-11-09,USDIDR,15645.0
2022-11-10,USDIDR,15671.5
2022-11-11,USDIDR,15500.0
2022-11-14,USDIDR,15473.900390625
2022-11-15,USDIDR,15530.099609375
2022-11-16,USDIDR,15557.0
2022-11-17,USDIDR,15655.0
2022-11-18,USDIDR,15720.0
2022-11-21,USDIDR,15629.400390625
2022-11-22,USDIDR,15755.0
2022-11-23,USDIDR,15671.0
2022-11-24,USDIDR,15619.599609375
2022-11-25,USDIDR,15605.0
2022-11-28,USDIDR,15675.099609375
2022-11-29,USDIDR,15746.0
2022-11-30,USDIDR,15726.5
2022-12-01,USDIDR,15634.5
2022-12-02,USDIDR,15355.5
2022-12-05,USDIDR,15421.0
2022-12-06,USDIDR,15520.2998046875
2022-12-07,USDIDR,15623.0
2022-12-08,USDIDR,15596.0
2022-12-09,USDIDR,15590.0
2022-12-12,USDIDR,15582.0
2022-12-13,USDIDR,15676.2998046875
2022-12-14,USDIDR,15554.7001953125
2022-12-15,USDIDR,15481.0
2022-12-16,USDIDR,15626.0
2022-12-19,USDIDR,15615.900390625
2022-12-20,USDIDR,15567.5
2022-12-21,USDIDR,15556.0
2022-12-22,USDIDR,15513.0
2022-12-23,USDIDR,15563.0
2022-12-26,USDIDR,15565.900390625
2022-12-27,USDIDR,15607.0
2022-12-28,USDIDR,15617.5
2022-12-29,USDIDR,15789.0
2022-12-30,USDIDR,15620.0
2023-01-02,USDIDR,15508.7998046875
2023-01-03,USDIDR,15550.0
2023-01-04,USDIDR,15571.7998046875
2023-01-05,USDIDR,15560.0
2023-01-06,USDIDR,15620.0
2023-01-09,USDIDR,15602.2998046875
2023-01-10,USDIDR,15580.0
2023-01-11,USDIDR,15528.900390625
2023-01-12,USDIDR,15414.0
2023-01-13,USDIDR,15172.0
2023-01-16,USDIDR,15114.7998046875
2023-01-17,USDIDR,15082.0
2023-01-18,USDIDR,15162.0
2023-01-19,USDIDR,15096.0
2023-01-20,USDIDR,15141.0
2023-01-23,USDIDR,15055.900390625
2023-01-24,USDIDR,15007.0
2023-01-25,USDIDR,14955.5
2023-01-26,USDIDR,14938.7001953125
2023-01-27,USDIDR,14942.5
2023-01-30,USDIDR,14970.400390625
2023-01-31,USDIDR,14995.0
2023-02-01,USDIDR,14990.7001953125
2023-02-02,USDIDR,14855.0
2023-02-03,USDIDR,14881.0
2023-02-06,USDIDR,15078.7998046875
2023-02-07,USDIDR,15200.0
2023-02-08,USDIDR,15147.0
2023-02-09,USDIDR,15117.0
2023-02-10,USDIDR,15140.0
2023-02-13,USDIDR,15182.2001953125
2023-02-14,USDIDR,15211.0
2023-02-15,USDIDR,15179.0
2023-02-16,USDIDR,15210.0
2023-02-17,USDIDR,15142.0
2023-02-20,USDIDR,15159.0
2023-02-21,USDIDR,15162.5
2023-02-22,USDIDR,15233.0
2023-02-23,USDIDR,15192.0
2023-02-24,USDIDR,15210.0
2023-02-27,USDIDR,15257.7001953125
2023-02-28,USDIDR,15209.0
2023-03-01,USDIDR,15240.0
2023-03-02,USDIDR,15243.0
2023-03-03,USDIDR,15322.0
2023-03-06,USDIDR,15255.099609375
2023-03-07,USDIDR,15352.0
2023-03-08,USDIDR,15437.0
2023-03-09,USDIDR,15450.0
2023-03-10,USDIDR,15489.0
2023-03-13,USDIDR,15472.599609375
2023-03-14,USDIDR,15409.0
2023-03-15,USDIDR,15372.0
2023-03-16,USDIDR,15479.0
2023-03-17,USDIDR,15422.0
2023-03-20,USDIDR,15368.5
2023-03-21,USDIDR,15340.0
2023-03-22,USDIDR,15294.0
2023-03-23,USDIDR,15251.0
2023-03-24,USDIDR,15047.0
2023-03-27,USDIDR,15148.0
2023-03-28,USDIDR,15107.5
2023-03-29,USDIDR,15061.0
2023-03-30,USDIDR,15031.5
2023-03-31,USDIDR,15020.0
2023-04-03,USDIDR,14988.0
2023-04-04,USDIDR,14915.0
2023-04-05,USDIDR,14958.0
2023-04-06,USDIDR,14956.0
2023-04-07,USDIDR,14932.0
2023-04-10,USDIDR,14906.0
2023-04-11,USDIDR,14955.0
2023-04-12,USDIDR,14913.0
2023-04-13,USDIDR,14823.5
2023-04-14,USDIDR,14720.0
2023-04-17,USDIDR,14693.0
2023-04-18,USDIDR,14860.0
2023-04-19,USDIDR,14890.0
2023-04-20,USDIDR,15006.0
2023-04-21,USDIDR,14946.0
2023-04-24,USDIDR,14838.0
2023-04-25,USDIDR,14945.0
2023-04-26,USDIDR,14935.0
2023-04-27,USDIDR,14841.5
2023-04-28,USDIDR,14684.0
2023-05-01,USDIDR,14663.0
2023-05-02,USDIDR,14671.5
2023-05-03,USDIDR,14752.5
2023-05-04,USDIDR,14680.5
2023-05-05,USDIDR,14700.0
2023-05-08,USDIDR,14668.0
2023-05-09,USDIDR,14750.0
2023-05-10,USDIDR,14767.0
2023-05-11,USDIDR,14691.0
2023-05-12,USDIDR,14770.5
2023-05-15,USDIDR,14743.0
2023-05-16,USDIDR,14795.0
2023-05-17,USDIDR,14885.0
2023-05-18,USDIDR,14876.5
2023-05-19,USDIDR,14916.0
2023-05-22,USDIDR,14918.0
2023-05-23,USDIDR,14886.0
2023-05-24,USDIDR,14895.0
2023-05-25,USDIDR,14945.900390625
2023-05-26,USDIDR,14970.0
2023-05-29,USDIDR,14948.0
2023-05-30,USDIDR,14960.0
2023-05-31,USDIDR,14979.0
2023-06-01,USDIDR,14984.0
2023-06-02,USDIDR,14907.0
2023-06-05,USDIDR,14983.0
2023-06-06,USDIDR,14849.5
2023-06-07,USDIDR,14872.0
2023-06-08,USDIDR,14889.0
2023-06-09,USDIDR,14836.0
2023-06-12,USDIDR,14833.0
2023-06-13,USDIDR,14871.5
2023-06-14,USDIDR,14869.0
2023-06-15,USDIDR,14909.0
2023-06-16,USDIDR,14897.0
2023-06-19,USDIDR,14928.0
2023-06-20,USDIDR,15008.0
2023-06-21,USDIDR,15016.0
2023-06-22,USDIDR,14943.0
2023-06-23,USDIDR,14935.0
2023-06-26,USDIDR,14987.0
2023-06-27,USDIDR,15039.0
2023-06-28,USDIDR,14982.5
2023-06-29,USDIDR,14981.0
2023-06-30,USDIDR,15064.0
2023-07-03,USDIDR,14986.0
2023-07-04,USDIDR,15056.0
2023-07-05,USDIDR,15010.0
2023-07-06,USDIDR,15077.0
2023-07-07,USDIDR,15189.2998046875
2023-07-10,USDIDR,15128.0
2023-07-11,USDIDR,15216.0
2023-07-12,USDIDR,15156.7998046875
2023-07-13,USDIDR,14928.0
2023-07-14,USDIDR,14954.0
2023-07-17,USDIDR,14951.0
2023-07-18,USDIDR,14982.5
2023-07-19,USDIDR,14986.0
2023-07-20,USDIDR,14992.0
2023-07-21,USDIDR,15051.5
2023-07-24,USDIDR,15018.0
2023-07-25,USDIDR,15021.5
2023-07-26,USDIDR,15032.0
2023-07-27,USDIDR,15007.0
2023-07-28,USDIDR,15095.0
2023-07-31,USDIDR,15088.0
2023-08-01,USDIDR,15104.0
2023-08-02,USDIDR,15131.0
2023-08-03,USDIDR,15220.0
2023-08-04,USDIDR,15161.0
2023-08-07,USDIDR,15163.0
2023-08-08,USDIDR,15232.0
2023-08-09,USDIDR,15207.2001953125
2023-08-10,USDIDR,15207.0
2023-08-11,USDIDR,15259.0
2023-08-14,USDIDR,15317.0
2023-08-15,USDIDR,15347.0
2023-08-16,USDIDR,15311.5
2023-08-17,USDIDR,15362.0
2023-08-18,USDIDR,15362.5
2023-08-21,USDIDR,15278.0
2023-08-22,USDIDR,15318.900390625
2023-08-23,USDIDR,15317.0
2023-08-24,USDIDR,15294.099609375
2023-08-25,USDIDR,15239.0
2023-08-28,USDIDR,15288.0
2023-08-29,USDIDR,15255.5
2023-08-30,USDIDR,15196.5
2023-08-31,USDIDR,15216.0
2023-09-01,USDIDR,15231.0
2023-09-04,USDIDR,15233.0
2023-09-05,USDIDR,15227.0
2023-09-06,USDIDR,15298.0
2023-09-07,USDIDR,15336.0
2023-09-08,USDIDR,15342.0
2023-09-11,USDIDR,15318.0
2023-09-12,USDIDR,15339.099609375
2023-09-13,USDIDR,15350.2001953125
2023-09-14,USDIDR,15353.0
2023-09-15,USDIDR,15395.0
2023-09-18,USDIDR,15346.0
2023-09-19,USDIDR,15377.0
2023-09-20,USDIDR,15384.5
2023-09-21,USDIDR,15361.0
2023-09-22,USDIDR,15400.5
2023-09-25,USDIDR,15368.0
2023-09-26,USDIDR,15405.0
2023-09-27,USDIDR,15493.0
2023-09-28,USDIDR,15569.0
2023-09-29,USDIDR,15474.0
2023-10-02,USDIDR,15448.0
2023-10-03,USDIDR,15516.0
2023-10-04,USDIDR,15622.0
2023-10-05,USDIDR,15591.0
2023-10-06,USDIDR,15631.0
2023-10-09,USDIDR,15603.0
2023-10-10,USDIDR,15691.400390625
2023-10-11,USDIDR,15718.5
2023-10-12,USDIDR,15693.0
2023-10-13,USDIDR,15739.0
2023-10-16,USDIDR,15676.0
2023-10-17,USDIDR,15675.0
2023-10-18,USDIDR,15728.2001953125
2023-10-19,USDIDR,15807.0
2023-10-20,USDIDR,15856.0
2023-10-23,USDIDR,15868.0
2023-10-24,USDIDR,15874.0
2023-10-25,USDIDR,15868.0
2023-10-26,USDIDR,15877.5
2023-10-27,USDIDR,15920.0
2023-10-30,USDIDR,15903.5
2023-10-31,USDIDR,15843.0
2023-11-01,USDIDR,15748.7001953125
2023-11-02,USDIDR,15900.0
2023-11-03,USDIDR,15838.0
2023-11-06,USDIDR,15582.099609375
2023-11-07,USDIDR,15570.0
2023-11-08,USDIDR,15643.599609375
2023-11-09,USDIDR,15616.0
2023-11-10,USDIDR,15713.7001953125
2023-11-13,USDIDR,15683.0
2023-11-14,USDIDR,15667.0
2023-11-15,USDIDR,15281.0
2023-11-16,USDIDR,15487.7998046875
2023-11-17,USDIDR,15475.0
2023-11-20,USDIDR,15399.400390625
2023-11-21,USDIDR,15382.099609375
2023-11-22,USDIDR,15501.2998046875
2023-11-23,USDIDR,15612.7998046875
2023-11-24,USDIDR,15495.0
2023-11-27,USDIDR,15560.0
2023-11-28,USDIDR,15466.5
2023-11-29,USDIDR,15259.0
2023-11-30,USDIDR,15407.0
2023-12-01,USDIDR,15549.2998046875
2023-12-04,USDIDR,15437.400390625
2023-12-05,USDIDR,15519.900390625
2023-12-06,USDIDR,15457.0
2023-12-07,USDIDR,15480.0
2023-12-08,USDIDR,15500.0
2023-12-11,USDIDR,15560.2001953125
2023-12-12,USDIDR,15647.0
2023-12-13,USDIDR,15569.0
2023-12-14,USDIDR,15275.0
2023-12-15,USDIDR,15468.0
2023-12-18,USDIDR,15282.7998046875
2023-12-19,USDIDR,15454.400390625
2023-12-20,USDIDR,15455.0
2023-12-21,USDIDR,15518.0
2023-12-22,USDIDR,15440.0
2023-12-25,USDIDR,15409.2001953125
2023-12-26,USDIDR,15460.0
2023-12-27,USDIDR,15400.0
2023-12-28,USDIDR,15373.0
2023-12-29,USDIDR,15425.0
2024-01-01,USDIDR,15383.099609375
2024-01-02,USDIDR,15383.0
2024-01-03,USDIDR,15498.0
2024-01-04,USDIDR,15555.0
2024-01-05,USDIDR,15511.0
2024-01-08,USDIDR,15477.5
2024-01-09,USDIDR,15495.5
2024-01-10,USDIDR,15534.5
2024-01-11,USDIDR,15555.0
2024-01-12,USDIDR,15556.5
2024-01-15,USDIDR,15503.2001953125
2024-01-16,USDIDR,15546.0
2024-01-17,USDIDR,15625.0
2024-01-18,USDIDR,15624.0
2024-01-19,USDIDR,15613.099609375
2024-01-22,USDIDR,15601.0
2024-01-23,USDIDR,15655.5
2024-01-24,USDIDR,15715.0
2024-01-25,USDIDR,15714.5
2024-01-26,USDIDR,15808.0
2024-01-29,USDIDR,15767.599609375
2024-01-30,USDIDR,15828.0
2024-01-31,USDIDR,15785.0
2024-02-01,USDIDR,15769.0
2024-02-02,USDIDR,15726.0
2024-02-05,USDIDR,15727.2001953125
2024-02-06,USDIDR,15711.5
2024-02-07,USDIDR,15733.0
2024-02-08,USDIDR,15647.0
2024-02-09,USDIDR,15660.2998046875
2024-02-12,USDIDR,15598.0
2024-02-13,USDIDR,15579.5
2024-02-14,USDIDR,15661.5
2024-02-15,USDIDR,15553.099609375
2024-02-16,USDIDR,15672.0
2024-02-19,USDIDR,15628.599609375
2024-02-20,USDIDR,15634.0
2024-02-21,USDIDR,15661.0
2024-02-22,USDIDR,15642.0
2024-02-23,USDIDR,15588.0
2024-02-26,USDIDR,15586.099609375
2024-02-27,USDIDR,15638.5
2024-02-28,USDIDR,15653.0
2024-02-29,USDIDR,15712.2001953125
2024-03-01,USDIDR,15704.0
2024-03-04,USDIDR,15691.900390625
2024-03-05,USDIDR,15766.0
2024-03-06,USDIDR,15751.5
2024-03-07,USDIDR,15668.0
2024-03-08,USDIDR,15621.0
2024-03-11,USDIDR,15536.2998046875
2024-03-12,USDIDR,15518.0
2024-03-13,USDIDR,15546.0
2024-03-14,USDIDR,15574.0
2024-03-15,USDIDR,15630.0
2024-03-18,USDIDR,15639.2998046875
2024-03-19,USDIDR,15743.0
2024-03-20,USDIDR,15718.0
2024-03-21,USDIDR,15687.0
2024-03-22,USDIDR,15723.5
2024-03-25,USDIDR,15802.599609375
2024-03-26,USDIDR,15784.0
2024-03-27,USDIDR,15828.0
2024-03-28,USDIDR,15877.0
2024-03-29,USDIDR,15877.0
2024-04-01,USDIDR,15848.0
2024-04-02,USDIDR,15945.7998046875
2024-04-03,USDIDR,15955.0
2024-04-04,USDIDR,15936.0
2024-04-05,USDIDR,15904.5
2024-04-08,USDIDR,15881.0
2024-04-09,USDIDR,15918.0
2024-04-10,USDIDR,15892.2998046875
2024-04-11,USDIDR,15998.2001953125
2024-04-12,USDIDR,16007.0
2024-04-15,USDIDR,16111.0
2024-04-16,USDIDR,16075.0
2024-04-17,USDIDR,16312.2001953125
2024-04-18,USDIDR,16246.0
2024-04-19,USDIDR,16220.0
2024-04-22,USDIDR,16210.2998046875
2024-04-23,USDIDR,16246.0
2024-04-24,USDIDR,16140.2001953125
2024-04-25,USDIDR,16220.0
2024-04-26,USDIDR,16202.0
2024-04-29,USDIDR,16203.0
2024-04-30,USDIDR,16246.0
2024-05-01,USDIDR,16273.0
2024-05-02,USDIDR,16190.400390625
2024-05-03,USDIDR,16097.0
2024-05-06,USDIDR,16077.0
2024-05-07,USDIDR,16034.0
2024-05-08,USDIDR,16073.0
2024-05-09,USDIDR,16074.0
2024-05-10,USDIDR,16030.0
2024-05-13,USDIDR,16038.0
2024-05-14,USDIDR,16121.0
2024-05-15,USDIDR,16102.0
2024-05-16,USDIDR,15914.0
2024-05-17,USDIDR,15930.7998046875
2024-05-20,USDIDR,15958.0
2024-05-21,USDIDR,16031.0
2024-05-22,USDIDR,16005.0
2024-05-23,USDIDR,16040.7001953125
2024-05-24,USDIDR,16095.0
2024-05-27,USDIDR,16038.0
2024-05-28,USDIDR,16071.0
2024-05-29,USDIDR,16117.0
2024-05-30,USDIDR,16232.099609375
2024-05-31,USDIDR,16228.0
2024-06-03,USDIDR,16243.0
2024-06-04,USDIDR,16203.0
2024-06-05,USDIDR,16276.0
2024-06-06,USDIDR,16315.0
2024-06-07,USDIDR,16241.7001953125
2024-06-10,USDIDR,16270.0
2024-06-11,USDIDR,16312.0
2024-06-12,USDIDR,16305.400390625
2024-06-13,USDIDR,16230.0
2024-06-14,USDIDR,16286.0
2024-06-17,USDIDR,16479.900390625
2024-06-18,USDIDR,16479.0
2024-06-19,USDIDR,16379.0
2024-06-20,USDIDR,16380.900390625
2024-06-21,USDIDR,16491.900390625
2024-06-24,USDIDR,16443.0
2024-06-25,USDIDR,16394.099609375
2024-06-26,USDIDR,16401.0
2024-06-27,USDIDR,16434.0
2024-06-28,USDIDR,16374.400390625
2024-07-01,USDIDR,16343.0
2024-07-02,USDIDR,16390.0
2024-07-03,USDIDR,16391.0
2024-07-04,USDIDR,16340.0
2024-07-05,USDIDR,16328.5
2024-07-08,USDIDR,16245.0
2024-07-09,USDIDR,16277.2001953125
2024-07-10,USDIDR,16277.0
2024-07-11,USDIDR,16198.0
2024-07-12,USDIDR,16104.0
2024-07-15,USDIDR,16108.0
2024-07-16,USDIDR,16195.0
2024-07-17,USDIDR,16173.0
2024-07-18,USDIDR,16138.0
2024-07-19,USDIDR,16185.0
2024-07-22,USDIDR,16206.0
2024-07-23,USDIDR,16220.2001953125
2024-07-24,USDIDR,16222.0
2024-07-25,USDIDR,16246.0
2024-07-26,USDIDR,16337.7998046875
2024-07-29,USDIDR,16283.0
2024-07-30,USDIDR,16301.7001953125
2024-07-31,USDIDR,16328.5
2024-08-01,USDIDR,16255.0
2024-08-02,USDIDR,16281.0
2024-08-05,USDIDR,16012.0
2024-08-06,USDIDR,16208.0
2024-08-07,USDIDR,16152.2998046875
2024-08-08,USDIDR,16023.0
2024-08-09,USDIDR,15979.0
2024-08-12,USDIDR,15918.0
2024-08-13,USDIDR,15949.099609375
2024-08-14,USDIDR,15749.0
2024-08-15,USDIDR,15619.5
2024-08-16,USDIDR,15755.0
2024-08-19,USDIDR,15683.0
2024-08-20,USDIDR,15523.0
2024-08-21,USDIDR,15442.0
2024-08-22,USDIDR,15484.0
2024-08-23,USDIDR,15728.5
2024-08-26,USDIDR,15377.2001953125
2024-08-27,USDIDR,15462.599609375
2024-08-28,USDIDR,15467.099609375
2024-08-29,USDIDR,15440.0
2024-08-30,USDIDR,15444.7998046875
2024-09-02,USDIDR,15525.0
2024-09-03,USDIDR,15520.099609375
2024-09-04,USDIDR,15532.900390625
2024-09-05,USDIDR,15444.400390625
2024-09-06,USDIDR,15417.0
2024-09-09,USDIDR,15405.0
2024-09-10,USDIDR,15456.7998046875
2024-09-11,USDIDR,15489.0
2024-09-12,USDIDR,15437.0
2024-09-13,USDIDR,15418.7001953125
2024-09-16,USDIDR,15393.0
2024-09-17,USDIDR,15385.0
2024-09-18,USDIDR,15345.0
2024-09-19,USDIDR,15300.2001953125
2024-09-20,USDIDR,15197.599609375
2024-09-23,USDIDR,15154.0
2024-09-24,USDIDR,15174.099609375
2024-09-25,USDIDR,15121.099609375
2024-09-26,USDIDR,15201.5
2024-09-27,USDIDR,15070.0
2024-09-30,USDIDR,15118.0
2024-10-01,USDIDR,15170.599609375
2024-10-02,USDIDR,15260.599609375
2024-10-03,USDIDR,15324.0
2024-10-04,USDIDR,15457.0
2024-10-07,USDIDR,15650.0
2024-10-08,USDIDR,15744.0
2024-10-09,USDIDR,15682.400390625
2024-10-10,USDIDR,15664.599609375
2024-10-11,USDIDR,15670.900390625
2024-10-14,USDIDR,15562.0
2024-10-15,USDIDR,15573.0
2024-10-16,USDIDR,15578.599609375
2024-10-17,USDIDR,15583.900390625
2024-10-18,USDIDR,15493.0
2024-10-21,USDIDR,15467.0
2024-10-22,USDIDR,15556.0
2024-10-23,USDIDR,15586.0
2024-10-24,USDIDR,15663.0
2024-10-25,USDIDR,15621.5
2024-10-28,USDIDR,15688.099609375
2024-10-29,USDIDR,15747.0
2024-10-30,USDIDR,15768.0
2024-10-31,USDIDR,15695.5
2024-11-01,USDIDR,15713.0
2024-11-04,USDIDR,15842.0
2024-11-05,USDIDR,15790.0
2024-11-06,USDIDR,15665.0
2024-11-07,USDIDR,15818.2001953125
2024-11-08,USDIDR,15558.0
2024-11-11,USDIDR,15647.2001953125
2024-11-12,USDIDR,15765.0
2024-11-13,USDIDR,15788.900390625
2024-11-14,USDIDR,15847.2001953125
2024-11-15,USDIDR,15933.2998046875
2024-11-18,USDIDR,15891.2998046875
2024-11-19,USDIDR,15806.099609375
2024-11-20,USDIDR,15817.099609375
2024-11-21,USDIDR,15913.0
2024-11-22,USDIDR,15816.900390625
2024-11-25,USDIDR,15940.0
2024-11-26,USDIDR,15901.2001953125
2024-11-27,USDIDR,15930.0
2024-11-28,USDIDR,15863.5
2024-11-29,USDIDR,15878.0
2024-12-02,USDIDR,15829.0
2024-12-03,USDIDR,15910.0
2024-12-04,USDIDR,15940.0
2024-12-05,USDIDR,15906.599609375
2024-12-06,USDIDR,15839.7998046875
2024-12-09,USDIDR,15825.7998046875
2024-12-10,USDIDR,15864.0
2024-12-11,USDIDR,15908.0
2024-12-12,USDIDR,15963.0
2024-12-13,USDIDR,15967.400390625
2024-12-16,USDIDR,16025.7998046875
2024-12-17,USDIDR,15955.0
2024-12-18,USDIDR,15926.2001953125
2024-12-19,USDIDR,16145.2998046875
2024-12-20,USDIDR,15981.2998046875
2024-12-23,USDIDR,16159.2998046875
2024-12-24,USDIDR,16217.599609375
2024-12-25,USDIDR,15970.7998046875
2024-12-26,USDIDR,15069.400390625
2024-12-27,USDIDR,16189.0
2024-12-30,USDIDR,16178.0
2024-12-31,USDIDR,16085.599609375
2025-01-02,USDIDR,16230.5
2025-01-03,USDIDR,16201.099609375
2025-01-06,USDIDR,16178.7998046875
2025-01-07,USDIDR,16179.099609375
2025-01-08,USDIDR,16157.7001953125
2025-01-09,USDIDR,16187.599609375
2025-01-10,USDIDR,16237.0
2025-01-13,USDIDR,16268.0
2025-01-14,USDIDR,16295.2001953125
2025-01-15,USDIDR,16320.0
2025-01-16,USDIDR,16360.7998046875
2025-01-17,USDIDR,16368.7998046875
2025-01-20,USDIDR,16367.099609375
2025-01-21,USDIDR,16245.0
2025-01-22,USDIDR,16330.7998046875
2025-01-23,USDIDR,16232.7998046875
2025-01-24,USDIDR,16230.900390625
2025-01-27,USDIDR,16164.900390625
2025-01-28,USDIDR,16155.599609375
2025-01-29,USDIDR,15881.2001953125
2025-01-30,USDIDR,16238.0
2025-01-31,USDIDR,16274.5
2025-02-03,USDIDR,16341.2998046875
2025-02-04,USDIDR,16320.0
2025-02-05,USDIDR,16299.099609375
2025-02-06,USDIDR,16298.099609375
2025-02-07,USDIDR,16327.0
2025-02-10,USDIDR,16314.7001953125
2025-02-11,USDIDR,16330.099609375
2025-02-12,USDIDR,16343.2998046875
2025-02-13,USDIDR,16375.0
2025-02-14,USDIDR,16219.0
2025-02-17,USDIDR,16173.0
2025-02-18,USDIDR,16220.0
2025-02-19,USDIDR,16317.0
2025-02-20,USDIDR,16346.400390625
2025-02-21,USDIDR,16245.099609375
2025-02-24,USDIDR,16278.0
2025-02-25,USDIDR,16279.2998046875
2025-02-26,USDIDR,16314.0
2025-02-27,USDIDR,16367.400390625
2025-02-28,USDIDR,16553.69921875
2025-03-03,USDIDR,16522.0
2025-03-04,USDIDR,16451.19921875
2025-03-05,USDIDR,16379.0
2025-03-06,USDIDR,16268.900390625
2025-03-07,USDIDR,16322.099609375
2025-03-10,USDIDR,16292.599609375
2025-03-11,USDIDR,16324.0
2025-03-12,USDIDR,16433.900390625
2025-03-13,USDIDR,16305.599609375
2025-03-14,USDIDR,16259.2998046875
2025-03-17,USDIDR,16321.0
2025-03-18,USDIDR,16370.0
2025-03-19,USDIDR,16514.5
2025-03-20,USDIDR,16330.2998046875
2025-03-21,USDIDR,16428.5
2025-03-24,USDIDR,16519.0
2025-03-25,USDIDR,16575.80078125
2025-03-26,USDIDR,16621.0
2025-03-27,USDIDR,16629.0
2025-03-28,USDIDR,16560.900390625
2025-03-31,USDIDR,16575.0
2025-04-01,USDIDR,16652.0
2025-04-02,USDIDR,16731.400390625
2025-04-03,USDIDR,16739.0
2025-04-04,USDIDR,16739.80078125
2025-04-07,USDIDR,16738.0
2025-04-08,USDIDR,16855.69921875
2025-04-09,USDIDR,17051.900390625
2025-04-10,USDIDR,16805.5
2025-04-11,USDIDR,16833.80078125
2025-04-14,USDIDR,16788.0
2025-04-15,USDIDR,16780.0
2025-04-16,USDIDR,16813.5
2025-04-17,USDIDR,16794.599609375
2025-04-22,USDIDR,16814.900390625
2025-04-23,USDIDR,16858.099609375
2025-04-24,USDIDR,16846.0
2025-04-25,USDIDR,16778.5
2025-04-28,USDIDR,16823.0
2025-04-29,USDIDR,16795.0
2025-04-30,USDIDR,16711.900390625
2025-05-01,USDIDR,16545.900390625
2025-05-02,USDIDR,16606.0
2025-05-05,USDIDR,16460.0
2025-05-06,USDIDR,16421.5
2025-05-07,USDIDR,16432.0
2025-05-08,USDIDR,16492.599609375
2025-05-09,USDIDR,16538.30078125
2025-05-12,USDIDR,16543.0
2025-05-13,USDIDR,16688.80078125
2025-05-14,USDIDR,16599.400390625
2025-05-15,USDIDR,16558.19921875
2025-05-16,USDIDR,16511.80078125
2025-05-19,USDIDR,16487.0
2025-05-20,USDIDR,16428.0
2025-05-21,USDIDR,16403.0
2025-05-22,USDIDR,16347.599609375
2025-05-23,USDIDR,16356.900390625
2025-05-26,USDIDR,16211.0
2025-05-27,USDIDR,16243.5
2025-05-28,USDIDR,16279.0
2025-05-29,USDIDR,16286.0
2025-05-30,USDIDR,16293.0
2025-06-02,USDIDR,16322.0
2025-06-03,USDIDR,16288.5
2025-06-04,USDIDR,16332.400390625
2025-06-05,USDIDR,16291.5
2025-06-06,USDIDR,16246.400390625
2025-06-09,USDIDR,16309.0
2025-06-10,USDIDR,16278.7998046875
2025-06-11,USDIDR,16247.7998046875
2025-06-12,USDIDR,15778.0
2025-06-13,USDIDR,16164.5
2025-06-16,USDIDR,16282.599609375
2025-06-17,USDIDR,15801.0
2025-06-18,USDIDR,16275.0
2025-06-19,USDIDR,15598.5
2025-06-20,USDIDR,16390.0
2025-06-23,USDIDR,16431.0
2025-06-24,USDIDR,16370.0
2025-06-25,USDIDR,16290.0
2025-06-26,USDIDR,16290.0
2025-06-27,USDIDR,16222.7998046875
2025-06-30,USDIDR,16229.0
2025-07-01,USDIDR,16230.0
2025-07-02,USDIDR,16236.400390625
2025-07-03,USDIDR,16235.0
2025-07-04,USDIDR,16203.7001953125
2025-07-07,USDIDR,16178.0
2025-07-08,USDIDR,16318.900390625
2025-07-09,USDIDR,16261.0
2025-07-10,USDIDR,16235.0
2025-07-11,USDIDR,16209.099609375
2025-07-14,USDIDR,16222.0
2025-07-15,USDIDR,16256.2001953125
2025-07-16,USDIDR,16252.099609375
2025-07-17,USDIDR,16271.2001953125
2025-07-18,USDIDR,16329.7001953125
2025-07-21,USDIDR,16321.0
2025-07-22,USDIDR,16329.5
2025-07-23,USDIDR,16245.2998046875
2025-07-24,USDIDR,16266.099609375
2025-07-25,USDIDR,16307.0
2025-07-28,USDIDR,16353.0
2025-07-29,USDIDR,16398.80078125
2025-07-30,USDIDR,16367.900390625
2025-07-31,USDIDR,16426.80078125
2025-08-01,USDIDR,16483.0
2025-08-04,USDIDR,16483.0
2025-08-05,USDIDR,16362.0
2025-08-06,USDIDR,16377.5
2025-08-07,USDIDR,16334.7001953125
2025-08-08,USDIDR,16300.0
2025-08-11,USDIDR,16249.0
2025-08-12,USDIDR,16298.0
2025-08-13,USDIDR,16248.2001953125
2025-08-14,USDIDR,16109.0
2025-08-15,USDIDR,16169.0
2025-08-18,USDIDR,16196.0
2025-08-19,USDIDR,16205.400390625
2025-08-20,USDIDR,16275.2001953125
2025-08-21,USDIDR,16263.599609375
2025-08-22,USDIDR,16339.7001953125
2025-08-25,USDIDR,16227.0
2025-08-26,USDIDR,16267.0
2025-08-27,USDIDR,16299.2001953125
2025-08-28,USDIDR,16314.0
2025-08-29,USDIDR,16344.2998046875
2025-09-01,USDIDR,16409.0
2025-09-02,USDIDR,16405.19921875
2025-09-03,USDIDR,16443.900390625
2025-09-04,USDIDR,16463.0
2025-09-05,USDIDR,16452.099609375
2025-09-08,USDIDR,16392.0
2025-09-09,USDIDR,16446.099609375
2025-09-10,USDIDR,16449.900390625
2025-09-11,USDIDR,16439.0
2025-09-12,USDIDR,16413.599609375
2025-09-15,USDIDR,16401.0
2025-09-16,USDIDR,16364.599609375
2025-09-17,USDIDR,16398.099609375
2025-09-18,USDIDR,16418.599609375
2025-09-19,USDIDR,16569.099609375
2025-09-22,USDIDR,16637.0
2025-09-23,USDIDR,16582.0
2025-09-24,USDIDR,16633.0
2025-09-25,USDIDR,16695.099609375
2025-09-26,USDIDR,16759.099609375
2025-09-29,USDIDR,16723.0
2025-09-30,USDIDR,16628.0
2025-10-01,USDIDR,16683.0
2025-10-02,USDIDR,16644.099609375
2025-10-03,USDIDR,16601.5
2025-10-06,USDIDR,16558.0
2025-10-07,USDIDR,16596.5
2025-10-08,USDIDR,16587.0
2025-10-09,USDIDR,16556.0
2025-10-10,USDIDR,16577.69921875
2025-10-13,USDIDR,16598.0
2025-10-14,USDIDR,16548.0
2025-10-15,USDIDR,16585.900390625
2025-10-16,USDIDR,16575.0
2025-10-17,USDIDR,16561.900390625
2025-10-20,USDIDR,16566.0
2025-10-21,USDIDR,16542.0
2025-10-22,USDIDR,16598.900390625
2025-10-23,USDIDR,16596.599609375
2025-10-24,USDIDR,16593.80078125
2025-10-27,USDIDR,16597.80078125
2025-10-28,USDIDR,16158.2001953125
2025-10-29,USDIDR,16561.779296875
2025-10-30,USDIDR,16562.0
2025-10-31,USDIDR,16150.0
2025-11-03,USDIDR,16630.0
2025-11-04,USDIDR,16640.900390625
2025-11-05,USDIDR,16707.0
2025-11-06,USDIDR,16669.0
2025-11-07,USDIDR,16694.099609375
2025-11-10,USDIDR,16653.0
2025-11-11,USDIDR,16690.0
2025-11-12,USDIDR,16694.900390625
2025-11-13,USDIDR,16729.0
2025-11-14,USDIDR,16719.0
2025-11-17,USDIDR,16679.5
2025-11-18,USDIDR,16738.900390625
2025-11-19,USDIDR,16727.69921875
2025-11-20,USDIDR,16686.69921875
2025-11-21,USDIDR,16731.0
2025-11-24,USDIDR,16639.0
2025-11-25,USDIDR,16645.0
2025-11-26,USDIDR,16633.5
2025-11-27,USDIDR,16614.69921875
2025-11-28,USDIDR,16603.900390625
2025-12-01,USDIDR,16635.0
2025-12-02,USDIDR,16609.0
2025-12-03,USDIDR,16609.900390625
2025-12-04,USDIDR,16594.0
2025-12-05,USDIDR,16654.400390625
2025-12-08,USDIDR,16683.0
2025-12-09,USDIDR,16686.0
2025-12-10,USDIDR,16662.0
2025-12-11,USDIDR,16639.0
2025-12-12,USDIDR,16649.0
2025-12-15,USDIDR,16623.099609375
2025-12-16,USDIDR,16645.80078125
2025-12-17,USDIDR,16644.599609375
2025-12-18,USDIDR,16657.0
2025-12-19,USDIDR,16685.19921875
2025-12-22,USDIDR,16678.5
2025-12-23,USDIDR,16756.400390625
2025-12-24,USDIDR,16735.0
2025-12-26,USDIDR,16753.099609375
2025-12-29,USDIDR,16741.099609375
2025-12-30,USDIDR,16770.0
2025-12-31,USDIDR,16709.0
2026-01-02,USDIDR,16668.0
2026-01-05,USDIDR,16683.0
2026-01-06,USDIDR,16727.19921875
2026-01-07,USDIDR,16742.0
2026-01-08,USDIDR,16753.0
2026-01-09,USDIDR,16805.69921875
2026-01-12,USDIDR,16826.69921875
2026-01-13,USDIDR,16859.400390625
2026-01-14,USDIDR,16840.80078125
2026-01-15,USDIDR,16845.099609375
2026-01-16,USDIDR,16878.900390625
2026-01-19,USDIDR,16876.599609375
2026-01-20,USDIDR,16939.0
2026-01-21,USDIDR,16960.099609375
2026-01-22,USDIDR,16897.0
2026-01-23,USDIDR,16820.0
2026-01-26,USDIDR,16770.0
2026-01-27,USDIDR,16734.0
2026-01-28,USDIDR,16674.69921875
2026-01-29,USDIDR,16722.80078125
2026-01-30,USDIDR,16778.30078125
2026-02-02,USDIDR,16758.400390625
2026-02-03,USDIDR,16758.400390625
2026-02-04,USDIDR,16759.0
2026-02-05,USDIDR,16800.0
2026-02-06,USDIDR,16879.900390625
2026-02-09,USDIDR,16843.5
2026-02-10,USDIDR,16796.0
2026-02-11,USDIDR,16778.0
2026-02-12,USDIDR,16793.900390625
2026-02-13,USDIDR,16809.0
2026-02-16,USDIDR,16826.099609375
2026-02-17,USDIDR,16806.599609375
2026-02-18,USDIDR,16840.0
2026-02-19,USDIDR,16915.30078125
2026-02-20,USDIDR,16887.19921875
2026-02-23,USDIDR,16843.400390625
2026-02-24,USDIDR,16804.30078125
2026-02-25,USDIDR,16816.80078125
2026-02-26,USDIDR,16749.80078125
2026-02-27,USDIDR,16749.0
2026-03-02,USDIDR,16795.0
2026-03-03,USDIDR,16863.0
2026-03-04,USDIDR,16898.099609375
2026-03-05,USDIDR,16865.0
2026-03-06,USDIDR,16913.099609375
2026-03-09,USDIDR,16923.69921875
2026-03-10,USDIDR,16886.0
2026-03-11,USDIDR,16852.0
2026-03-12,USDIDR,16884.0
2026-03-13,USDIDR,16908.0
2026-03-16,USDIDR,16952.099609375
2026-03-17,USDIDR,16953.099609375
2026-03-18,USDIDR,16971.30078125
2026-03-19,USDIDR,17041.69921875
2026-03-20,USDIDR,16915.900390625
2026-03-23,USDIDR,16959.30078125
2026-03-24,USDIDR,16865.099609375
2026-03-25,USDIDR,16797.30078125
2026-03-26,USDIDR,16749.599609375
2026-03-27,USDIDR,16925.0
2026-03-30,USDIDR,16958.0
2026-03-31,USDIDR,16975.400390625
2026-04-01,USDIDR,16936.400390625
2026-04-02,USDIDR,16924.099609375
2026-04-03,USDIDR,16959.0
2026-04-06,USDIDR,16988.0
2026-04-07,USDIDR,17015.30078125
2026-04-08,USDIDR,17027.400390625
2026-04-09,USDIDR,17005.5
2026-04-10,USDIDR,17059.0
2026-04-13,USDIDR,17083.0
2026-04-14,USDIDR,17079.19921875
2026-04-15,USDIDR,17129.0
2026-04-16,USDIDR,17146.099609375
2026-04-17,USDIDR,17123.0
2026-04-20,USDIDR,17133.0
2026-04-21,USDIDR,17123.80078125
2026-04-22,USDIDR,17133.099609375
2026-04-23,USDIDR,17199.5
2026-04-24,USDIDR,17329.0
2026-04-27,USDIDR,17246.0
2026-04-28,USDIDR,17216.0
2026-04-29,USDIDR,17244.0
2026-04-30,USDIDR,17334.19921875
2026-05-01,USDIDR,17311.0
2026-05-04,USDIDR,17288.5
2026-05-05,USDIDR,17346.19921875
2026-05-06,USDIDR,17389.80078125
2026-05-07,USDIDR,17296.900390625
2026-05-08,USDIDR,17294.900390625
2026-05-11,USDIDR,17358.0
2026-05-12,USDIDR,17413.0
2026-05-13,USDIDR,17549.0
2026-05-14,USDIDR,17500.0
2026-05-15,USDIDR,17530.599609375
2026-05-18,USDIDR,17586.0
2026-05-19,USDIDR,17701.0
2026-05-20,USDIDR,17777.0
2026-05-21,USDIDR,17658.400390625
2026-05-22,USDIDR,17692.0
2026-05-25,USDIDR,17692.0
2026-05-26,USDIDR,17762.0
2026-05-27,USDIDR,17699.69921875
2026-05-28,USDIDR,17804.0
2026-05-29,USDIDR,17840.0
2026-06-01,USDIDR,17817.0
2026-06-02,USDIDR,17864.0
2026-06-03,USDIDR,17858.0
2026-06-04,USDIDR,18004.19921875
2026-06-05,USDIDR,17955.5
2026-06-08,USDIDR,18029.0
2026-06-09,USDIDR,18190.30078125
2026-06-10,USDIDR,18031.0
2026-06-11,USDIDR,17875.900390625
2026-06-12,USDIDR,17921.0
2026-06-15,USDIDR,17772.0
2026-06-16,USDIDR,17716.0
2026-06-17,USDIDR,17730.0
2026-06-18,USDIDR,17891.0
2026-06-19,USDIDR,17794.400390625
2026-06-22,USDIDR,17788.0
2026-06-23,USDIDR,17862.0
2026-06-24,USDIDR,17916.0
2026-06-25,USDIDR,17990.0
2026-06-26,USDIDR,17905.0
2016-06-27,USDINR,67.87699890136719
2016-06-28,USDINR,67.9209976196289
2016-06-29,USDINR,67.70500183105469
2016-06-30,USDINR,67.41600036621094
2016-07-01,USDINR,67.5009994506836
2016-07-04,USDINR,67.18199920654297
2016-07-05,USDINR,67.23699951171875
2016-07-06,USDINR,67.4260025024414
2016-07-07,USDINR,67.4010009765625
2016-07-08,USDINR,67.49700164794922
2016-07-11,USDINR,67.13200378417969
2016-07-12,USDINR,67.1449966430664
2016-07-13,USDINR,66.87000274658203
2016-07-14,USDINR,67.00599670410156
2016-07-15,USDINR,66.83799743652344
2016-07-18,USDINR,67.13300323486328
2016-07-19,USDINR,67.13899993896484
2016-07-20,USDINR,67.20600128173828
2016-07-21,USDINR,67.16400146484375
2016-07-22,USDINR,67.15399932861328
2016-07-25,USDINR,67.14600372314453
2016-07-26,USDINR,67.40499877929688
2016-07-27,USDINR,67.28399658203125
2016-07-28,USDINR,67.06300354003906
2016-07-29,USDINR,67.00700378417969
2016-08-01,USDINR,66.64800262451172
2016-08-02,USDINR,66.7509994506836
2016-08-03,USDINR,66.6760025024414
2016-08-04,USDINR,66.76000213623047
2016-08-05,USDINR,66.84100341796875
2016-08-08,USDINR,66.83499908447266
2016-08-09,USDINR,66.79399871826172
2016-08-10,USDINR,66.78299713134766
2016-08-11,USDINR,66.75800323486328
2016-08-12,USDINR,66.73999786376953
2016-08-15,USDINR,66.89959716796875
2016-08-16,USDINR,66.86489868164062
2016-08-17,USDINR,66.85769653320312
2016-08-18,USDINR,66.90550231933594
2016-08-19,USDINR,66.81999969482422
2016-08-22,USDINR,67.12750244140625
2016-08-23,USDINR,67.1874008178711
2016-08-24,USDINR,67.12999725341797
2016-08-25,USDINR,67.16000366210938
2016-08-26,USDINR,67.00559997558594
2016-08-29,USDINR,67.12899780273438
2016-08-30,USDINR,67.08999633789062
2016-08-31,USDINR,67.12660217285156
2016-09-01,USDINR,66.97470092773438
2016-09-02,USDINR,66.79299926757812
2016-09-05,USDINR,66.57279968261719
2016-09-06,USDINR,66.45999908447266
2016-09-07,USDINR,66.25520324707031
2016-09-08,USDINR,66.47160339355469
2016-09-09,USDINR,66.44999694824219
2016-09-12,USDINR,66.77799987792969
2016-09-13,USDINR,66.7229995727539
2016-09-14,USDINR,66.99500274658203
2016-09-15,USDINR,66.75810241699219
2016-09-16,USDINR,66.85030364990234
2016-09-19,USDINR,67.06529998779297
2016-09-20,USDINR,66.9552001953125
2016-09-21,USDINR,66.9749984741211
2016-09-22,USDINR,66.76119995117188
2016-09-23,USDINR,66.62259674072266
2016-09-26,USDINR,66.69650268554688
2016-09-27,USDINR,66.60649871826172
2016-09-28,USDINR,66.44129943847656
2016-09-29,USDINR,66.33280181884766
2016-09-30,USDINR,66.81629943847656
2016-10-03,USDINR,66.54650115966797
2016-10-04,USDINR,66.38030242919922
2016-10-05,USDINR,66.5780029296875
2016-10-06,USDINR,66.56320190429688
2016-10-07,USDINR,66.68710327148438
2016-10-10,USDINR,66.59120178222656
2016-10-11,USDINR,66.48509979248047
2016-10-12,USDINR,66.79850006103516
2016-10-13,USDINR,66.81809997558594
2016-10-14,USDINR,66.78399658203125
2016-10-17,USDINR,66.7052993774414
2016-10-18,USDINR,66.78359985351562
2016-10-19,USDINR,66.73799896240234
2016-10-20,USDINR,66.63639831542969
2016-10-21,USDINR,66.84130096435547
2016-10-24,USDINR,66.91120147705078
2016-10-25,USDINR,66.83399963378906
2016-10-26,USDINR,66.78130340576172
2016-10-27,USDINR,66.86399841308594
2016-10-28,USDINR,66.90299987792969
2016-10-31,USDINR,66.78140258789062
2016-11-01,USDINR,66.66549682617188
2016-11-02,USDINR,66.67849731445312
2016-11-03,USDINR,66.77749633789062
2016-11-04,USDINR,66.68450164794922
2016-11-07,USDINR,66.7853012084961
2016-11-08,USDINR,66.73500061035156
2016-11-09,USDINR,66.22949981689453
2016-11-10,USDINR,66.50749969482422
2016-11-11,USDINR,67.2145004272461
2016-11-14,USDINR,67.54679870605469
2016-11-15,USDINR,67.77549743652344
2016-11-16,USDINR,67.74800109863281
2016-11-17,USDINR,67.98149871826172
2016-11-18,USDINR,67.97480010986328
2016-11-21,USDINR,68.16999816894531
2016-11-22,USDINR,68.21549987792969
2016-11-23,USDINR,68.385498046875
2016-11-24,USDINR,68.79850006103516
2016-11-25,USDINR,68.74549865722656
2016-11-28,USDINR,68.50849914550781
2016-11-29,USDINR,68.55549621582031
2016-11-30,USDINR,68.60800170898438
2016-12-01,USDINR,68.58799743652344
2016-12-02,USDINR,68.21649932861328
2016-12-05,USDINR,68.0114974975586
2016-12-06,USDINR,68.01249694824219
2016-12-07,USDINR,67.72200012207031
2016-12-08,USDINR,67.43150329589844
2016-12-09,USDINR,67.40599822998047
2016-12-12,USDINR,67.46050262451172
2016-12-13,USDINR,67.41799926757812
2016-12-14,USDINR,67.3864974975586
2016-12-15,USDINR,67.81999969482422
2016-12-16,USDINR,67.84500122070312
2016-12-19,USDINR,67.83499908447266
2016-12-20,USDINR,67.84020233154297
2016-12-21,USDINR,67.89700317382812
2016-12-22,USDINR,67.82550048828125
2016-12-23,USDINR,67.83799743652344
2016-12-26,USDINR,67.83080291748047
2016-12-27,USDINR,67.77200317382812
2016-12-28,USDINR,67.96800231933594
2016-12-29,USDINR,68.20500183105469
2016-12-30,USDINR,67.93299865722656
2017-01-02,USDINR,67.9448013305664
2017-01-03,USDINR,68.13390350341797
2017-01-04,USDINR,68.2697982788086
2017-01-05,USDINR,67.885498046875
2017-01-06,USDINR,67.73300170898438
2017-01-09,USDINR,68.1426010131836
2017-01-10,USDINR,68.09700012207031
2017-01-11,USDINR,68.31800079345703
2017-01-12,USDINR,68.13999938964844
2017-01-13,USDINR,68.12950134277344
2017-01-16,USDINR,68.15779876708984
2017-01-17,USDINR,68.09459686279297
2017-01-18,USDINR,67.89949798583984
2017-01-19,USDINR,68.197998046875
2017-01-20,USDINR,68.09030151367188
2017-01-23,USDINR,68.07720184326172
2017-01-24,USDINR,68.05139923095703
2017-01-25,USDINR,68.16449737548828
2017-01-26,USDINR,67.9729995727539
2017-01-27,USDINR,68.14900207519531
2017-01-30,USDINR,68.11000061035156
2017-01-31,USDINR,67.82099914550781
2017-02-01,USDINR,67.50160217285156
2017-02-02,USDINR,67.39540100097656
2017-02-03,USDINR,67.2656021118164
2017-02-06,USDINR,67.15730285644531
2017-02-07,USDINR,67.19529724121094
2017-02-08,USDINR,67.34049987792969
2017-02-09,USDINR,66.96430206298828
2017-02-10,USDINR,66.74530029296875
2017-02-13,USDINR,66.84369659423828
2017-02-14,USDINR,66.91539764404297
2017-02-15,USDINR,66.7759017944336
2017-02-16,USDINR,66.8655014038086
2017-02-17,USDINR,67.16480255126953
2017-02-20,USDINR,67.06520080566406
2017-02-21,USDINR,66.96499633789062
2017-02-22,USDINR,66.96510314941406
2017-02-23,USDINR,66.91429901123047
2017-02-24,USDINR,66.68280029296875
2017-02-27,USDINR,66.63500213623047
2017-02-28,USDINR,66.69319915771484
2017-03-01,USDINR,66.7051010131836
2017-03-02,USDINR,66.85800170898438
2017-03-03,USDINR,66.84510040283203
2017-03-06,USDINR,66.77300262451172
2017-03-07,USDINR,66.66470336914062
2017-03-08,USDINR,66.61620330810547
2017-03-09,USDINR,66.76499938964844
2017-03-10,USDINR,66.68049621582031
2017-03-13,USDINR,66.48500061035156
2017-03-14,USDINR,66.17009735107422
2017-03-15,USDINR,65.77510070800781
2017-03-16,USDINR,65.62049865722656
2017-03-17,USDINR,65.40450286865234
2017-03-20,USDINR,65.46810150146484
2017-03-21,USDINR,65.33529663085938
2017-03-22,USDINR,65.49500274658203
2017-03-23,USDINR,65.36499786376953
2017-03-24,USDINR,65.44439697265625
2017-03-27,USDINR,65.39309692382812
2017-03-28,USDINR,65.04499816894531
2017-03-29,USDINR,65.11000061035156
2017-03-30,USDINR,64.77999877929688
2017-03-31,USDINR,64.79000091552734
2017-04-03,USDINR,64.79669952392578
2017-04-04,USDINR,64.87750244140625
2017-04-05,USDINR,65.05000305175781
2017-04-06,USDINR,65.04000091552734
2017-04-07,USDINR,64.58000183105469
2017-04-10,USDINR,64.26000213623047
2017-04-11,USDINR,64.57499694824219
2017-04-12,USDINR,64.62999725341797
2017-04-13,USDINR,64.5
2017-04-14,USDINR,64.44999694824219
2017-04-17,USDINR,64.45369720458984
2017-04-18,USDINR,64.4083023071289
2017-04-19,USDINR,64.56999969482422
2017-04-20,USDINR,64.64669799804688
2017-04-21,USDINR,64.66000366210938
2017-04-24,USDINR,64.63999938964844
2017-04-25,USDINR,64.38999938964844
2017-04-26,USDINR,64.3499984741211
2017-04-27,USDINR,64.0199966430664
2017-04-28,USDINR,64.05999755859375
2017-05-01,USDINR,64.25830078125
2017-05-02,USDINR,64.18000030517578
2017-05-03,USDINR,64.06999969482422
2017-05-04,USDINR,64.20999908447266
2017-05-05,USDINR,64.16999816894531
2017-05-08,USDINR,64.30799865722656
2017-05-09,USDINR,64.41179656982422
2017-05-10,USDINR,64.63999938964844
2017-05-11,USDINR,64.55000305175781
2017-05-12,USDINR,64.36000061035156
2017-05-15,USDINR,64.16549682617188
2017-05-16,USDINR,64.03829956054688
2017-05-17,USDINR,63.900001525878906
2017-05-18,USDINR,64.2300033569336
2017-05-19,USDINR,64.87110137939453
2017-05-22,USDINR,64.44850158691406
2017-05-23,USDINR,64.50019836425781
2017-05-24,USDINR,64.88520050048828
2017-05-25,USDINR,64.76010131835938
2017-05-26,USDINR,64.54540252685547
2017-05-29,USDINR,64.51319885253906
2017-05-30,USDINR,64.50859832763672
2017-05-31,USDINR,64.61859893798828
2017-06-01,USDINR,64.5000991821289
2017-06-02,USDINR,64.37229919433594
2017-06-05,USDINR,64.40499877929688
2017-06-06,USDINR,64.34400177001953
2017-06-07,USDINR,64.42050170898438
2017-06-08,USDINR,64.41829681396484
2017-06-09,USDINR,64.243896484375
2017-06-12,USDINR,64.37699890136719
2017-06-13,USDINR,64.46910095214844
2017-06-14,USDINR,64.35749816894531
2017-06-15,USDINR,64.16580200195312
2017-06-16,USDINR,64.55999755859375
2017-06-19,USDINR,64.3949966430664
2017-06-20,USDINR,64.48760223388672
2017-06-21,USDINR,64.53050231933594
2017-06-22,USDINR,64.5416030883789
2017-06-23,USDINR,64.59100341796875
2017-06-26,USDINR,64.49800109863281
2017-06-27,USDINR,64.42130279541016
2017-06-28,USDINR,64.5248031616211
2017-06-29,USDINR,64.51190185546875
2017-06-30,USDINR,64.78510284423828
2017-07-03,USDINR,64.60679626464844
2017-07-04,USDINR,64.84269714355469
2017-07-05,USDINR,64.7688980102539
2017-07-06,USDINR,64.79139709472656
2017-07-07,USDINR,64.71330261230469
2017-07-10,USDINR,64.61170196533203
2017-07-12,USDINR,64.52559661865234
2017-07-13,USDINR,64.36499786376953
2017-07-14,USDINR,64.42579650878906
2017-07-17,USDINR,64.26730346679688
2017-07-18,USDINR,64.33000183105469
2017-07-19,USDINR,64.3062973022461
2017-07-20,USDINR,64.26329803466797
2017-07-21,USDINR,64.32499694824219
2017-07-24,USDINR,64.46109771728516
2017-07-25,USDINR,64.36509704589844
2017-07-26,USDINR,64.4469985961914
2017-07-27,USDINR,64.3447036743164
2017-07-28,USDINR,64.18499755859375
2017-07-31,USDINR,64.12349700927734
2017-08-01,USDINR,64.18949890136719
2017-08-02,USDINR,64.05580139160156
2017-08-03,USDINR,63.64059829711914
2017-08-04,USDINR,63.696998596191406
2017-08-07,USDINR,63.66510009765625
2017-08-08,USDINR,63.830101013183594
2017-08-09,USDINR,63.70289993286133
2017-08-10,USDINR,63.887699127197266
2017-08-11,USDINR,64.13860321044922
2017-08-14,USDINR,64.08100128173828
2017-08-15,USDINR,64.17430114746094
2017-08-16,USDINR,64.26300048828125
2017-08-17,USDINR,64.1604995727539
2017-08-18,USDINR,64.18890380859375
2017-08-21,USDINR,64.07589721679688
2017-08-22,USDINR,64.15750122070312
2017-08-23,USDINR,64.05750274658203
2017-08-24,USDINR,64.00499725341797
2017-08-25,USDINR,64.03500366210938
2017-08-28,USDINR,63.99549865722656
2017-08-29,USDINR,63.78929901123047
2017-08-30,USDINR,63.98680114746094
2017-08-31,USDINR,63.976200103759766
2017-09-01,USDINR,63.91189956665039
2017-09-04,USDINR,64.0155029296875
2017-09-05,USDINR,64.02629852294922
2017-09-06,USDINR,64.0999984741211
2017-09-07,USDINR,64.0154037475586
2017-09-08,USDINR,63.95009994506836
2017-09-11,USDINR,63.930999755859375
2017-09-12,USDINR,63.97999954223633
2017-09-13,USDINR,63.98759841918945
2017-09-14,USDINR,64.11509704589844
2017-09-15,USDINR,64.15499877929688
2017-09-18,USDINR,64.12020111083984
2017-09-19,USDINR,64.2146987915039
2017-09-20,USDINR,64.29869842529297
2017-09-21,USDINR,64.28369903564453
2017-09-22,USDINR,64.80229949951172
2017-09-25,USDINR,64.89099884033203
2017-09-26,USDINR,65.26509857177734
2017-09-27,USDINR,65.3499984741211
2017-09-28,USDINR,65.5250015258789
2017-09-29,USDINR,65.36000061035156
2017-10-02,USDINR,65.29329681396484
2017-10-03,USDINR,65.57170104980469
2017-10-04,USDINR,65.44309997558594
2017-10-05,USDINR,65.01950073242188
2017-10-06,USDINR,65.20999908447266
2017-10-09,USDINR,65.41419982910156
2017-10-10,USDINR,65.41459655761719
2017-10-11,USDINR,65.23889923095703
2017-10-12,USDINR,65.20539855957031
2017-10-13,USDINR,65.0459976196289
2017-10-16,USDINR,64.6729965209961
2017-10-17,USDINR,64.6946029663086
2017-10-18,USDINR,64.92870330810547
2017-10-19,USDINR,65.04010009765625
2017-10-20,USDINR,64.90460205078125
2017-10-23,USDINR,65.1041030883789
2017-10-24,USDINR,65.03489685058594
2017-10-25,USDINR,65.07949829101562
2017-10-26,USDINR,64.83999633789062
2017-10-27,USDINR,64.5999984741211
2017-10-30,USDINR,64.87339782714844
2017-10-31,USDINR,64.84239959716797
2017-11-01,USDINR,64.67009735107422
2017-11-02,USDINR,64.55509948730469
2017-11-03,USDINR,64.50050354003906
2017-11-06,USDINR,64.69339752197266
2017-11-07,USDINR,64.59089660644531
2017-11-08,USDINR,65.16449737548828
2017-11-09,USDINR,64.9104995727539
2017-11-10,USDINR,64.96800231933594
2017-11-13,USDINR,65.1603012084961
2017-11-14,USDINR,65.43840026855469
2017-11-15,USDINR,65.41339874267578
2017-11-17,USDINR,65.20999908447266
2017-11-20,USDINR,64.90499877929688
2017-11-21,USDINR,65.0250015258789
2017-11-22,USDINR,64.76129913330078
2017-11-23,USDINR,64.7699966430664
2017-11-24,USDINR,64.57939910888672
2017-11-27,USDINR,64.54499816894531
2017-11-28,USDINR,64.43389892578125
2017-11-29,USDINR,64.47000122070312
2017-11-30,USDINR,64.41480255126953
2017-12-01,USDINR,64.49939727783203
2017-12-04,USDINR,64.50900268554688
2017-12-05,USDINR,64.35140228271484
2017-12-06,USDINR,64.35690307617188
2017-12-07,USDINR,64.51519775390625
2017-12-08,USDINR,64.54239654541016
2017-12-11,USDINR,64.4729995727539
2017-12-12,USDINR,64.3499984741211
2017-12-13,USDINR,64.55000305175781
2017-12-14,USDINR,64.31999969482422
2017-12-15,USDINR,64.2750015258789
2017-12-18,USDINR,64.07230377197266
2017-12-19,USDINR,64.20010375976562
2017-12-20,USDINR,64.04759979248047
2017-12-21,USDINR,63.96500015258789
2017-12-22,USDINR,64.00969696044922
2017-12-25,USDINR,64.00779724121094
2017-12-26,USDINR,64.010498046875
2017-12-27,USDINR,64.0281982421875
2017-12-28,USDINR,64.11499786376953
2017-12-29,USDINR,64.06199645996094
2018-01-01,USDINR,63.84080123901367
2018-01-02,USDINR,63.86759948730469
2018-01-03,USDINR,63.459999084472656
2018-01-04,USDINR,63.41910171508789
2018-01-05,USDINR,63.369598388671875
2018-01-08,USDINR,63.26499938964844
2018-01-09,USDINR,63.45199966430664
2018-01-10,USDINR,63.63610076904297
2018-01-11,USDINR,63.7599983215332
2018-01-12,USDINR,63.67210006713867
2018-01-15,USDINR,63.5885009765625
2018-01-16,USDINR,63.52119827270508
2018-01-17,USDINR,63.994300842285156
2018-01-18,USDINR,63.82500076293945
2018-01-19,USDINR,63.86759948730469
2018-01-22,USDINR,63.83209991455078
2018-01-23,USDINR,63.88010025024414
2018-01-24,USDINR,63.7504997253418
2018-01-25,USDINR,63.57789993286133
2018-01-26,USDINR,63.57310104370117
2018-01-29,USDINR,63.56999969482422
2018-01-30,USDINR,63.66939926147461
2018-01-31,USDINR,63.769901275634766
2018-02-01,USDINR,63.665000915527344
2018-02-02,USDINR,63.974998474121094
2018-02-05,USDINR,64.13249969482422
2018-02-06,USDINR,64.314697265625
2018-02-07,USDINR,63.97999954223633
2018-02-08,USDINR,64.19999694824219
2018-02-09,USDINR,64.44049835205078
2018-02-12,USDINR,64.2113037109375
2018-02-13,USDINR,64.28350067138672
2018-02-14,USDINR,64.2500991821289
2018-02-15,USDINR,64.02519989013672
2018-02-16,USDINR,63.890899658203125
2018-02-19,USDINR,64.37999725341797
2018-02-20,USDINR,64.50499725341797
2018-02-21,USDINR,64.86499786376953
2018-02-22,USDINR,64.8949966430664
2018-02-23,USDINR,64.95140075683594
2018-02-26,USDINR,64.7030029296875
2018-02-27,USDINR,64.78040313720703
2018-02-28,USDINR,64.91000366210938
2018-03-01,USDINR,65.23999786376953
2018-03-02,USDINR,65.1500015258789
2018-03-05,USDINR,65.18669891357422
2018-03-06,USDINR,65.00370025634766
2018-03-07,USDINR,64.88999938964844
2018-03-08,USDINR,64.89119720458984
2018-03-09,USDINR,65.09040069580078
2018-03-12,USDINR,64.96489715576172
2018-03-13,USDINR,64.94550323486328
2018-03-14,USDINR,64.8281021118164
2018-03-15,USDINR,64.83679962158203
2018-03-16,USDINR,65.01439666748047
2018-03-19,USDINR,65.06500244140625
2018-03-20,USDINR,65.21009826660156
2018-03-21,USDINR,65.2323989868164
2018-03-22,USDINR,65.06559753417969
2018-03-23,USDINR,65.16000366210938
2018-03-26,USDINR,65.01499938964844
2018-03-27,USDINR,64.69499969482422
2018-03-28,USDINR,64.89550018310547
2018-03-29,USDINR,65.14920043945312
2018-03-30,USDINR,65.02999877929688
2018-04-02,USDINR,65.10549926757812
2018-04-03,USDINR,65.13999938964844
2018-04-04,USDINR,64.90499877929688
2018-04-05,USDINR,64.99500274658203
2018-04-06,USDINR,64.86150360107422
2018-04-09,USDINR,64.90450286865234
2018-04-10,USDINR,64.87000274658203
2018-04-11,USDINR,64.92530059814453
2018-04-12,USDINR,65.19000244140625
2018-04-13,USDINR,65.27570343017578
2018-04-16,USDINR,65.19560241699219
2018-04-17,USDINR,65.4292984008789
2018-04-18,USDINR,65.67500305175781
2018-04-19,USDINR,66.01000213623047
2018-04-20,USDINR,66.11479949951172
2018-04-23,USDINR,66.1968994140625
2018-04-24,USDINR,66.54499816894531
2018-04-25,USDINR,66.41410064697266
2018-04-26,USDINR,66.90769958496094
2018-04-27,USDINR,66.9000015258789
2018-04-30,USDINR,66.61000061035156
2018-05-01,USDINR,66.44999694824219
2018-05-02,USDINR,66.7886962890625
2018-05-03,USDINR,67.08000183105469
2018-05-04,USDINR,66.66000366210938
2018-05-07,USDINR,66.81050109863281
2018-05-08,USDINR,67.1187973022461
2018-05-09,USDINR,67.1624984741211
2018-05-10,USDINR,67.62000274658203
2018-05-11,USDINR,67.38999938964844
2018-05-14,USDINR,67.3822021484375
2018-05-15,USDINR,67.6780014038086
2018-05-16,USDINR,68.45999908447266
2018-05-17,USDINR,68.05999755859375
2018-05-18,USDINR,68.13999938964844
2018-05-21,USDINR,67.9749984741211
2018-05-22,USDINR,68.4000015258789
2018-05-23,USDINR,68.43000030517578
2018-05-24,USDINR,68.6500015258789
2018-05-25,USDINR,68.26010131835938
2018-05-28,USDINR,67.7217025756836
2018-05-29,USDINR,67.40280151367188
2018-05-30,USDINR,68.12999725341797
2018-05-31,USDINR,67.43000030517578
2018-06-01,USDINR,67.43499755859375
2018-06-04,USDINR,66.92500305175781
2018-06-05,USDINR,67.05999755859375
2018-06-06,USDINR,67.08999633789062
2018-06-07,USDINR,66.8301010131836
2018-06-08,USDINR,67.41000366210938
2018-06-11,USDINR,67.51000213623047
2018-06-12,USDINR,67.48999786376953
2018-06-13,USDINR,67.91000366210938
2018-06-14,USDINR,67.77999877929688
2018-06-15,USDINR,68.12999725341797
2018-06-18,USDINR,68.05000305175781
2018-06-19,USDINR,68.01000213623047
2018-06-20,USDINR,68.05000305175781
2018-06-21,USDINR,68.3499984741211
2018-06-22,USDINR,67.83000183105469
2018-06-25,USDINR,67.85489654541016
2018-06-26,USDINR,68.33999633789062
2018-06-27,USDINR,68.36499786376953
2018-06-28,USDINR,69.23999786376953
2018-06-29,USDINR,68.79669952392578
2018-07-02,USDINR,68.43499755859375
2018-07-03,USDINR,68.6948013305664
2018-07-04,USDINR,68.83000183105469
2018-07-05,USDINR,68.9800033569336
2018-07-06,USDINR,69.06999969482422
2018-07-09,USDINR,68.75499725341797
2018-07-10,USDINR,68.65979766845703
2018-07-11,USDINR,68.9000015258789
2018-07-12,USDINR,68.72000122070312
2018-07-13,USDINR,68.54000091552734
2018-07-16,USDINR,68.48670196533203
2018-07-17,USDINR,68.72000122070312
2018-07-18,USDINR,68.35600280761719
2018-07-19,USDINR,68.6155014038086
2018-07-20,USDINR,68.93509674072266
2018-07-23,USDINR,68.7332992553711
2018-07-24,USDINR,69.19999694824219
2018-07-25,USDINR,68.80999755859375
2018-07-26,USDINR,68.83999633789062
2018-07-27,USDINR,68.73999786376953
2018-07-30,USDINR,68.61499786376953
2018-07-31,USDINR,68.68499755859375
2018-08-01,USDINR,68.4968032836914
2018-08-02,USDINR,68.30709838867188
2018-08-03,USDINR,68.6155014038086
2018-08-06,USDINR,68.50499725341797
2018-08-07,USDINR,68.80999755859375
2018-08-08,USDINR,68.59600067138672
2018-08-09,USDINR,68.45500183105469
2018-08-10,USDINR,69.0999984741211
2018-08-13,USDINR,69.08499908447266
2018-08-14,USDINR,69.9490966796875
2018-08-15,USDINR,69.94999694824219
2018-08-16,USDINR,70.66000366210938
2018-08-17,USDINR,70.00499725341797
2018-08-20,USDINR,69.78500366210938
2018-08-21,USDINR,69.73999786376953
2018-08-22,USDINR,69.80999755859375
2018-08-23,USDINR,69.79000091552734
2018-08-24,USDINR,70.2750015258789
2018-08-27,USDINR,69.76499938964844
2018-08-28,USDINR,69.94499969482422
2018-08-29,USDINR,70.54000091552734
2018-08-30,USDINR,70.91000366210938
2018-08-31,USDINR,71.40499877929688
2018-09-03,USDINR,70.99500274658203
2018-09-04,USDINR,71.06999969482422
2018-09-05,USDINR,71.75
2018-09-06,USDINR,71.88999938964844
2018-09-07,USDINR,71.93890380859375
2018-09-10,USDINR,72.09500122070312
2018-09-11,USDINR,72.44499969482422
2018-09-12,USDINR,72.98999786376953
2018-09-13,USDINR,71.92520141601562
2018-09-14,USDINR,72.02749633789062
2018-09-17,USDINR,72.09500122070312
2018-09-18,USDINR,72.53479766845703
2018-09-19,USDINR,73.12000274658203
2018-09-20,USDINR,72.34500122070312
2018-09-21,USDINR,71.72000122070312
2018-09-24,USDINR,72.2300033569336
2018-09-25,USDINR,73.30000305175781
2018-09-26,USDINR,73.08999633789062
2018-09-27,USDINR,72.7699966430664
2018-09-28,USDINR,72.94999694824219
2018-10-01,USDINR,72.50499725341797
2018-10-02,USDINR,73.75499725341797
2018-10-03,USDINR,73.27999877929688
2018-10-04,USDINR,73.8499984741211
2018-10-05,USDINR,74.22000122070312
2018-10-08,USDINR,73.76300048828125
2018-10-09,USDINR,73.88999938964844
2018-10-10,USDINR,74.55000305175781
2018-10-11,USDINR,74.5999984741211
2018-10-12,USDINR,74.16000366210938
2018-10-15,USDINR,73.6760025024414
2018-10-16,USDINR,74.08000183105469
2018-10-17,USDINR,73.45549774169922
2018-10-18,USDINR,73.91999816894531
2018-10-19,USDINR,74.16000366210938
2018-10-22,USDINR,73.46499633789062
2018-10-23,USDINR,73.8594970703125
2018-10-24,USDINR,73.22129821777344
2018-10-25,USDINR,73.22049713134766
2018-10-26,USDINR,73.22019958496094
2018-10-29,USDINR,73.125
2018-10-30,USDINR,73.5905990600586
2018-10-31,USDINR,73.6500015258789
2018-11-01,USDINR,74.06999969482422
2018-11-02,USDINR,73.30999755859375
2018-11-05,USDINR,72.90499877929688
2018-11-06,USDINR,72.86000061035156
2018-11-07,USDINR,73.2300033569336
2018-11-08,USDINR,72.37999725341797
2018-11-09,USDINR,72.9000015258789
2018-11-12,USDINR,72.47000122070312
2018-11-13,USDINR,73.18000030517578
2018-11-14,USDINR,72.55000305175781
2018-11-15,USDINR,72.4000015258789
2018-11-16,USDINR,71.8917007446289
2018-11-19,USDINR,71.7750015258789
2018-11-20,USDINR,71.69000244140625
2018-11-21,USDINR,71.41500091552734
2018-11-22,USDINR,71.29499816894531
2018-11-23,USDINR,70.83499908447266
2018-11-26,USDINR,70.66999816894531
2018-11-27,USDINR,70.80999755859375
2018-11-28,USDINR,70.87999725341797
2018-11-29,USDINR,70.5999984741211
2018-11-30,USDINR,69.91999816894531
2018-12-03,USDINR,69.76000213623047
2018-12-04,USDINR,70.48500061035156
2018-12-05,USDINR,70.62999725341797
2018-12-06,USDINR,70.87000274658203
2018-12-07,USDINR,70.75
2018-12-10,USDINR,71.36499786376953
2018-12-11,USDINR,72.7300033569336
2018-12-12,USDINR,72.62000274658203
2018-12-13,USDINR,72.1500015258789
2018-12-14,USDINR,71.5469970703125
2018-12-17,USDINR,71.91000366210938
2018-12-18,USDINR,71.58999633789062
2018-12-19,USDINR,70.56999969482422
2018-12-20,USDINR,70.68550109863281
2018-12-21,USDINR,70.30000305175781
2018-12-24,USDINR,70.13999938964844
2018-12-25,USDINR,70.23999786376953
2018-12-26,USDINR,70.23999786376953
2018-12-27,USDINR,70.1500015258789
2018-12-28,USDINR,69.98999786376953
2018-12-31,USDINR,69.92250061035156
2019-01-01,USDINR,69.70999908447266
2019-01-02,USDINR,69.70999908447266
2019-01-03,USDINR,69.95999908447266
2019-01-04,USDINR,70.30000305175781
2019-01-07,USDINR,69.5250015258789
2019-01-08,USDINR,69.80999755859375
2019-01-09,USDINR,70.33000183105469
2019-01-10,USDINR,70.55049896240234
2019-01-11,USDINR,70.72000122070312
2019-01-14,USDINR,70.37000274658203
2019-01-15,USDINR,71.08499908447266
2019-01-16,USDINR,71.09249877929688
2019-01-17,USDINR,71.36499786376953
2019-01-18,USDINR,71.03019714355469
2019-01-21,USDINR,71.2300033569336
2019-01-22,USDINR,71.5
2019-01-23,USDINR,71.2302017211914
2019-01-24,USDINR,71.15730285644531
2019-01-25,USDINR,70.98999786376953
2019-01-28,USDINR,70.9749984741211
2019-01-29,USDINR,71.09010314941406
2019-01-30,USDINR,71.62000274658203
2019-01-31,USDINR,71.12000274658203
2019-02-01,USDINR,71.19999694824219
2019-02-04,USDINR,71.45169830322266
2019-02-05,USDINR,71.68499755859375
2019-02-06,USDINR,71.7699966430664
2019-02-07,USDINR,71.54049682617188
2019-02-08,USDINR,71.58000183105469
2019-02-11,USDINR,71.1500015258789
2019-02-12,USDINR,71.2300033569336
2019-02-13,USDINR,70.80999755859375
2019-02-14,USDINR,70.86509704589844
2019-02-15,USDINR,71.01000213623047
2019-02-18,USDINR,71.31999969482422
2019-02-19,USDINR,71.69999694824219
2019-02-20,USDINR,71.5999984741211
2019-02-21,USDINR,71.30000305175781
2019-02-22,USDINR,71.18499755859375
2019-02-25,USDINR,71.03099822998047
2019-02-26,USDINR,71.08999633789062
2019-02-27,USDINR,70.94000244140625
2019-02-28,USDINR,71.19000244140625
2019-03-01,USDINR,70.81600189208984
2019-03-04,USDINR,70.98999786376953
2019-03-05,USDINR,70.9000015258789
2019-03-06,USDINR,70.74250030517578
2019-03-07,USDINR,70.36499786376953
2019-03-08,USDINR,70.48750305175781
2019-03-11,USDINR,69.98690032958984
2019-03-12,USDINR,69.79010009765625
2019-03-13,USDINR,69.84500122070312
2019-03-14,USDINR,69.72630310058594
2019-03-15,USDINR,69.3373031616211
2019-03-18,USDINR,68.9530029296875
2019-03-19,USDINR,68.61799621582031
2019-03-20,USDINR,69.31749725341797
2019-03-21,USDINR,68.82499694824219
2019-03-22,USDINR,68.93000030517578
2019-03-25,USDINR,69.1604995727539
2019-03-26,USDINR,68.92340087890625
2019-03-27,USDINR,69.42749786376953
2019-03-28,USDINR,69.37000274658203
2019-03-29,USDINR,69.5
2019-04-01,USDINR,69.43000030517578
2019-04-02,USDINR,69.19529724121094
2019-04-03,USDINR,68.91020202636719
2019-04-04,USDINR,68.8499984741211
2019-04-05,USDINR,68.97039794921875
2019-04-08,USDINR,69.16000366210938
2019-04-09,USDINR,69.55249786376953
2019-04-10,USDINR,69.26180267333984
2019-04-11,USDINR,69.14019775390625
2019-04-12,USDINR,69.43000030517578
2019-04-15,USDINR,69.16100311279297
2019-04-16,USDINR,69.80999755859375
2019-04-17,USDINR,69.88500213623047
2019-04-18,USDINR,69.4010009765625
2019-04-19,USDINR,69.38099670410156
2019-04-22,USDINR,69.36000061035156
2019-04-23,USDINR,70.0625
2019-04-24,USDINR,69.75800323486328
2019-04-25,USDINR,70.0958023071289
2019-04-26,USDINR,70.16000366210938
2019-04-29,USDINR,69.84200286865234
2019-04-30,USDINR,69.81179809570312
2019-05-01,USDINR,69.55599975585938
2019-05-02,USDINR,69.63289642333984
2019-05-03,USDINR,69.42440032958984
2019-05-06,USDINR,69.16799926757812
2019-05-07,USDINR,69.40029907226562
2019-05-08,USDINR,69.91000366210938
2019-05-09,USDINR,70.01000213623047
2019-05-10,USDINR,70.41000366210938
2019-05-13,USDINR,69.92250061035156
2019-05-14,USDINR,70.61699676513672
2019-05-15,USDINR,70.30699920654297
2019-05-16,USDINR,70.20919799804688
2019-05-17,USDINR,70.23500061035156
2019-05-20,USDINR,70.28150177001953
2019-05-21,USDINR,70.12750244140625
2019-05-23,USDINR,69.97250366210938
2019-05-24,USDINR,69.94499969482422
2019-05-27,USDINR,69.36000061035156
2019-05-28,USDINR,69.72000122070312
2019-05-29,USDINR,69.875
2019-05-30,USDINR,69.81500244140625
2019-05-31,USDINR,69.9800033569336
2019-06-03,USDINR,69.5696029663086
2019-06-04,USDINR,69.16190338134766
2019-06-05,USDINR,69.55999755859375
2019-06-06,USDINR,69.625
2019-06-07,USDINR,69.36000061035156
2019-06-10,USDINR,69.34500122070312
2019-06-11,USDINR,69.52349853515625
2019-06-12,USDINR,69.3864974975586
2019-06-13,USDINR,69.69999694824219
2019-06-14,USDINR,69.80000305175781
2019-06-17,USDINR,69.77050018310547
2019-06-18,USDINR,70.11250305175781
2019-06-19,USDINR,69.76499938964844
2019-06-20,USDINR,69.87000274658203
2019-06-21,USDINR,69.77999877929688
2019-06-24,USDINR,69.56990051269531
2019-06-25,USDINR,69.60250091552734
2019-06-26,USDINR,69.63749694824219
2019-06-27,USDINR,69.60250091552734
2019-06-28,USDINR,69.32499694824219
2019-07-01,USDINR,68.94049835205078
2019-07-02,USDINR,69.1675033569336
2019-07-03,USDINR,69.0824966430664
2019-07-04,USDINR,69.00749969482422
2019-07-05,USDINR,68.73999786376953
2019-07-08,USDINR,68.44000244140625
2019-07-09,USDINR,68.8499984741211
2019-07-10,USDINR,68.76499938964844
2019-07-11,USDINR,68.36759948730469
2019-07-12,USDINR,68.66999816894531
2019-07-15,USDINR,68.55030059814453
2019-07-16,USDINR,68.74749755859375
2019-07-17,USDINR,68.8949966430664
2019-07-18,USDINR,68.78600311279297
2019-07-19,USDINR,68.8499984741211
2019-07-22,USDINR,68.83000183105469
2019-07-23,USDINR,69.16000366210938
2019-07-24,USDINR,69.0199966430664
2019-07-25,USDINR,69.18499755859375
2019-07-26,USDINR,69.15049743652344
2019-07-29,USDINR,68.87000274658203
2019-07-30,USDINR,68.94999694824219
2019-07-31,USDINR,69.07749938964844
2019-08-01,USDINR,69.40499877929688
2019-08-02,USDINR,69.29720306396484
2019-08-05,USDINR,69.65689849853516
2019-08-06,USDINR,71.5199966430664
2019-08-07,USDINR,71.2300033569336
2019-08-08,USDINR,71.16510009765625
2019-08-09,USDINR,70.47090148925781
2019-08-12,USDINR,71.03500366210938
2019-08-13,USDINR,71.58000183105469
2019-08-14,USDINR,71.08000183105469
2019-08-15,USDINR,71.63520050048828
2019-08-16,USDINR,71.72000122070312
2019-08-19,USDINR,71.13200378417969
2019-08-20,USDINR,71.99500274658203
2019-08-21,USDINR,71.80999755859375
2019-08-22,USDINR,71.43779754638672
2019-08-23,USDINR,71.92040252685547
2019-08-26,USDINR,71.50250244140625
2019-08-27,USDINR,72.16000366210938
2019-08-28,USDINR,71.53500366210938
2019-08-29,USDINR,72.08499908447266
2019-08-30,USDINR,71.6801986694336
2019-09-02,USDINR,71.72989654541016
2019-09-03,USDINR,71.96209716796875
2019-09-04,USDINR,72.45999908447266
2019-09-05,USDINR,71.95570373535156
2019-09-06,USDINR,72.22000122070312
2019-09-09,USDINR,71.66999816894531
2019-09-10,USDINR,72.09249877929688
2019-09-11,USDINR,71.85900115966797
2019-09-12,USDINR,71.56009674072266
2019-09-13,USDINR,71.28500366210938
2019-09-16,USDINR,71.02069854736328
2019-09-17,USDINR,71.74909973144531
2019-09-18,USDINR,71.70999908447266
2019-09-19,USDINR,71.5425033569336
2019-09-20,USDINR,71.71749877929688
2019-09-23,USDINR,71.19159698486328
2019-09-24,USDINR,70.78959655761719
2019-09-25,USDINR,71.28500366210938
2019-09-26,USDINR,71.30999755859375
2019-09-27,USDINR,71.21499633789062
2019-09-30,USDINR,70.49870300292969
2019-10-01,USDINR,70.92250061035156
2019-10-02,USDINR,71.0999984741211
2019-10-03,USDINR,71.1416015625
2019-10-04,USDINR,71.0199966430664
2019-10-07,USDINR,70.81500244140625
2019-10-08,USDINR,71.36000061035156
2019-10-09,USDINR,71.20999908447266
2019-10-10,USDINR,71.41000366210938
2019-10-11,USDINR,70.9800033569336
2019-10-14,USDINR,70.91400146484375
2019-10-15,USDINR,71.45249938964844
2019-10-16,USDINR,71.76000213623047
2019-10-17,USDINR,71.62000274658203
2019-10-18,USDINR,71.42250061035156
2019-10-21,USDINR,71.02999877929688
2019-10-22,USDINR,71.1050033569336
2019-10-23,USDINR,71.07499694824219
2019-10-24,USDINR,70.71499633789062
2019-10-25,USDINR,71.19000244140625
2019-10-28,USDINR,70.83000183105469
2019-10-29,USDINR,70.73500061035156
2019-10-30,USDINR,70.88459777832031
2019-10-31,USDINR,70.98999786376953
2019-11-01,USDINR,70.97000122070312
2019-11-04,USDINR,70.51210021972656
2019-11-05,USDINR,71.0
2019-11-06,USDINR,70.8949966430664
2019-11-07,USDINR,71.0
2019-11-08,USDINR,71.37650299072266
2019-11-11,USDINR,71.37650299072266
2019-11-12,USDINR,71.5739974975586
2019-11-13,USDINR,71.77999877929688
2019-11-14,USDINR,72.1415023803711
2019-11-15,USDINR,71.95580291748047
2019-11-18,USDINR,71.70580291748047
2019-11-19,USDINR,71.93509674072266
2019-11-20,USDINR,71.85099792480469
2019-11-21,USDINR,71.76820373535156
2019-11-22,USDINR,71.7405014038086
2019-11-25,USDINR,71.78260040283203
2019-11-26,USDINR,71.67949676513672
2019-11-27,USDINR,71.42839813232422
2019-11-28,USDINR,71.22810363769531
2019-11-29,USDINR,71.54740142822266
2019-12-02,USDINR,71.7229995727539
2019-12-03,USDINR,71.625
2019-12-04,USDINR,71.95999908447266
2019-12-05,USDINR,71.4801025390625
2019-12-06,USDINR,71.38500213623047
2019-12-09,USDINR,71.28679656982422
2019-12-10,USDINR,70.96019744873047
2019-12-11,USDINR,71.01000213623047
2019-12-12,USDINR,70.72930145263672
2019-12-13,USDINR,70.55989837646484
2019-12-16,USDINR,70.68900299072266
2019-12-17,USDINR,70.92050170898438
2019-12-18,USDINR,71.21499633789062
2019-12-19,USDINR,70.98989868164062
2019-12-20,USDINR,71.22270202636719
2019-12-23,USDINR,71.02400207519531
2019-12-24,USDINR,71.21070098876953
2019-12-25,USDINR,71.45999908447266
2019-12-26,USDINR,71.54000091552734
2019-12-27,USDINR,71.30030059814453
2019-12-30,USDINR,71.31300354003906
2019-12-31,USDINR,71.31099700927734
2020-01-01,USDINR,71.27580261230469
2020-01-02,USDINR,71.0250015258789
2020-01-03,USDINR,71.41500091552734
2020-01-06,USDINR,71.73100280761719
2020-01-07,USDINR,71.78700256347656
2020-01-08,USDINR,72.16000366210938
2020-01-09,USDINR,71.41190338134766
2020-01-10,USDINR,71.19429779052734
2020-01-13,USDINR,70.9530029296875
2020-01-14,USDINR,70.71890258789062
2020-01-15,USDINR,70.84510040283203
2020-01-16,USDINR,70.71800231933594
2020-01-17,USDINR,70.94560241699219
2020-01-20,USDINR,71.03469848632812
2020-01-21,USDINR,71.03099822998047
2020-01-22,USDINR,71.16999816894531
2020-01-23,USDINR,71.0781021118164
2020-01-24,USDINR,71.32099914550781
2020-01-27,USDINR,71.32499694824219
2020-01-28,USDINR,71.44000244140625
2020-01-29,USDINR,71.23040008544922
2020-01-30,USDINR,71.30000305175781
2020-01-31,USDINR,71.63999938964844
2020-02-03,USDINR,71.49649810791016
2020-02-04,USDINR,71.31410217285156
2020-02-05,USDINR,71.0999984741211
2020-02-06,USDINR,71.18000030517578
2020-02-07,USDINR,71.47000122070312
2020-02-10,USDINR,71.5155029296875
2020-02-11,USDINR,71.27999877929688
2020-02-12,USDINR,71.27529907226562
2020-02-13,USDINR,71.29620361328125
2020-02-14,USDINR,71.26850128173828
2020-02-17,USDINR,71.51480102539062
2020-02-18,USDINR,71.34919738769531
2020-02-19,USDINR,71.57499694824219
2020-02-20,USDINR,71.82749938964844
2020-02-21,USDINR,72.11000061035156
2020-02-24,USDINR,71.88680267333984
2020-02-25,USDINR,72.04669952392578
2020-02-26,USDINR,71.87000274658203
2020-02-27,USDINR,71.66339874267578
2020-02-28,USDINR,71.93000030517578
2020-03-02,USDINR,72.1500015258789
2020-03-03,USDINR,72.82499694824219
2020-03-04,USDINR,73.34200286865234
2020-03-05,USDINR,74.0425033569336
2020-03-06,USDINR,73.8551025390625
2020-03-09,USDINR,73.99530029296875
2020-03-10,USDINR,74.40599822998047
2020-03-11,USDINR,74.20500183105469
2020-03-12,USDINR,74.76000213623047
2020-03-13,USDINR,75.30000305175781
2020-03-16,USDINR,73.90399932861328
2020-03-17,USDINR,75.15499877929688
2020-03-18,USDINR,74.01239776611328
2020-03-19,USDINR,74.98200225830078
2020-03-20,USDINR,75.15969848632812
2020-03-23,USDINR,75.62210083007812
2020-03-24,USDINR,76.50599670410156
2020-03-25,USDINR,77.26000213623047
2020-03-26,USDINR,75.84549713134766
2020-03-27,USDINR,74.72560119628906
2020-03-30,USDINR,75.46499633789062
2020-03-31,USDINR,75.4000015258789
2020-04-01,USDINR,75.32499694824219
2020-04-02,USDINR,77.56999969482422
2020-04-03,USDINR,77.13999938964844
2020-04-06,USDINR,76.2300033569336
2020-04-07,USDINR,75.96489715576172
2020-04-08,USDINR,76.66000366210938
2020-04-09,USDINR,75.95899963378906
2020-04-10,USDINR,76.6500015258789
2020-04-13,USDINR,76.16649627685547
2020-04-14,USDINR,76.91000366210938
2020-04-15,USDINR,75.93099975585938
2020-04-16,USDINR,77.2125015258789
2020-04-17,USDINR,77.56999969482422
2020-04-20,USDINR,76.55999755859375
2020-04-21,USDINR,77.20999908447266
2020-04-22,USDINR,76.96939849853516
2020-04-23,USDINR,76.4000015258789
2020-04-24,USDINR,76.42250061035156
2020-04-27,USDINR,76.27149963378906
2020-04-28,USDINR,76.1863021850586
2020-04-29,USDINR,76.46499633789062
2020-04-30,USDINR,75.25849914550781
2020-05-01,USDINR,75.72000122070312
2020-05-04,USDINR,75.60050201416016
2020-05-05,USDINR,75.8499984741211
2020-05-06,USDINR,76.16999816894531
2020-05-07,USDINR,76.15129852294922
2020-05-08,USDINR,76.08000183105469
2020-05-11,USDINR,75.5250015258789
2020-05-12,USDINR,76.30999755859375
2020-05-13,USDINR,75.68000030517578
2020-05-14,USDINR,75.42620086669922
2020-05-15,USDINR,75.48500061035156
2020-05-18,USDINR,75.81999969482422
2020-05-19,USDINR,75.60009765625
2020-05-20,USDINR,76.0
2020-05-21,USDINR,75.77999877929688
2020-05-22,USDINR,75.625
2020-05-25,USDINR,75.98500061035156
2020-05-26,USDINR,76.11000061035156
2020-05-27,USDINR,75.81999969482422
2020-05-28,USDINR,76.12999725341797
2020-05-29,USDINR,75.95999908447266
2020-06-01,USDINR,75.51319885253906
2020-06-02,USDINR,75.7300033569336
2020-06-03,USDINR,75.06580352783203
2020-06-04,USDINR,75.54499816894531
2020-06-05,USDINR,75.49089813232422
2020-06-08,USDINR,75.5177001953125
2020-06-09,USDINR,75.625
2020-06-10,USDINR,75.50980377197266
2020-06-11,USDINR,75.875
2020-06-12,USDINR,76.38999938964844
2020-06-15,USDINR,75.95680236816406
2020-06-16,USDINR,75.97799682617188
2020-06-17,USDINR,76.65499877929688
2020-06-18,USDINR,76.55000305175781
2020-06-19,USDINR,76.40039825439453
2020-06-22,USDINR,76.2520980834961
2020-06-23,USDINR,75.78980255126953
2020-06-24,USDINR,75.60780334472656
2020-06-25,USDINR,75.97000122070312
2020-06-26,USDINR,75.53980255126953
2020-06-29,USDINR,75.61979675292969
2020-06-30,USDINR,75.69999694824219
2020-07-01,USDINR,75.75
2020-07-02,USDINR,75.45490264892578
2020-07-03,USDINR,74.72100067138672
2020-07-06,USDINR,74.6792984008789
2020-07-07,USDINR,74.60759735107422
2020-07-08,USDINR,75.125
2020-07-09,USDINR,74.93990325927734
2020-07-10,USDINR,75.33999633789062
2020-07-13,USDINR,75.15850067138672
2020-07-14,USDINR,75.44999694824219
2020-07-15,USDINR,75.57499694824219
2020-07-16,USDINR,75.1249008178711
2020-07-17,USDINR,75.17449951171875
2020-07-20,USDINR,74.89730072021484
2020-07-21,USDINR,74.98999786376953
2020-07-22,USDINR,74.7699966430664
2020-07-23,USDINR,74.81999969482422
2020-07-24,USDINR,74.80729675292969
2020-07-27,USDINR,74.75980377197266
2020-07-28,USDINR,75.0
2020-07-29,USDINR,75.08999633789062
2020-07-30,USDINR,74.8311996459961
2020-07-31,USDINR,74.98999786376953
2020-08-03,USDINR,74.91780090332031
2020-08-04,USDINR,75.33000183105469
2020-08-05,USDINR,75.25
2020-08-06,USDINR,74.8822021484375
2020-08-07,USDINR,74.8998031616211
2020-08-10,USDINR,75.0248031616211
2020-08-11,USDINR,75.0999984741211
2020-08-12,USDINR,74.9000015258789
2020-08-13,USDINR,74.77210235595703
2020-08-14,USDINR,75.02999877929688
2020-08-17,USDINR,74.90280151367188
2020-08-18,USDINR,75.0
2020-08-19,USDINR,74.79499816894531
2020-08-20,USDINR,74.966796875
2020-08-21,USDINR,74.9999008178711
2020-08-24,USDINR,74.92179870605469
2020-08-25,USDINR,74.4000015258789
2020-08-26,USDINR,74.45249938964844
2020-08-27,USDINR,74.24009704589844
2020-08-28,USDINR,73.77449798583984
2020-08-31,USDINR,73.12830352783203
2020-09-01,USDINR,73.66999816894531
2020-09-02,USDINR,73.2699966430664
2020-09-03,USDINR,73.24849700927734
2020-09-04,USDINR,73.4478988647461
2020-09-07,USDINR,73.29029846191406
2020-09-08,USDINR,73.6500015258789
2020-09-09,USDINR,73.78679656982422
2020-09-10,USDINR,73.55000305175781
2020-09-11,USDINR,73.52729797363281
2020-09-14,USDINR,73.47859954833984
2020-09-15,USDINR,73.61499786376953
2020-09-16,USDINR,73.80000305175781
2020-09-17,USDINR,73.55069732666016
2020-09-18,USDINR,73.58360290527344
2020-09-21,USDINR,73.53479766845703
2020-09-22,USDINR,73.57980346679688
2020-09-23,USDINR,73.50299835205078
2020-09-24,USDINR,73.77839660644531
2020-09-25,USDINR,73.68240356445312
2020-09-28,USDINR,73.69930267333984
2020-09-29,USDINR,73.9749984741211
2020-09-30,USDINR,73.84500122070312
2020-10-01,USDINR,73.70500183105469
2020-10-02,USDINR,73.21700286865234
2020-10-05,USDINR,73.32240295410156
2020-10-06,USDINR,73.1082992553711
2020-10-07,USDINR,73.81500244140625
2020-10-08,USDINR,73.5425033569336
2020-10-09,USDINR,73.28050231933594
2020-10-12,USDINR,73.01480102539062
2020-10-13,USDINR,73.35079956054688
2020-10-14,USDINR,73.62000274658203
2020-10-15,USDINR,73.29620361328125
2020-10-16,USDINR,73.37100219726562
2020-10-19,USDINR,73.44380187988281
2020-10-20,USDINR,73.57499694824219
2020-10-21,USDINR,73.64749908447266
2020-10-22,USDINR,73.6812973022461
2020-10-23,USDINR,73.72000122070312
2020-10-26,USDINR,73.8228988647461
2020-10-27,USDINR,73.94850158691406
2020-10-28,USDINR,73.80500030517578
2020-10-29,USDINR,74.44000244140625
2020-10-30,USDINR,74.26399993896484
2020-11-02,USDINR,74.55049896240234
2020-11-03,USDINR,74.45680236816406
2020-11-04,USDINR,74.65560150146484
2020-11-05,USDINR,74.37999725341797
2020-11-06,USDINR,74.12000274658203
2020-11-09,USDINR,73.97979736328125
2020-11-10,USDINR,73.95320129394531
2020-11-11,USDINR,74.28160095214844
2020-11-12,USDINR,74.56999969482422
2020-11-13,USDINR,74.86499786376953
2020-11-16,USDINR,74.48770141601562
2020-11-17,USDINR,74.41809844970703
2020-11-18,USDINR,74.47969818115234
2020-11-19,USDINR,74.41999816894531
2020-11-20,USDINR,74.09960174560547
2020-11-23,USDINR,74.16239929199219
2020-11-24,USDINR,74.24490356445312
2020-11-25,USDINR,73.96080017089844
2020-11-26,USDINR,73.77989959716797
2020-11-27,USDINR,74.04879760742188
2020-11-30,USDINR,73.94090270996094
2020-12-01,USDINR,74.02519989013672
2020-12-02,USDINR,73.65499877929688
2020-12-03,USDINR,73.66259765625
2020-12-04,USDINR,73.86489868164062
2020-12-07,USDINR,73.79029846191406
2020-12-08,USDINR,74.0199966430664
2020-12-09,USDINR,73.72640228271484
2020-12-10,USDINR,73.93499755859375
2020-12-11,USDINR,73.72669982910156
2020-12-14,USDINR,73.73799896240234
2020-12-15,USDINR,73.86000061035156
2020-12-16,USDINR,73.75980377197266
2020-12-17,USDINR,73.6166000366211
2020-12-18,USDINR,73.52980041503906
2020-12-21,USDINR,73.60359954833984
2020-12-22,USDINR,73.935302734375
2020-12-23,USDINR,74.2699966430664
2020-12-24,USDINR,73.83979797363281
2020-12-25,USDINR,73.55780029296875
2020-12-28,USDINR,73.68900299072266
2020-12-29,USDINR,73.5448989868164
2020-12-30,USDINR,73.45359802246094
2020-12-31,USDINR,73.13400268554688
2021-01-01,USDINR,73.08920288085938
2021-01-04,USDINR,73.09200286865234
2021-01-05,USDINR,73.31999969482422
2021-01-06,USDINR,73.37480163574219
2021-01-07,USDINR,73.36000061035156
2021-01-08,USDINR,73.44599914550781
2021-01-11,USDINR,73.37339782714844
2021-01-12,USDINR,73.51349639892578
2021-01-13,USDINR,73.16500091552734
2021-01-14,USDINR,73.1698989868164
2021-01-15,USDINR,73.08760070800781
2021-01-18,USDINR,73.15899658203125
2021-01-19,USDINR,73.1886978149414
2021-01-20,USDINR,73.19190216064453
2021-01-21,USDINR,72.91089630126953
2021-01-22,USDINR,72.95490264892578
2021-01-25,USDINR,72.99590301513672
2021-01-26,USDINR,72.97000122070312
2021-01-27,USDINR,72.91999816894531
2021-01-28,USDINR,73.03710174560547
2021-01-29,USDINR,72.93879699707031
2021-02-01,USDINR,72.90660095214844
2021-02-02,USDINR,73.11979675292969
2021-02-03,USDINR,72.91629791259766
2021-02-04,USDINR,72.85800170898438
2021-02-05,USDINR,72.9457015991211
2021-02-08,USDINR,72.78479766845703
2021-02-09,USDINR,72.92990112304688
2021-02-10,USDINR,72.85489654541016
2021-02-11,USDINR,72.80729675292969
2021-02-12,USDINR,72.70950317382812
2021-02-15,USDINR,72.59480285644531
2021-02-16,USDINR,72.63870239257812
2021-02-17,USDINR,72.93499755859375
2021-02-18,USDINR,72.79730224609375
2021-02-19,USDINR,72.60540008544922
2021-02-22,USDINR,72.5530014038086
2021-02-23,USDINR,72.44400024414062
2021-02-24,USDINR,72.37699890136719
2021-02-25,USDINR,72.4000015258789
2021-02-26,USDINR,73.1509017944336
2021-03-01,USDINR,73.59590148925781
2021-03-02,USDINR,73.30940246582031
2021-03-03,USDINR,73.27749633789062
2021-03-04,USDINR,72.88069915771484
2021-03-05,USDINR,73.13179779052734
2021-03-08,USDINR,73.1333999633789
2021-03-09,USDINR,73.33000183105469
2021-03-10,USDINR,72.7759017944336
2021-03-11,USDINR,72.70600128173828
2021-03-12,USDINR,72.63899993896484
2021-03-15,USDINR,72.68299865722656
2021-03-16,USDINR,72.51529693603516
2021-03-17,USDINR,72.5156021118164
2021-03-18,USDINR,72.29560089111328
2021-03-19,USDINR,72.6688003540039
2021-03-22,USDINR,72.40499877929688
2021-03-23,USDINR,72.38050079345703
2021-03-24,USDINR,72.61219787597656
2021-03-25,USDINR,72.64559936523438
2021-03-26,USDINR,72.61280059814453
2021-03-29,USDINR,72.44719696044922
2021-03-30,USDINR,72.74189758300781
2021-03-31,USDINR,73.44529724121094
2021-04-01,USDINR,73.20349884033203
2021-04-02,USDINR,73.28730010986328
2021-04-05,USDINR,73.3759994506836
2021-04-06,USDINR,73.27950286865234
2021-04-07,USDINR,73.48999786376953
2021-04-08,USDINR,74.40149688720703
2021-04-09,USDINR,74.54450225830078
2021-04-12,USDINR,74.72949981689453
2021-04-13,USDINR,74.99099731445312
2021-04-14,USDINR,75.18150329589844
2021-04-15,USDINR,75.0261001586914
2021-04-16,USDINR,74.72740173339844
2021-04-19,USDINR,74.56320190429688
2021-04-20,USDINR,74.8781967163086
2021-04-21,USDINR,75.44920349121094
2021-04-22,USDINR,75.42949676513672
2021-04-23,USDINR,75.0916976928711
2021-04-26,USDINR,74.86810302734375
2021-04-27,USDINR,74.81490325927734
2021-04-28,USDINR,74.57499694824219
2021-04-29,USDINR,74.31179809570312
2021-04-30,USDINR,74.10579681396484
2021-05-03,USDINR,74.09480285644531
2021-05-04,USDINR,73.8375015258789
2021-05-05,USDINR,73.77890014648438
2021-05-06,USDINR,73.79940032958984
2021-05-07,USDINR,73.61519622802734
2021-05-10,USDINR,73.29029846191406
2021-05-11,USDINR,73.5
2021-05-12,USDINR,73.3750991821289
2021-05-13,USDINR,73.68160247802734
2021-05-14,USDINR,73.44490051269531
2021-05-17,USDINR,73.27890014648438
2021-05-18,USDINR,73.26969909667969
2021-05-19,USDINR,73.1281967163086
2021-05-20,USDINR,73.222900390625
2021-05-21,USDINR,73.02189636230469
2021-05-24,USDINR,72.90979766845703
2021-05-25,USDINR,72.83660125732422
2021-05-26,USDINR,72.80490112304688
2021-05-27,USDINR,72.67250061035156
2021-05-28,USDINR,72.68299865722656
2021-05-31,USDINR,72.39350128173828
2021-06-01,USDINR,72.48719787597656
2021-06-02,USDINR,72.8550033569336
2021-06-03,USDINR,72.96510314941406
2021-06-04,USDINR,73.04419708251953
2021-06-07,USDINR,72.90969848632812
2021-06-08,USDINR,72.80940246582031
2021-06-09,USDINR,72.97530364990234
2021-06-10,USDINR,72.98529815673828
2021-06-11,USDINR,73.01229858398438
2021-06-14,USDINR,73.23159790039062
2021-06-15,USDINR,73.18080139160156
2021-06-16,USDINR,73.3447036743164
2021-06-17,USDINR,73.8240966796875
2021-06-18,USDINR,74.25389862060547
2021-06-21,USDINR,74.1438980102539
2021-06-22,USDINR,74.13520050048828
2021-06-23,USDINR,74.33219909667969
2021-06-24,USDINR,74.24690246582031
2021-06-25,USDINR,74.19029998779297
2021-06-28,USDINR,74.21299743652344
2021-06-29,USDINR,74.285400390625
2021-06-30,USDINR,74.28759765625
2021-07-01,USDINR,74.37100219726562
2021-07-02,USDINR,74.54499816894531
2021-07-05,USDINR,74.48179626464844
2021-07-06,USDINR,74.31780242919922
2021-07-07,USDINR,74.76290130615234
2021-07-08,USDINR,74.8218994140625
2021-07-09,USDINR,74.72139739990234
2021-07-12,USDINR,74.4905014038086
2021-07-13,USDINR,74.54170227050781
2021-07-14,USDINR,74.65910339355469
2021-07-15,USDINR,74.46910095214844
2021-07-16,USDINR,74.53700256347656
2021-07-19,USDINR,74.63179779052734
2021-07-20,USDINR,74.99340057373047
2021-07-21,USDINR,74.5270004272461
2021-07-22,USDINR,74.44020080566406
2021-07-23,USDINR,74.4520034790039
2021-07-26,USDINR,74.44889831542969
2021-07-27,USDINR,74.28949737548828
2021-07-28,USDINR,74.5022964477539
2021-07-29,USDINR,74.38999938964844
2021-07-30,USDINR,74.25199890136719
2021-08-02,USDINR,74.37909698486328
2021-08-03,USDINR,74.33200073242188
2021-08-04,USDINR,74.21440124511719
2021-08-05,USDINR,74.18399810791016
2021-08-06,USDINR,74.08200073242188
2021-08-09,USDINR,74.49140167236328
2021-08-10,USDINR,74.46620178222656
2021-08-11,USDINR,74.43550109863281
2021-08-12,USDINR,74.10299682617188
2021-08-13,USDINR,74.26010131835938
2021-08-16,USDINR,74.216796875
2021-08-17,USDINR,74.13500213623047
2021-08-18,USDINR,74.364501953125
2021-08-19,USDINR,74.2697982788086
2021-08-20,USDINR,74.4292984008789
2021-08-23,USDINR,74.30149841308594
2021-08-24,USDINR,74.10590362548828
2021-08-25,USDINR,74.1447982788086
2021-08-26,USDINR,74.0999984741211
2021-08-27,USDINR,74.15599822998047
2021-08-30,USDINR,73.49659729003906
2021-08-31,USDINR,73.41120147705078
2021-09-01,USDINR,72.99669647216797
2021-09-02,USDINR,72.98509979248047
2021-09-03,USDINR,73.0542984008789
2021-09-06,USDINR,72.99449920654297
2021-09-07,USDINR,73.11000061035156
2021-09-08,USDINR,73.3904037475586
2021-09-09,USDINR,73.78900146484375
2021-09-10,USDINR,73.53800201416016
2021-09-13,USDINR,73.52429962158203
2021-09-14,USDINR,73.54080200195312
2021-09-15,USDINR,73.65080261230469
2021-09-16,USDINR,73.43800354003906
2021-09-17,USDINR,73.56490325927734
2021-09-20,USDINR,73.69609832763672
2021-09-21,USDINR,73.65899658203125
2021-09-22,USDINR,73.7927017211914
2021-09-23,USDINR,73.8749008178711
2021-09-24,USDINR,73.83999633789062
2021-09-27,USDINR,73.81289672851562
2021-09-28,USDINR,73.82530212402344
2021-09-29,USDINR,74.16329956054688
2021-09-30,USDINR,74.3219985961914
2021-10-01,USDINR,74.25440216064453
2021-10-04,USDINR,74.152099609375
2021-10-05,USDINR,74.57279968261719
2021-10-06,USDINR,74.56320190429688
2021-10-07,USDINR,74.76000213623047
2021-10-08,USDINR,74.83000183105469
2021-10-11,USDINR,75.30580139160156
2021-10-12,USDINR,75.40260314941406
2021-10-13,USDINR,75.48390197753906
2021-10-14,USDINR,75.3062973022461
2021-10-15,USDINR,74.99500274658203
2021-10-18,USDINR,75.00589752197266
2021-10-19,USDINR,75.2354965209961
2021-10-20,USDINR,75.12010192871094
2021-10-21,USDINR,74.80919647216797
2021-10-22,USDINR,74.86540222167969
2021-10-25,USDINR,74.99369812011719
2021-10-26,USDINR,75.08989715576172
2021-10-27,USDINR,74.88890075683594
2021-10-28,USDINR,75.05000305175781
2021-10-29,USDINR,74.79720306396484
2021-11-01,USDINR,74.92829895019531
2021-11-02,USDINR,74.82990264892578
2021-11-03,USDINR,74.71199798583984
2021-11-04,USDINR,74.43550109863281
2021-11-05,USDINR,74.47810363769531
2021-11-08,USDINR,74.19110107421875
2021-11-09,USDINR,73.91850280761719
2021-11-10,USDINR,74.17479705810547
2021-11-11,USDINR,74.40489959716797
2021-11-12,USDINR,74.32209777832031
2021-11-15,USDINR,74.33999633789062
2021-11-16,USDINR,74.43509674072266
2021-11-17,USDINR,74.45860290527344
2021-11-18,USDINR,74.25980377197266
2021-11-19,USDINR,74.17440032958984
2021-11-22,USDINR,74.30259704589844
2021-11-23,USDINR,74.42980194091797
2021-11-24,USDINR,74.4469985961914
2021-11-25,USDINR,74.625
2021-11-26,USDINR,74.50579833984375
2021-11-29,USDINR,74.98159790039062
2021-11-30,USDINR,75.05490112304688
2021-12-01,USDINR,75.0509033203125
2021-12-02,USDINR,75.01789855957031
2021-12-03,USDINR,74.9834976196289
2021-12-06,USDINR,75.23400115966797
2021-12-07,USDINR,75.39129638671875
2021-12-08,USDINR,75.40859985351562
2021-12-09,USDINR,75.38330078125
2021-12-10,USDINR,75.59919738769531
2021-12-13,USDINR,75.70999908447266
2021-12-14,USDINR,75.82689666748047
2021-12-15,USDINR,76.04720306396484
2021-12-16,USDINR,76.2114028930664
2021-12-17,USDINR,76.1675033569336
2021-12-20,USDINR,76.00599670410156
2021-12-21,USDINR,75.75869750976562
2021-12-22,USDINR,75.6864013671875
2021-12-23,USDINR,75.45850372314453
2021-12-24,USDINR,75.06739807128906
2021-12-27,USDINR,75.31500244140625
2021-12-28,USDINR,74.98030090332031
2021-12-29,USDINR,74.74500274658203
2021-12-30,USDINR,74.57029724121094
2021-12-31,USDINR,74.43119812011719
2022-01-03,USDINR,74.51380157470703
2022-01-04,USDINR,74.4032974243164
2022-01-05,USDINR,74.53489685058594
2022-01-06,USDINR,74.43009948730469
2022-01-07,USDINR,74.41929626464844
2022-01-10,USDINR,74.2699966430664
2022-01-11,USDINR,74.05699920654297
2022-01-12,USDINR,73.81529998779297
2022-01-13,USDINR,73.79910278320312
2022-01-14,USDINR,73.97229766845703
2022-01-17,USDINR,74.37899780273438
2022-01-18,USDINR,74.25509643554688
2022-01-19,USDINR,74.61969757080078
2022-01-20,USDINR,74.44920349121094
2022-01-21,USDINR,74.45220184326172
2022-01-24,USDINR,74.41320037841797
2022-01-25,USDINR,74.6447982788086
2022-01-26,USDINR,74.77999877929688
2022-01-27,USDINR,74.8949966430664
2022-01-28,USDINR,75.20929718017578
2022-01-31,USDINR,75.03900146484375
2022-02-01,USDINR,74.55580139160156
2022-02-02,USDINR,74.74549865722656
2022-02-03,USDINR,74.82240295410156
2022-02-04,USDINR,74.6438980102539
2022-02-07,USDINR,74.64219665527344
2022-02-08,USDINR,74.6583023071289
2022-02-09,USDINR,74.69519805908203
2022-02-10,USDINR,74.80889892578125
2022-02-11,USDINR,75.53839874267578
2022-02-14,USDINR,75.34100341796875
2022-02-15,USDINR,75.6854019165039
2022-02-16,USDINR,75.17479705810547
2022-02-17,USDINR,75.04199981689453
2022-02-18,USDINR,75.06300354003906
2022-02-21,USDINR,74.68240356445312
2022-02-22,USDINR,74.51699829101562
2022-02-23,USDINR,74.62300109863281
2022-02-24,USDINR,74.63300323486328
2022-02-25,USDINR,75.4083023071289
2022-02-28,USDINR,75.06800079345703
2022-03-01,USDINR,75.28479766845703
2022-03-02,USDINR,75.80120086669922
2022-03-03,USDINR,75.63099670410156
2022-03-04,USDINR,75.8917007446289
2022-03-07,USDINR,76.41799926757812
2022-03-08,USDINR,77.08080291748047
2022-03-09,USDINR,76.91449737548828
2022-03-10,USDINR,76.13490295410156
2022-03-11,USDINR,76.310302734375
2022-03-14,USDINR,76.75370025634766
2022-03-15,USDINR,76.49009704589844
2022-03-16,USDINR,76.26589965820312
2022-03-17,USDINR,76.02420043945312
2022-03-18,USDINR,75.98159790039062
2022-03-21,USDINR,75.94640350341797
2022-03-22,USDINR,76.30709838867188
2022-03-23,USDINR,76.10189819335938
2022-03-24,USDINR,76.55239868164062
2022-03-25,USDINR,76.32350158691406
2022-03-28,USDINR,76.27850341796875
2022-03-29,USDINR,76.03410339355469
2022-03-30,USDINR,75.66670227050781
2022-03-31,USDINR,75.82779693603516
2022-04-01,USDINR,75.9092025756836
2022-04-04,USDINR,75.99479675292969
2022-04-05,USDINR,75.47799682617188
2022-04-06,USDINR,75.45069885253906
2022-04-07,USDINR,75.94509887695312
2022-04-08,USDINR,75.91320037841797
2022-04-11,USDINR,75.91729736328125
2022-04-12,USDINR,75.83699798583984
2022-04-13,USDINR,76.1498031616211
2022-04-14,USDINR,76.12169647216797
2022-04-15,USDINR,76.30879974365234
2022-04-18,USDINR,76.3313980102539
2022-04-19,USDINR,76.28019714355469
2022-04-20,USDINR,76.44539642333984
2022-04-21,USDINR,76.27619934082031
2022-04-22,USDINR,76.28520202636719
2022-04-25,USDINR,76.4635009765625
2022-04-26,USDINR,76.52780151367188
2022-04-27,USDINR,76.79409790039062
2022-04-28,USDINR,76.47219848632812
2022-04-29,USDINR,76.58899688720703
2022-05-02,USDINR,76.52310180664062
2022-05-03,USDINR,76.52410125732422
2022-05-04,USDINR,76.46730041503906
2022-05-05,USDINR,76.00160217285156
2022-05-06,USDINR,76.54180145263672
2022-05-09,USDINR,76.9574966430664
2022-05-10,USDINR,77.3655014038086
2022-05-11,USDINR,77.27140045166016
2022-05-12,USDINR,77.41840362548828
2022-05-13,USDINR,77.44380187988281
2022-05-16,USDINR,77.48629760742188
2022-05-17,USDINR,77.8053970336914
2022-05-18,USDINR,77.37239837646484
2022-05-19,USDINR,77.81999969482422
2022-05-20,USDINR,77.42109680175781
2022-05-23,USDINR,77.81839752197266
2022-05-24,USDINR,77.52680206298828
2022-05-25,USDINR,77.47879791259766
2022-05-26,USDINR,77.49729919433594
2022-05-27,USDINR,77.63020324707031
2022-05-30,USDINR,77.69200134277344
2022-05-31,USDINR,77.5208969116211
2022-06-01,USDINR,77.5989990234375
2022-06-02,USDINR,77.58409881591797
2022-06-03,USDINR,77.3604965209961
2022-06-06,USDINR,77.69419860839844
2022-06-07,USDINR,77.82099914550781
2022-06-08,USDINR,77.67060089111328
2022-06-09,USDINR,77.72429656982422
2022-06-10,USDINR,77.8187026977539
2022-06-13,USDINR,78.17759704589844
2022-06-14,USDINR,78.16059875488281
2022-06-15,USDINR,77.9854965209961
2022-06-16,USDINR,77.90019989013672
2022-06-17,USDINR,77.97769927978516
2022-06-20,USDINR,77.9614028930664
2022-06-21,USDINR,77.93399810791016
2022-06-22,USDINR,78.13490295410156
2022-06-23,USDINR,78.19309997558594
2022-06-24,USDINR,78.14240264892578
2022-06-27,USDINR,78.2522964477539
2022-06-28,USDINR,78.44110107421875
2022-06-29,USDINR,79.07319641113281
2022-06-30,USDINR,78.89830017089844
2022-07-01,USDINR,78.96299743652344
2022-07-04,USDINR,78.95069885253906
2022-07-05,USDINR,78.93949890136719
2022-07-06,USDINR,79.36840057373047
2022-07-07,USDINR,79.04389953613281
2022-07-08,USDINR,79.22160339355469
2022-07-11,USDINR,79.3313980102539
2022-07-12,USDINR,79.47779846191406
2022-07-13,USDINR,79.47640228271484
2022-07-14,USDINR,79.80750274658203
2022-07-15,USDINR,79.87830352783203
2022-07-18,USDINR,79.72049713134766
2022-07-19,USDINR,80.0302963256836
2022-07-20,USDINR,79.85590362548828
2022-07-21,USDINR,80.00340270996094
2022-07-22,USDINR,79.7759017944336
2022-07-25,USDINR,79.87680053710938
2022-07-26,USDINR,79.72250366210938
2022-07-27,USDINR,79.84120178222656
2022-07-28,USDINR,79.84739685058594
2022-07-29,USDINR,79.57150268554688
2022-08-01,USDINR,79.1948013305664
2022-08-02,USDINR,78.95570373535156
2022-08-03,USDINR,78.60449981689453
2022-08-04,USDINR,79.11830139160156
2022-08-05,USDINR,79.15489959716797
2022-08-08,USDINR,79.41059875488281
2022-08-09,USDINR,79.60189819335938
2022-08-10,USDINR,79.57839965820312
2022-08-11,USDINR,79.0978012084961
2022-08-12,USDINR,79.61399841308594
2022-08-15,USDINR,79.62760162353516
2022-08-16,USDINR,79.55290222167969
2022-08-17,USDINR,79.14600372314453
2022-08-18,USDINR,79.35970306396484
2022-08-19,USDINR,79.7667007446289
2022-08-22,USDINR,79.91790008544922
2022-08-23,USDINR,79.88379669189453
2022-08-24,USDINR,79.85449981689453
2022-08-25,USDINR,79.79679870605469
2022-08-26,USDINR,79.88289642333984
2022-08-29,USDINR,79.95909881591797
2022-08-30,USDINR,79.96790313720703
2022-08-31,USDINR,79.68229675292969
2022-09-01,USDINR,79.54879760742188
2022-09-02,USDINR,79.716796875
2022-09-05,USDINR,79.72450256347656
2022-09-06,USDINR,79.78299713134766
2022-09-07,USDINR,79.89510345458984
2022-09-08,USDINR,79.6498031616211
2022-09-09,USDINR,79.706298828125
2022-09-12,USDINR,79.65579986572266
2022-09-13,USDINR,79.35530090332031
2022-09-14,USDINR,79.60240173339844
2022-09-15,USDINR,79.45369720458984
2022-09-16,USDINR,79.8490982055664
2022-09-19,USDINR,79.68949890136719
2022-09-20,USDINR,79.7074966430664
2022-09-21,USDINR,79.76270294189453
2022-09-22,USDINR,80.05069732666016
2022-09-23,USDINR,81.06220245361328
2022-09-26,USDINR,81.25479888916016
2022-09-27,USDINR,81.61579895019531
2022-09-28,USDINR,81.72460174560547
2022-09-29,USDINR,81.42870330810547
2022-09-30,USDINR,81.48059844970703
2022-10-03,USDINR,81.52130126953125
2022-10-04,USDINR,81.49500274658203
2022-10-05,USDINR,81.46549987792969
2022-10-06,USDINR,81.6488037109375
2022-10-07,USDINR,82.3489990234375
2022-10-10,USDINR,82.8322982788086
2022-10-11,USDINR,82.42070007324219
2022-10-12,USDINR,82.2739028930664
2022-10-13,USDINR,82.19999694824219
2022-10-14,USDINR,82.19210052490234
2022-10-17,USDINR,82.41280364990234
2022-10-18,USDINR,82.1947021484375
2022-10-19,USDINR,82.2863998413086
2022-10-20,USDINR,82.99700164794922
2022-10-21,USDINR,82.82569885253906
2022-10-24,USDINR,82.54129791259766
2022-10-25,USDINR,82.7614974975586
2022-10-26,USDINR,82.44529724121094
2022-10-27,USDINR,82.04959869384766
2022-10-28,USDINR,82.44249725341797
2022-10-31,USDINR,82.23919677734375
2022-11-01,USDINR,82.72899627685547
2022-11-02,USDINR,82.68450164794922
2022-11-03,USDINR,82.88839721679688
2022-11-04,USDINR,82.68180084228516
2022-11-07,USDINR,81.9749984741211
2022-11-08,USDINR,81.82599639892578
2022-11-09,USDINR,81.40519714355469
2022-11-10,USDINR,81.34380340576172
2022-11-11,USDINR,80.48290252685547
2022-11-14,USDINR,80.49700164794922
2022-11-15,USDINR,80.99199676513672
2022-11-16,USDINR,81.07140350341797
2022-11-17,USDINR,81.49530029296875
2022-11-18,USDINR,81.52490234375
2022-11-21,USDINR,81.5198974609375
2022-11-22,USDINR,81.72769927978516
2022-11-23,USDINR,81.71499633789062
2022-11-24,USDINR,81.63289642333984
2022-11-25,USDINR,81.65540313720703
2022-11-28,USDINR,81.6697006225586
2022-11-29,USDINR,81.65029907226562
2022-11-30,USDINR,81.63089752197266
2022-12-01,USDINR,81.3052978515625
2022-12-02,USDINR,81.16220092773438
2022-12-05,USDINR,81.42250061035156
2022-12-06,USDINR,81.89900207519531
2022-12-07,USDINR,82.37220001220703
2022-12-08,USDINR,82.25350189208984
2022-12-09,USDINR,82.2791976928711
2022-12-12,USDINR,82.41300201416016
2022-12-13,USDINR,82.64469909667969
2022-12-14,USDINR,82.40249633789062
2022-12-15,USDINR,82.50800323486328
2022-12-16,USDINR,82.85790252685547
2022-12-19,USDINR,82.72599792480469
2022-12-20,USDINR,82.58190155029297
2022-12-21,USDINR,82.63690185546875
2022-12-22,USDINR,82.87860107421875
2022-12-23,USDINR,82.8749008178711
2022-12-26,USDINR,82.6041030883789
2022-12-27,USDINR,82.90290069580078
2022-12-28,USDINR,82.7761001586914
2022-12-29,USDINR,82.85199737548828
2022-12-30,USDINR,82.83509826660156
2023-01-02,USDINR,82.74980163574219
2023-01-03,USDINR,82.70600128173828
2023-01-04,USDINR,82.78569793701172
2023-01-05,USDINR,82.66649627685547
2023-01-06,USDINR,82.64520263671875
2023-01-09,USDINR,82.27339935302734
2023-01-10,USDINR,82.18009948730469
2023-01-11,USDINR,81.63739776611328
2023-01-12,USDINR,81.63179779052734
2023-01-13,USDINR,81.1156005859375
2023-01-16,USDINR,81.27799987792969
2023-01-17,USDINR,81.65260314941406
2023-01-18,USDINR,81.52549743652344
2023-01-19,USDINR,81.43599700927734
2023-01-20,USDINR,81.23979949951172
2023-01-23,USDINR,80.97599792480469
2023-01-24,USDINR,81.48799896240234
2023-01-25,USDINR,81.60189819335938
2023-01-26,USDINR,81.50270080566406
2023-01-27,USDINR,81.44509887695312
2023-01-30,USDINR,81.50800323486328
2023-01-31,USDINR,81.57990264892578
2023-02-01,USDINR,81.76840209960938
2023-02-02,USDINR,81.71029663085938
2023-02-03,USDINR,82.0458984375
2023-02-06,USDINR,82.22599792480469
2023-02-07,USDINR,82.75499725341797
2023-02-08,USDINR,82.74189758300781
2023-02-09,USDINR,82.65950012207031
2023-02-10,USDINR,82.533203125
2023-02-13,USDINR,82.51300048828125
2023-02-14,USDINR,82.59739685058594
2023-02-15,USDINR,82.86759948730469
2023-02-16,USDINR,82.73770141601562
2023-02-17,USDINR,82.69529724121094
2023-02-20,USDINR,82.75800323486328
2023-02-21,USDINR,82.69750213623047
2023-02-22,USDINR,82.86119842529297
2023-02-23,USDINR,82.83529663085938
2023-02-24,USDINR,82.6178970336914
2023-02-27,USDINR,82.91799926757812
2023-02-28,USDINR,82.6520004272461
2023-03-01,USDINR,82.6353988647461
2023-03-02,USDINR,82.4198989868164
2023-03-03,USDINR,82.35569763183594
2023-03-06,USDINR,81.7125015258789
2023-03-07,USDINR,81.85440063476562
2023-03-08,USDINR,82.07460021972656
2023-03-09,USDINR,81.9645004272461
2023-03-10,USDINR,82.01840209960938
2023-03-13,USDINR,81.95800018310547
2023-03-14,USDINR,82.41739654541016
2023-03-15,USDINR,82.30490112304688
2023-03-16,USDINR,82.7156982421875
2023-03-17,USDINR,82.622802734375
2023-03-20,USDINR,82.53299713134766
2023-03-21,USDINR,82.52909851074219
2023-03-22,USDINR,82.677001953125
2023-03-23,USDINR,82.52580261230469
2023-03-24,USDINR,82.26529693603516
2023-03-27,USDINR,82.33879852294922
2023-03-28,USDINR,82.21489715576172
2023-03-29,USDINR,82.16429901123047
2023-03-30,USDINR,82.25540161132812
2023-03-31,USDINR,82.10050201416016
2023-04-03,USDINR,82.18479919433594
2023-04-04,USDINR,82.14089965820312
2023-04-05,USDINR,82.11479949951172
2023-04-06,USDINR,81.94999694824219
2023-04-07,USDINR,81.831298828125
2023-04-10,USDINR,81.88480377197266
2023-04-11,USDINR,81.98390197753906
2023-04-12,USDINR,82.07009887695312
2023-04-13,USDINR,81.96060180664062
2023-04-14,USDINR,81.68070220947266
2023-04-17,USDINR,81.84480285644531
2023-04-18,USDINR,82.00370025634766
2023-04-19,USDINR,82.10790252685547
2023-04-20,USDINR,82.34010314941406
2023-04-21,USDINR,82.14089965820312
2023-04-24,USDINR,82.05480194091797
2023-04-25,USDINR,81.85230255126953
2023-04-26,USDINR,81.9916000366211
2023-04-27,USDINR,81.76689910888672
2023-04-28,USDINR,81.76509857177734
2023-05-01,USDINR,81.74479675292969
2023-05-02,USDINR,81.77469635009766
2023-05-03,USDINR,81.77870178222656
2023-05-04,USDINR,81.77999877929688
2023-05-05,USDINR,81.71610260009766
2023-05-08,USDINR,81.72979736328125
2023-05-09,USDINR,81.78710174560547
2023-05-10,USDINR,82.1050033569336
2023-05-11,USDINR,81.9198989868164
2023-05-12,USDINR,82.10030364990234
2023-05-15,USDINR,82.20030212402344
2023-05-16,USDINR,82.2667007446289
2023-05-17,USDINR,82.2959976196289
2023-05-18,USDINR,82.45030212402344
2023-05-19,USDINR,82.72509765625
2023-05-22,USDINR,82.90480041503906
2023-05-23,USDINR,82.82499694824219
2023-05-24,USDINR,82.8906021118164
2023-05-25,USDINR,82.71369934082031
2023-05-26,USDINR,82.74210357666016
2023-05-29,USDINR,82.57479858398438
2023-05-30,USDINR,82.57969665527344
2023-05-31,USDINR,82.68389892578125
2023-06-01,USDINR,82.66680145263672
2023-06-02,USDINR,82.27670288085938
2023-06-05,USDINR,82.40979766845703
2023-06-06,USDINR,82.51119995117188
2023-06-07,USDINR,82.51719665527344
2023-06-08,USDINR,82.61810302734375
2023-06-09,USDINR,82.48829650878906
2023-06-12,USDINR,82.4448013305664
2023-06-13,USDINR,82.33719635009766
2023-06-14,USDINR,82.29039764404297
2023-06-15,USDINR,82.04499816894531
2023-06-16,USDINR,81.9126968383789
2023-06-19,USDINR,81.91480255126953
2023-06-20,USDINR,81.98139953613281
2023-06-21,USDINR,81.9917984008789
2023-06-22,USDINR,81.94149780273438
2023-06-23,USDINR,81.91929626464844
2023-06-26,USDINR,81.98480224609375
2023-06-27,USDINR,82.00650024414062
2023-06-28,USDINR,81.99839782714844
2023-06-29,USDINR,82.02649688720703
2023-06-30,USDINR,82.07540130615234
2023-07-03,USDINR,82.09629821777344
2023-07-04,USDINR,81.95010375976562
2023-07-05,USDINR,82.0071029663086
2023-07-06,USDINR,82.39409637451172
2023-07-07,USDINR,82.76840209960938
2023-07-10,USDINR,82.61530303955078
2023-07-11,USDINR,82.52529907226562
2023-07-12,USDINR,82.39990234375
2023-07-13,USDINR,82.00180053710938
2023-07-14,USDINR,82.03079986572266
2023-07-17,USDINR,82.07679748535156
2023-07-18,USDINR,82.06159973144531
2023-07-19,USDINR,82.07540130615234
2023-07-20,USDINR,82.06169891357422
2023-07-21,USDINR,82.0823974609375
2023-07-24,USDINR,81.99030303955078
2023-07-25,USDINR,81.81420135498047
2023-07-26,USDINR,81.95010375976562
2023-07-27,USDINR,81.97550201416016
2023-07-28,USDINR,82.3749008178711
2023-07-31,USDINR,82.25279998779297
2023-08-01,USDINR,82.2332992553711
2023-08-02,USDINR,82.30729675292969
2023-08-03,USDINR,82.7332992553711
2023-08-04,USDINR,82.7843017578125
2023-08-07,USDINR,82.69529724121094
2023-08-08,USDINR,82.74829864501953
2023-08-09,USDINR,82.84500122070312
2023-08-10,USDINR,82.86630249023438
2023-08-11,USDINR,82.79989624023438
2023-08-14,USDINR,82.89730072021484
2023-08-15,USDINR,83.2333984375
2023-08-16,USDINR,83.19419860839844
2023-08-17,USDINR,83.23699951171875
2023-08-18,USDINR,83.09829711914062
2023-08-21,USDINR,83.16729736328125
2023-08-22,USDINR,83.1135025024414
2023-08-23,USDINR,83.07330322265625
2023-08-24,USDINR,82.5447006225586
2023-08-25,USDINR,82.64140319824219
2023-08-28,USDINR,82.66429901123047
2023-08-29,USDINR,82.69149780273438
2023-08-30,USDINR,82.49469757080078
2023-08-31,USDINR,82.70040130615234
2023-09-01,USDINR,82.68240356445312
2023-09-04,USDINR,82.6969985961914
2023-09-05,USDINR,82.7345962524414
2023-09-06,USDINR,83.08609771728516
2023-09-07,USDINR,83.25740051269531
2023-09-08,USDINR,83.24150085449219
2023-09-11,USDINR,83.03130340576172
2023-09-12,USDINR,82.94329833984375
2023-09-13,USDINR,82.84300231933594
2023-09-14,USDINR,82.93679809570312
2023-09-15,USDINR,83.0282974243164
2023-09-18,USDINR,83.08580017089844
2023-09-19,USDINR,83.25489807128906
2023-09-20,USDINR,83.19499969482422
2023-09-21,USDINR,83.08699798583984
2023-09-22,USDINR,82.89129638671875
2023-09-25,USDINR,82.97480010986328
2023-09-26,USDINR,83.0282974243164
2023-09-27,USDINR,83.29869842529297
2023-09-28,USDINR,83.22270202636719
2023-09-29,USDINR,83.19300079345703
2023-10-02,USDINR,83.03479766845703
2023-10-03,USDINR,83.3593978881836
2023-10-04,USDINR,83.22979736328125
2023-10-05,USDINR,83.44979858398438
2023-10-06,USDINR,83.22489929199219
2023-10-09,USDINR,83.12460327148438
2023-10-10,USDINR,83.27030181884766
2023-10-11,USDINR,83.25029754638672
2023-10-12,USDINR,83.21800231933594
2023-10-13,USDINR,83.26239776611328
2023-10-16,USDINR,83.28230285644531
2023-10-17,USDINR,83.19950103759766
2023-10-18,USDINR,83.26429748535156
2023-10-19,USDINR,83.26860046386719
2023-10-20,USDINR,83.12229919433594
2023-10-23,USDINR,83.15979766845703
2023-10-24,USDINR,83.02940368652344
2023-10-25,USDINR,82.98780059814453
2023-10-26,USDINR,83.1709976196289
2023-10-27,USDINR,83.28250122070312
2023-10-30,USDINR,83.41339874267578
2023-10-31,USDINR,83.29650115966797
2023-11-01,USDINR,83.2771987915039
2023-11-02,USDINR,85.19400024414062
2023-11-03,USDINR,83.24729919433594
2023-11-06,USDINR,83.15850067138672
2023-11-07,USDINR,83.2228012084961
2023-11-08,USDINR,83.23269653320312
2023-11-09,USDINR,83.21769714355469
2023-11-10,USDINR,83.31939697265625
2023-11-13,USDINR,83.29889678955078
2023-11-14,USDINR,83.19760131835938
2023-11-15,USDINR,82.98159790039062
2023-11-16,USDINR,83.18620300292969
2023-11-17,USDINR,83.12030029296875
2023-11-20,USDINR,83.29149627685547
2023-11-21,USDINR,83.32219696044922
2023-11-22,USDINR,83.345703125
2023-11-23,USDINR,83.54830169677734
2023-11-24,USDINR,83.34400177001953
2023-11-27,USDINR,83.31449890136719
2023-11-28,USDINR,83.364501953125
2023-11-29,USDINR,83.41809844970703
2023-11-30,USDINR,83.3302993774414
2023-12-01,USDINR,83.35269927978516
2023-12-04,USDINR,83.21859741210938
2023-12-05,USDINR,83.41709899902344
2023-12-06,USDINR,83.31590270996094
2023-12-07,USDINR,83.28959655761719
2023-12-08,USDINR,83.35489654541016
2023-12-11,USDINR,83.43009948730469
2023-12-12,USDINR,83.34349822998047
2023-12-13,USDINR,83.39600372314453
2023-12-14,USDINR,83.2853012084961
2023-12-15,USDINR,83.29660034179688
2023-12-18,USDINR,83.04170227050781
2023-12-19,USDINR,83.11119842529297
2023-12-20,USDINR,83.09159851074219
2023-12-21,USDINR,83.26719665527344
2023-12-22,USDINR,83.13159942626953
2023-12-25,USDINR,83.16500091552734
2023-12-26,USDINR,83.17230224609375
2023-12-27,USDINR,83.18280029296875
2023-12-28,USDINR,83.26719665527344
2023-12-29,USDINR,82.302001953125
2024-01-01,USDINR,83.24859619140625
2024-01-02,USDINR,83.20259857177734
2024-01-03,USDINR,83.25700378417969
2024-01-04,USDINR,83.31809997558594
2024-01-05,USDINR,83.2406005859375
2024-01-08,USDINR,83.19110107421875
2024-01-09,USDINR,83.05069732666016
2024-01-10,USDINR,83.131103515625
2024-01-11,USDINR,83.02559661865234
2024-01-12,USDINR,83.07610321044922
2024-01-15,USDINR,82.87210083007812
2024-01-16,USDINR,82.8593978881836
2024-01-17,USDINR,83.08899688720703
2024-01-18,USDINR,83.17759704589844
2024-01-19,USDINR,83.16059875488281
2024-01-22,USDINR,83.12470245361328
2024-01-23,USDINR,83.09510040283203
2024-01-24,USDINR,83.22139739990234
2024-01-25,USDINR,83.09760284423828
2024-01-26,USDINR,83.14610290527344
2024-01-29,USDINR,83.12129974365234
2024-01-30,USDINR,83.1530990600586
2024-01-31,USDINR,83.10970306396484
2024-02-01,USDINR,83.05359649658203
2024-02-02,USDINR,82.92759704589844
2024-02-05,USDINR,82.99929809570312
2024-02-06,USDINR,83.10369873046875
2024-02-07,USDINR,83.07060241699219
2024-02-08,USDINR,83.01260375976562
2024-02-09,USDINR,82.98529815673828
2024-02-12,USDINR,83.0145034790039
2024-02-13,USDINR,82.99019622802734
2024-02-14,USDINR,83.07460021972656
2024-02-15,USDINR,83.04309844970703
2024-02-16,USDINR,83.00959777832031
2024-02-19,USDINR,83.01599884033203
2024-02-20,USDINR,83.02100372314453
2024-02-21,USDINR,82.8291015625
2024-02-22,USDINR,82.93840026855469
2024-02-23,USDINR,82.87229919433594
2024-02-26,USDINR,82.88179779052734
2024-02-27,USDINR,82.85199737548828
2024-02-28,USDINR,82.94819641113281
2024-02-29,USDINR,82.91190338134766
2024-03-01,USDINR,82.910400390625
2024-03-04,USDINR,82.84609985351562
2024-03-05,USDINR,82.9104995727539
2024-03-06,USDINR,82.88480377197266
2024-03-07,USDINR,82.81909942626953
2024-03-08,USDINR,82.7522964477539
2024-03-11,USDINR,82.7520980834961
2024-03-12,USDINR,82.7782974243164
2024-03-13,USDINR,82.83509826660156
2024-03-14,USDINR,82.83110046386719
2024-03-15,USDINR,82.9655990600586
2024-03-18,USDINR,82.88890075683594
2024-03-19,USDINR,82.86360168457031
2024-03-20,USDINR,83.04239654541016
2024-03-21,USDINR,83.05460357666016
2024-03-22,USDINR,83.22660064697266
2024-03-25,USDINR,83.59359741210938
2024-03-26,USDINR,83.41739654541016
2024-03-27,USDINR,83.34549713134766
2024-03-28,USDINR,83.36499786376953
2024-03-29,USDINR,83.39299774169922
2024-04-01,USDINR,83.36479949951172
2024-04-02,USDINR,83.40969848632812
2024-04-03,USDINR,83.35030364990234
2024-04-04,USDINR,83.37329864501953
2024-04-05,USDINR,83.47779846191406
2024-04-08,USDINR,83.29679870605469
2024-04-09,USDINR,83.26959991455078
2024-04-10,USDINR,83.22429656982422
2024-04-11,USDINR,83.4126968383789
2024-04-12,USDINR,83.34929656982422
2024-04-15,USDINR,83.61109924316406
2024-04-16,USDINR,83.50599670410156
2024-04-17,USDINR,83.6675033569336
2024-04-18,USDINR,83.5958023071289
2024-04-19,USDINR,83.54499816894531
2024-04-22,USDINR,83.38529968261719
2024-04-23,USDINR,83.38619995117188
2024-04-24,USDINR,83.2833023071289
2024-04-25,USDINR,83.3405990600586
2024-04-26,USDINR,83.30180358886719
2024-04-29,USDINR,83.40229797363281
2024-04-30,USDINR,83.45110321044922
2024-05-01,USDINR,83.49839782714844
2024-05-02,USDINR,83.40640258789062
2024-05-03,USDINR,83.40630340576172
2024-05-06,USDINR,83.37999725341797
2024-05-07,USDINR,83.4728012084961
2024-05-08,USDINR,83.46990203857422
2024-05-09,USDINR,83.46430206298828
2024-05-10,USDINR,83.45939636230469
2024-05-13,USDINR,83.5248031616211
2024-05-14,USDINR,83.50550079345703
2024-05-15,USDINR,83.52420043945312
2024-05-16,USDINR,83.40509796142578
2024-05-17,USDINR,83.47010040283203
2024-05-20,USDINR,83.30039978027344
2024-05-21,USDINR,83.31500244140625
2024-05-22,USDINR,83.31680297851562
2024-05-23,USDINR,83.26709747314453
2024-05-24,USDINR,83.2863998413086
2024-05-27,USDINR,83.05220031738281
2024-05-28,USDINR,83.14569854736328
2024-05-29,USDINR,83.20649719238281
2024-05-30,USDINR,83.3656005859375
2024-05-31,USDINR,83.3208999633789
2024-06-03,USDINR,83.45079803466797
2024-06-04,USDINR,83.09339904785156
2024-06-05,USDINR,83.62940216064453
2024-06-06,USDINR,83.38079833984375
2024-06-07,USDINR,83.47309875488281
2024-06-10,USDINR,83.52760314941406
2024-06-11,USDINR,83.52980041503906
2024-06-12,USDINR,83.5968017578125
2024-06-13,USDINR,83.5343017578125
2024-06-14,USDINR,83.52210235595703
2024-06-17,USDINR,83.55180358886719
2024-06-18,USDINR,83.51010131835938
2024-06-19,USDINR,83.37409973144531
2024-06-20,USDINR,83.41950225830078
2024-06-21,USDINR,83.60160064697266
2024-06-24,USDINR,83.5625
2024-06-25,USDINR,83.46040344238281
2024-06-26,USDINR,83.41459655761719
2024-06-27,USDINR,83.58039855957031
2024-06-28,USDINR,83.45089721679688
2024-07-01,USDINR,83.36750030517578
2024-07-02,USDINR,83.44129943847656
2024-07-03,USDINR,83.4791030883789
2024-07-04,USDINR,83.49120330810547
2024-07-05,USDINR,83.49340057373047
2024-07-08,USDINR,83.47209930419922
2024-07-09,USDINR,83.45760345458984
2024-07-10,USDINR,83.49299621582031
2024-07-11,USDINR,83.49590301513672
2024-07-12,USDINR,83.51850128173828
2024-07-15,USDINR,83.52030181884766
2024-07-16,USDINR,83.58760070800781
2024-07-17,USDINR,83.52960205078125
2024-07-18,USDINR,83.57209777832031
2024-07-19,USDINR,83.67430114746094
2024-07-22,USDINR,83.73030090332031
2024-07-23,USDINR,83.67130279541016
2024-07-24,USDINR,83.70680236816406
2024-07-25,USDINR,83.74299621582031
2024-07-26,USDINR,83.73760223388672
2024-07-29,USDINR,83.72779846191406
2024-07-30,USDINR,83.75050354003906
2024-07-31,USDINR,83.73899841308594
2024-08-01,USDINR,83.7177963256836
2024-08-02,USDINR,83.743896484375
2024-08-05,USDINR,83.73529815673828
2024-08-06,USDINR,84.00260162353516
2024-08-07,USDINR,83.93489837646484
2024-08-08,USDINR,83.94239807128906
2024-08-09,USDINR,83.98899841308594
2024-08-12,USDINR,83.94979858398438
2024-08-13,USDINR,83.88999938964844
2024-08-14,USDINR,83.88200378417969
2024-08-15,USDINR,83.97149658203125
2024-08-16,USDINR,83.94830322265625
2024-08-19,USDINR,83.88980102539062
2024-08-20,USDINR,83.87860107421875
2024-08-21,USDINR,83.77940368652344
2024-08-22,USDINR,83.88860321044922
2024-08-23,USDINR,83.94059753417969
2024-08-26,USDINR,83.81379699707031
2024-08-27,USDINR,83.88369750976562
2024-08-28,USDINR,83.92160034179688
2024-08-29,USDINR,83.94149780273438
2024-08-30,USDINR,83.89510345458984
2024-09-02,USDINR,83.86380004882812
2024-09-03,USDINR,83.92729949951172
2024-09-04,USDINR,83.95030212402344
2024-09-05,USDINR,83.98249816894531
2024-09-06,USDINR,83.98359680175781
2024-09-09,USDINR,83.98259735107422
2024-09-10,USDINR,83.98090362548828
2024-09-11,USDINR,83.98200225830078
2024-09-12,USDINR,83.99259948730469
2024-09-13,USDINR,83.93479919433594
2024-09-16,USDINR,83.88480377197266
2024-09-17,USDINR,83.88400268554688
2024-09-18,USDINR,83.77059936523438
2024-09-19,USDINR,83.69170379638672
2024-09-20,USDINR,83.61470031738281
2024-09-23,USDINR,83.48709869384766
2024-09-24,USDINR,83.55960083007812
2024-09-25,USDINR,83.56759643554688
2024-09-26,USDINR,83.62409973144531
2024-09-27,USDINR,83.61710357666016
2024-09-30,USDINR,83.71640014648438
2024-10-01,USDINR,83.82730102539062
2024-10-02,USDINR,83.87210083007812
2024-10-03,USDINR,83.91960144042969
2024-10-04,USDINR,84.0093994140625
2024-10-07,USDINR,84.02780151367188
2024-10-08,USDINR,83.96410369873047
2024-10-09,USDINR,83.91459655761719
2024-10-10,USDINR,83.94219970703125
2024-10-11,USDINR,83.94599914550781
2024-10-14,USDINR,84.16829681396484
2024-10-15,USDINR,84.04850006103516
2024-10-16,USDINR,84.05619812011719
2024-10-17,USDINR,84.03929901123047
2024-10-18,USDINR,84.05380249023438
2024-10-21,USDINR,84.0687026977539
2024-10-22,USDINR,84.07350158691406
2024-10-23,USDINR,84.08399963378906
2024-10-24,USDINR,84.06759643554688
2024-10-25,USDINR,84.08180236816406
2024-10-28,USDINR,84.10199737548828
2024-10-29,USDINR,84.10279846191406
2024-10-30,USDINR,84.08930206298828
2024-10-31,USDINR,84.08910369873047
2024-11-01,USDINR,84.09149932861328
2024-11-04,USDINR,84.13359832763672
2024-11-05,USDINR,84.15249633789062
2024-11-06,USDINR,84.11630249023438
2024-11-07,USDINR,84.2511978149414
2024-11-08,USDINR,84.306396484375
2024-11-11,USDINR,84.38289642333984
2024-11-12,USDINR,84.39649963378906
2024-11-13,USDINR,84.39530181884766
2024-11-14,USDINR,84.4229965209961
2024-11-15,USDINR,84.47380065917969
2024-11-18,USDINR,84.47750091552734
2024-11-19,USDINR,84.39849853515625
2024-11-20,USDINR,84.39759826660156
2024-11-21,USDINR,84.38310241699219
2024-11-22,USDINR,84.48829650878906
2024-11-25,USDINR,84.43599700927734
2024-11-26,USDINR,84.37750244140625
2024-11-27,USDINR,84.33910369873047
2024-11-28,USDINR,84.42030334472656
2024-11-29,USDINR,84.47160339355469
2024-12-02,USDINR,84.55699920654297
2024-12-03,USDINR,84.73709869384766
2024-12-04,USDINR,84.68309783935547
2024-12-05,USDINR,84.70700073242188
2024-12-06,USDINR,84.68379974365234
2024-12-09,USDINR,84.66600036621094
2024-12-10,USDINR,84.84729766845703
2024-12-11,USDINR,84.8740005493164
2024-12-12,USDINR,84.85710144042969
2024-12-13,USDINR,84.83920288085938
2024-12-16,USDINR,84.802001953125
2024-12-17,USDINR,84.91729736328125
2024-12-18,USDINR,84.91539764404297
2024-12-19,USDINR,85.16549682617188
2024-12-20,USDINR,85.27940368652344
2024-12-23,USDINR,84.94499969482422
2024-12-24,USDINR,85.0988998413086
2024-12-25,USDINR,85.18150329589844
2024-12-26,USDINR,85.41339874267578
2024-12-27,USDINR,85.26090240478516
2024-12-30,USDINR,85.38600158691406
2024-12-31,USDINR,85.7865982055664
2025-01-02,USDINR,85.78569793701172
2025-01-03,USDINR,85.80400085449219
2025-01-06,USDINR,85.75900268554688
2025-01-07,USDINR,85.68070220947266
2025-01-08,USDINR,85.80650329589844
2025-01-09,USDINR,85.90750122070312
2025-01-10,USDINR,85.91999816894531
2025-01-13,USDINR,86.18800354003906
2025-01-14,USDINR,86.65059661865234
2025-01-15,USDINR,86.535400390625
2025-01-16,USDINR,86.43099975585938
2025-01-17,USDINR,86.6061019897461
2025-01-20,USDINR,86.56900024414062
2025-01-21,USDINR,86.21109771728516
2025-01-22,USDINR,86.45189666748047
2025-01-23,USDINR,86.47270202636719
2025-01-24,USDINR,86.44020080566406
2025-01-27,USDINR,86.2030029296875
2025-01-28,USDINR,86.46839904785156
2025-01-29,USDINR,86.58460235595703
2025-01-30,USDINR,86.6406021118164
2025-01-31,USDINR,86.64700317382812
2025-02-03,USDINR,86.55400085449219
2025-02-04,USDINR,86.94339752197266
2025-02-05,USDINR,87.13009643554688
2025-02-06,USDINR,87.33409881591797
2025-02-07,USDINR,87.58830261230469
2025-02-10,USDINR,87.51309967041016
2025-02-11,USDINR,87.49009704589844
2025-02-12,USDINR,86.81120300292969
2025-02-13,USDINR,86.8740005493164
2025-02-14,USDINR,86.75409698486328
2025-02-17,USDINR,86.43460083007812
2025-02-18,USDINR,86.85479736328125
2025-02-19,USDINR,86.88719940185547
2025-02-20,USDINR,86.872802734375
2025-02-21,USDINR,86.45120239257812
2025-02-24,USDINR,86.52940368652344
2025-02-25,USDINR,86.69010162353516
2025-02-26,USDINR,87.0811996459961
2025-02-27,USDINR,87.16220092773438
2025-02-28,USDINR,87.3270034790039
2025-03-03,USDINR,87.46399688720703
2025-03-04,USDINR,87.32959747314453
2025-03-05,USDINR,87.21700286865234
2025-03-06,USDINR,86.88929748535156
2025-03-07,USDINR,87.12879943847656
2025-03-10,USDINR,87.07379913330078
2025-03-11,USDINR,87.3551025390625
2025-03-12,USDINR,87.20010375976562
2025-03-13,USDINR,87.3405990600586
2025-03-14,USDINR,86.9220962524414
2025-03-17,USDINR,86.93900299072266
2025-03-18,USDINR,86.91639709472656
2025-03-19,USDINR,86.57610321044922
2025-03-20,USDINR,86.33709716796875
2025-03-21,USDINR,86.33609771728516
2025-03-24,USDINR,85.98699951171875
2025-03-25,USDINR,85.53209686279297
2025-03-26,USDINR,85.59040069580078
2025-03-27,USDINR,86.09539794921875
2025-03-28,USDINR,85.69490051269531
2025-03-31,USDINR,85.53880310058594
2025-04-01,USDINR,85.46810150146484
2025-04-02,USDINR,85.61009979248047
2025-04-03,USDINR,85.65119934082031
2025-04-04,USDINR,85.28289794921875
2025-04-07,USDINR,85.529296875
2025-04-08,USDINR,86.0270004272461
2025-04-09,USDINR,86.435302734375
2025-04-10,USDINR,86.20929718017578
2025-04-11,USDINR,86.2603988647461
2025-04-14,USDINR,86.19300079345703
2025-04-15,USDINR,86.0447998046875
2025-04-16,USDINR,85.72669982910156
2025-04-17,USDINR,85.62049865722656
2025-04-22,USDINR,85.15889739990234
2025-04-23,USDINR,85.2323989868164
2025-04-24,USDINR,85.4999008178711
2025-04-25,USDINR,85.2573013305664
2025-04-28,USDINR,85.38490295410156
2025-04-29,USDINR,85.1603012084961
2025-04-30,USDINR,85.1707992553711
2025-05-01,USDINR,84.53119659423828
2025-05-02,USDINR,84.69670104980469
2025-05-05,USDINR,84.52629852294922
2025-05-06,USDINR,84.2208023071289
2025-05-07,USDINR,84.79319763183594
2025-05-08,USDINR,84.81719970703125
2025-05-09,USDINR,86.08219909667969
2025-05-12,USDINR,85.4083023071289
2025-05-13,USDINR,84.9656982421875
2025-05-14,USDINR,85.060302734375
2025-05-15,USDINR,85.48760223388672
2025-05-16,USDINR,85.44490051269531
2025-05-19,USDINR,85.50029754638672
2025-05-20,USDINR,85.37210083007812
2025-05-21,USDINR,85.53610229492188
2025-05-22,USDINR,85.60030364990234
2025-05-23,USDINR,85.97489929199219
2025-05-26,USDINR,85.19930267333984
2025-05-27,USDINR,85.158203125
2025-05-28,USDINR,85.3604965209961
2025-05-29,USDINR,85.38590240478516
2025-05-30,USDINR,85.36129760742188
2025-06-02,USDINR,85.52429962158203
2025-06-03,USDINR,85.36370086669922
2025-06-04,USDINR,85.70880126953125
2025-06-05,USDINR,85.9041976928711
2025-06-06,USDINR,85.87750244140625
2025-06-09,USDINR,85.7853012084961
2025-06-10,USDINR,85.75599670410156
2025-06-11,USDINR,85.65280151367188
2025-06-12,USDINR,85.46980285644531
2025-06-13,USDINR,85.68840026855469
2025-06-16,USDINR,86.24919891357422
2025-06-17,USDINR,86.10420227050781
2025-06-18,USDINR,86.36270141601562
2025-06-19,USDINR,86.61360168457031
2025-06-20,USDINR,86.58380126953125
2025-06-23,USDINR,86.5802993774414
2025-06-24,USDINR,86.23300170898438
2025-06-25,USDINR,85.90480041503906
2025-06-26,USDINR,86.006103515625
2025-06-27,USDINR,85.66639709472656
2025-06-30,USDINR,85.4552993774414
2025-07-01,USDINR,85.71399688720703
2025-07-02,USDINR,85.6427993774414
2025-07-03,USDINR,85.69409942626953
2025-07-04,USDINR,85.31909942626953
2025-07-07,USDINR,85.49629974365234
2025-07-08,USDINR,85.89199829101562
2025-07-09,USDINR,85.7073974609375
2025-07-10,USDINR,85.70850372314453
2025-07-11,USDINR,85.73480224609375
2025-07-14,USDINR,85.82129669189453
2025-07-15,USDINR,85.96839904785156
2025-07-16,USDINR,85.99310302734375
2025-07-17,USDINR,85.88520050048828
2025-07-18,USDINR,86.04650115966797
2025-07-21,USDINR,86.14859771728516
2025-07-22,USDINR,86.19529724121094
2025-07-23,USDINR,86.3427963256836
2025-07-24,USDINR,86.39869689941406
2025-07-25,USDINR,86.4302978515625
2025-07-28,USDINR,86.506103515625
2025-07-29,USDINR,86.77760314941406
2025-07-30,USDINR,87.06320190429688
2025-07-31,USDINR,87.714599609375
2025-08-01,USDINR,87.4894027709961
2025-08-04,USDINR,87.24530029296875
2025-08-05,USDINR,87.89330291748047
2025-08-06,USDINR,87.72309875488281
2025-08-07,USDINR,87.76249694824219
2025-08-08,USDINR,87.43319702148438
2025-08-11,USDINR,87.48829650878906
2025-08-12,USDINR,87.66449737548828
2025-08-13,USDINR,87.59559631347656
2025-08-14,USDINR,87.44999694824219
2025-08-15,USDINR,87.69180297851562
2025-08-18,USDINR,87.51280212402344
2025-08-19,USDINR,87.29509735107422
2025-08-20,USDINR,87.0791015625
2025-08-21,USDINR,87.01820373535156
2025-08-22,USDINR,87.29340362548828
2025-08-25,USDINR,87.3301010131836
2025-08-26,USDINR,87.60859680175781
2025-08-27,USDINR,87.60070037841797
2025-08-28,USDINR,87.65910339355469
2025-08-29,USDINR,87.5916976928711
2025-09-01,USDINR,88.17430114746094
2025-09-02,USDINR,88.00140380859375
2025-09-03,USDINR,87.99829864501953
2025-09-04,USDINR,88.072998046875
2025-09-05,USDINR,88.19290161132812
2025-09-08,USDINR,88.1863021850586
2025-09-09,USDINR,87.98049926757812
2025-09-10,USDINR,88.21829986572266
2025-09-11,USDINR,88.05339813232422
2025-09-12,USDINR,88.2676010131836
2025-09-15,USDINR,88.27729797363281
2025-09-16,USDINR,88.12349700927734
2025-09-17,USDINR,87.88459777832031
2025-09-18,USDINR,87.91069793701172
2025-09-19,USDINR,88.20690155029297
2025-09-22,USDINR,88.09919738769531
2025-09-23,USDINR,88.30439758300781
2025-09-24,USDINR,88.80799865722656
2025-09-25,USDINR,88.77860260009766
2025-09-26,USDINR,88.77310180664062
2025-09-29,USDINR,88.67680358886719
2025-09-30,USDINR,88.70449829101562
2025-10-01,USDINR,88.8406982421875
2025-10-02,USDINR,88.68299865722656
2025-10-03,USDINR,88.72019958496094
2025-10-06,USDINR,88.73509979248047
2025-10-07,USDINR,88.72109985351562
2025-10-08,USDINR,88.74259948730469
2025-10-09,USDINR,88.7771987915039
2025-10-10,USDINR,88.86540222167969
2025-10-13,USDINR,88.7573013305664
2025-10-14,USDINR,88.66510009765625
2025-10-15,USDINR,88.78250122070312
2025-10-16,USDINR,87.80950164794922
2025-10-17,USDINR,87.9906997680664
2025-10-20,USDINR,88.0022964477539
2025-10-21,USDINR,87.87999725341797
2025-10-22,USDINR,88.00160217285156
2025-10-23,USDINR,87.74030303955078
2025-10-24,USDINR,87.77899932861328
2025-10-27,USDINR,87.8290023803711
2025-10-28,USDINR,88.22209930419922
2025-10-29,USDINR,88.22550201416016
2025-10-30,USDINR,88.34559631347656
2025-10-31,USDINR,88.6344985961914
2025-11-03,USDINR,88.77539825439453
2025-11-04,USDINR,88.72339630126953
2025-11-05,USDINR,88.73200225830078
2025-11-06,USDINR,88.55690002441406
2025-11-07,USDINR,88.6729965209961
2025-11-10,USDINR,88.65799713134766
2025-11-11,USDINR,88.70709991455078
2025-11-12,USDINR,88.46649932861328
2025-11-13,USDINR,88.59400177001953
2025-11-14,USDINR,88.81610107421875
2025-11-17,USDINR,88.68199920654297
2025-11-18,USDINR,88.63590240478516
2025-11-19,USDINR,88.55680084228516
2025-11-20,USDINR,88.48719787597656
2025-11-21,USDINR,88.69219970703125
2025-11-24,USDINR,89.63400268554688
2025-11-25,USDINR,89.14779663085938
2025-11-26,USDINR,89.15059661865234
2025-11-27,USDINR,89.16300201416016
2025-11-28,USDINR,89.36479949951172
2025-12-01,USDINR,89.3499984741211
2025-12-02,USDINR,89.61270141601562
2025-12-03,USDINR,89.91719818115234
2025-12-04,USDINR,90.17050170898438
2025-12-05,USDINR,89.8364028930664
2025-12-08,USDINR,89.93800354003906
2025-12-09,USDINR,90.12999725341797
2025-12-10,USDINR,89.91690063476562
2025-12-11,USDINR,89.79299926757812
2025-12-12,USDINR,90.25299835205078
2025-12-15,USDINR,90.5770034790039
2025-12-16,USDINR,90.77690124511719
2025-12-17,USDINR,90.94889831542969
2025-12-18,USDINR,90.4136962890625
2025-12-19,USDINR,90.25579833984375
2025-12-22,USDINR,89.56999969482422
2025-12-23,USDINR,89.60389709472656
2025-12-24,USDINR,89.50789642333984
2025-12-26,USDINR,90.10590362548828
2025-12-29,USDINR,89.82929992675781
2025-12-30,USDINR,89.9000015258789
2025-12-31,USDINR,89.76940155029297
2026-01-02,USDINR,89.96189880371094
2026-01-05,USDINR,90.00700378417969
2026-01-06,USDINR,90.23300170898438
2026-01-07,USDINR,90.16609954833984
2026-01-08,USDINR,89.8644027709961
2026-01-09,USDINR,89.90540313720703
2026-01-12,USDINR,90.23600006103516
2026-01-13,USDINR,90.13269805908203
2026-01-14,USDINR,90.27300262451172
2026-01-15,USDINR,90.18319702148438
2026-01-16,USDINR,90.36160278320312
2026-01-19,USDINR,90.7020034790039
2026-01-20,USDINR,90.90450286865234
2026-01-21,USDINR,91.11840057373047
2026-01-22,USDINR,91.53690338134766
2026-01-23,USDINR,91.55829620361328
2026-01-26,USDINR,91.5009994506836
2026-01-27,USDINR,91.71309661865234
2026-01-28,USDINR,91.5343017578125
2026-01-29,USDINR,92.04080200195312
2026-01-30,USDINR,91.78189849853516
2026-02-02,USDINR,91.68699645996094
2026-02-03,USDINR,90.24559783935547
2026-02-04,USDINR,90.42289733886719
2026-02-05,USDINR,90.125
2026-02-06,USDINR,90.3147964477539
2026-02-09,USDINR,90.58799743652344
2026-02-10,USDINR,90.82279968261719
2026-02-11,USDINR,90.58789825439453
2026-02-12,USDINR,90.73570251464844
2026-02-13,USDINR,90.56410217285156
2026-02-16,USDINR,90.57119750976562
2026-02-17,USDINR,90.78299713134766
2026-02-18,USDINR,90.6261978149414
2026-02-19,USDINR,90.79350280761719
2026-02-20,USDINR,91.04109954833984
2026-02-23,USDINR,90.72660064697266
2026-02-24,USDINR,91.02010345458984
2026-02-25,USDINR,90.91799926757812
2026-02-26,USDINR,90.95099639892578
2026-02-27,USDINR,91.00740051269531
2026-03-02,USDINR,91.07959747314453
2026-03-03,USDINR,91.56340026855469
2026-03-04,USDINR,92.00859832763672
2026-03-05,USDINR,92.12300109863281
2026-03-06,USDINR,91.78690338134766
2026-03-09,USDINR,91.93620300292969
2026-03-10,USDINR,91.220703125
2026-03-11,USDINR,92.16510009765625
2026-03-12,USDINR,92.22879791259766
2026-03-13,USDINR,92.38990020751953
2026-03-16,USDINR,92.5635986328125
2026-03-17,USDINR,92.28269958496094
2026-03-18,USDINR,92.39129638671875
2026-03-19,USDINR,93.24659729003906
2026-03-20,USDINR,93.0822982788086
2026-03-23,USDINR,93.89530181884766
2026-03-24,USDINR,93.24369812011719
2026-03-25,USDINR,94.29969787597656
2026-03-26,USDINR,94.6937026977539
2026-03-27,USDINR,94.30950164794922
2026-03-30,USDINR,94.78179931640625
2026-03-31,USDINR,94.35590362548828
2026-04-01,USDINR,93.48429870605469
2026-04-02,USDINR,92.6426010131836
2026-04-03,USDINR,92.97360229492188
2026-04-06,USDINR,92.97100067138672
2026-04-07,USDINR,92.81659698486328
2026-04-08,USDINR,92.86019897460938
2026-04-09,USDINR,92.2748031616211
2026-04-10,USDINR,92.46980285644531
2026-04-13,USDINR,94.50879669189453
2026-04-14,USDINR,94.9468002319336
2026-04-15,USDINR,93.16539764404297
2026-04-16,USDINR,93.38680267333984
2026-04-17,USDINR,93.04789733886719
2026-04-20,USDINR,92.60330200195312
2026-04-21,USDINR,93.12359619140625
2026-04-22,USDINR,93.622802734375
2026-04-23,USDINR,93.80049896240234
2026-04-24,USDINR,94.11289978027344
2026-04-27,USDINR,94.25029754638672
2026-04-28,USDINR,94.25849914550781
2026-04-29,USDINR,94.64550018310547
2026-04-30,USDINR,94.9166030883789
2026-05-01,USDINR,94.75910186767578
2026-05-04,USDINR,94.90299987792969
2026-05-05,USDINR,95.2593994140625
2026-05-06,USDINR,95.18299865722656
2026-05-07,USDINR,94.60800170898438
2026-05-08,USDINR,94.25299835205078
2026-05-11,USDINR,94.42530059814453
2026-05-12,USDINR,95.39140319824219
2026-05-13,USDINR,95.63300323486328
2026-05-14,USDINR,95.69580078125
2026-05-15,USDINR,95.70989990234375
2026-05-18,USDINR,95.97029876708984
2026-05-19,USDINR,96.27020263671875
2026-05-20,USDINR,96.56580352783203
2026-05-21,USDINR,96.5282974243164
2026-05-22,USDINR,96.17389678955078
2026-05-25,USDINR,95.71949768066406
2026-05-26,USDINR,95.25279998779297
2026-05-27,USDINR,95.90499877929688
2026-05-28,USDINR,96.04889678955078
2026-05-29,USDINR,96.04820251464844
2026-06-01,USDINR,95.00299835205078
2026-06-02,USDINR,95.55139923095703
2026-06-03,USDINR,95.26300048828125
2026-06-04,USDINR,96.16449737548828
2026-06-05,USDINR,95.79029846191406
2026-06-08,USDINR,94.95030212402344
2026-06-09,USDINR,95.68830108642578
2026-06-10,USDINR,95.36029815673828
2026-06-11,USDINR,95.64450073242188
2026-06-12,USDINR,95.76010131835938
2026-06-15,USDINR,95.11029815673828
2026-06-16,USDINR,94.74169921875
2026-06-17,USDINR,94.88860321044922
2026-06-18,USDINR,94.85890197753906
2026-06-19,USDINR,94.33989715576172
2026-06-22,USDINR,94.3302993774414
2026-06-23,USDINR,94.70059967041016
2026-06-24,USDINR,95.18370056152344
2026-06-25,USDINR,94.4406967163086
2026-06-26,USDINR,94.40039825439453
2026-06-28,USDINR,94.38500213623048
2026-06-29,USDINR,94.36029815673828
2026-06-30,USDINR,94.79049682617188
2026-07-01,USDINR,95.23799896240234
2016-06-27,USDMXN,19.11046028137207
2016-06-28,USDMXN,18.80817985534668
2016-06-29,USDMXN,18.51008987426757
2016-06-30,USDMXN,18.32295036315918
2016-07-01,USDMXN,18.347740173339844
2016-07-04,USDMXN,18.431119918823242
2016-07-05,USDMXN,18.82349967956543
2016-07-06,USDMXN,18.74747085571289
2016-07-07,USDMXN,18.810749053955078
2016-07-08,USDMXN,18.50528907775879
2016-07-11,USDMXN,18.46422004699707
2016-07-12,USDMXN,18.332599639892578
2016-07-13,USDMXN,18.377750396728516
2016-07-14,USDMXN,18.366050720214844
2016-07-15,USDMXN,18.59804916381836
2016-07-18,USDMXN,18.381580352783203
2016-07-19,USDMXN,18.490049362182617
2016-07-20,USDMXN,18.67205047607422
2016-07-21,USDMXN,18.56431007385254
2016-07-22,USDMXN,18.54121971130371
2016-07-25,USDMXN,18.77338981628418
2016-07-26,USDMXN,18.751449584960938
2016-07-27,USDMXN,18.822200775146484
2016-07-28,USDMXN,18.891820907592773
2016-07-29,USDMXN,18.74704933166504
2016-08-01,USDMXN,18.85984992980957
2016-08-02,USDMXN,18.93358039855957
2016-08-03,USDMXN,18.882949829101562
2016-08-04,USDMXN,18.898059844970703
2016-08-05,USDMXN,18.751510620117188
2016-08-08,USDMXN,18.549650192260742
2016-08-09,USDMXN,18.43684959411621
2016-08-10,USDMXN,18.40873908996582
2016-08-11,USDMXN,18.23200035095215
2016-08-12,USDMXN,18.25926971435547
2016-08-15,USDMXN,18.07784080505371
2016-08-16,USDMXN,18.055999755859375
2016-08-17,USDMXN,18.108600616455078
2016-08-18,USDMXN,18.172069549560547
2016-08-19,USDMXN,18.21500015258789
2016-08-22,USDMXN,18.298519134521484
2016-08-23,USDMXN,18.526649475097656
2016-08-24,USDMXN,18.465700149536133
2016-08-25,USDMXN,18.35968017578125
2016-08-26,USDMXN,18.588220596313477
2016-08-29,USDMXN,18.633089065551758
2016-08-30,USDMXN,18.79450035095215
2016-08-31,USDMXN,18.794200897216797
2016-09-01,USDMXN,18.74268913269043
2016-09-02,USDMXN,18.579200744628906
2016-09-05,USDMXN,18.587600708007812
2016-09-06,USDMXN,18.26020050048828
2016-09-07,USDMXN,18.39055061340332
2016-09-08,USDMXN,18.661699295043945
2016-09-09,USDMXN,18.895870208740234
2016-09-12,USDMXN,18.819660186767578
2016-09-13,USDMXN,19.109670639038086
2016-09-14,USDMXN,19.281349182128906
2016-09-15,USDMXN,19.34980010986328
2016-09-16,USDMXN,19.610679626464844
2016-09-19,USDMXN,19.666250228881836
2016-09-20,USDMXN,19.83131980895996
2016-09-21,USDMXN,19.720680236816406
2016-09-22,USDMXN,19.62434959411621
2016-09-23,USDMXN,19.781940460205078
2016-09-26,USDMXN,19.87771987915039
2016-09-27,USDMXN,19.37190055847168
2016-09-28,USDMXN,19.341400146484375
2016-09-29,USDMXN,19.54429054260254
2016-09-30,USDMXN,19.36893081665039
2016-10-03,USDMXN,19.296310424804688
2016-10-04,USDMXN,19.313289642333984
2016-10-05,USDMXN,19.208799362182617
2016-10-06,USDMXN,19.228099822998047
2016-10-07,USDMXN,19.291410446166992
2016-10-10,USDMXN,18.908649444580078
2016-10-11,USDMXN,18.874849319458008
2016-10-12,USDMXN,18.937850952148438
2016-10-13,USDMXN,18.951919555664062
2016-10-14,USDMXN,19.002309799194336
2016-10-17,USDMXN,18.85338020324707
2016-10-18,USDMXN,18.599729537963867
2016-10-19,USDMXN,18.52014923095703
2016-10-20,USDMXN,18.590200424194336
2016-10-21,USDMXN,18.58462905883789
2016-10-24,USDMXN,18.544660568237305
2016-10-25,USDMXN,18.528940200805664
2016-10-26,USDMXN,18.69264030456543
2016-10-27,USDMXN,18.823129653930664
2016-10-28,USDMXN,18.965700149536133
2016-10-31,USDMXN,18.86199951171875
2016-11-01,USDMXN,19.172399520874023
2016-11-02,USDMXN,19.341140747070312
2016-11-03,USDMXN,19.14590072631836
2016-11-04,USDMXN,19.010530471801758
2016-11-07,USDMXN,18.54986000061035
2016-11-08,USDMXN,18.300600051879883
2016-11-09,USDMXN,19.88340950012207
2016-11-10,USDMXN,20.507009506225586
2016-11-11,USDMXN,20.736839294433594
2016-11-14,USDMXN,20.719820022583008
2016-11-15,USDMXN,20.306650161743164
2016-11-16,USDMXN,20.206750869750977
2016-11-17,USDMXN,20.41349983215332
2016-11-18,USDMXN,20.619970321655273
2016-11-21,USDMXN,20.439170837402344
2016-11-22,USDMXN,20.60131072998047
2016-11-23,USDMXN,20.64080047607422
2016-11-24,USDMXN,20.70330047607422
2016-11-25,USDMXN,20.673500061035156
2016-11-28,USDMXN,20.612289428710938
2016-11-29,USDMXN,20.624549865722656
2016-11-30,USDMXN,20.562149047851562
2016-12-01,USDMXN,20.759849548339844
2016-12-02,USDMXN,20.60601043701172
2016-12-05,USDMXN,20.565000534057617
2016-12-06,USDMXN,20.39189910888672
2016-12-07,USDMXN,20.32529067993164
2016-12-08,USDMXN,20.302749633789062
2016-12-09,USDMXN,20.37363052368164
2016-12-12,USDMXN,20.193599700927734
2016-12-13,USDMXN,20.2679500579834
2016-12-14,USDMXN,20.478469848632812
2016-12-15,USDMXN,20.331649780273438
2016-12-16,USDMXN,20.409589767456055
2016-12-19,USDMXN,20.362199783325195
2016-12-20,USDMXN,20.44738006591797
2016-12-21,USDMXN,20.55760955810547
2016-12-22,USDMXN,20.746639251708984
2016-12-23,USDMXN,20.64341926574707
2016-12-26,USDMXN,20.624900817871094
2016-12-27,USDMXN,20.759349822998047
2016-12-28,USDMXN,20.705089569091797
2016-12-29,USDMXN,20.70199966430664
2016-12-30,USDMXN,20.718040466308594
2017-01-02,USDMXN,20.740510940551758
2017-01-03,USDMXN,21.120220184326172
2017-01-04,USDMXN,21.479650497436523
2017-01-05,USDMXN,21.385469436645508
2017-01-06,USDMXN,21.216529846191406
2017-01-09,USDMXN,21.359100341796875
2017-01-10,USDMXN,21.812129974365234
2017-01-11,USDMXN,21.90464973449707
2017-01-12,USDMXN,21.772050857543945
2017-01-13,USDMXN,21.47028923034668
2017-01-16,USDMXN,21.67721939086914
2017-01-17,USDMXN,21.511320114135742
2017-01-18,USDMXN,21.909170150756836
2017-01-19,USDMXN,21.92198944091797
2017-01-20,USDMXN,21.576650619506836
2017-01-23,USDMXN,21.325199127197266
2017-01-24,USDMXN,21.50670051574707
2017-01-25,USDMXN,21.055299758911133
2017-01-26,USDMXN,21.212160110473633
2017-01-27,USDMXN,20.859529495239258
2017-01-30,USDMXN,20.76749038696289
2017-01-31,USDMXN,20.805099487304688
2017-02-01,USDMXN,20.710180282592773
2017-02-02,USDMXN,20.528270721435547
2017-02-03,USDMXN,20.336259841918945
2017-02-06,USDMXN,20.544719696044922
2017-02-07,USDMXN,20.60887908935547
2017-02-08,USDMXN,20.51235008239746
2017-02-09,USDMXN,20.361589431762695
2017-02-10,USDMXN,20.324979782104492
2017-02-13,USDMXN,20.275999069213867
2017-02-14,USDMXN,20.27313995361328
2017-02-15,USDMXN,20.286550521850586
2017-02-16,USDMXN,20.397449493408203
2017-02-17,USDMXN,20.412490844726562
2017-02-20,USDMXN,20.357009887695312
2017-02-21,USDMXN,19.99925994873047
2017-02-22,USDMXN,19.889799118041992
2017-02-23,USDMXN,19.679759979248047
2017-02-24,USDMXN,19.91077995300293
2017-02-27,USDMXN,19.897199630737305
2017-02-28,USDMXN,20.11009979248047
2017-03-01,USDMXN,19.851459503173828
2017-03-02,USDMXN,20.00334930419922
2017-03-03,USDMXN,19.5032901763916
2017-03-06,USDMXN,19.602140426635742
2017-03-07,USDMXN,19.479679107666016
2017-03-08,USDMXN,19.678590774536133
2017-03-09,USDMXN,19.828079223632812
2017-03-10,USDMXN,19.594100952148438
2017-03-13,USDMXN,19.620010375976562
2017-03-14,USDMXN,19.653900146484375
2017-03-15,USDMXN,19.232200622558594
2017-03-16,USDMXN,19.234399795532227
2017-03-17,USDMXN,19.075990676879883
2017-03-20,USDMXN,19.006389617919922
2017-03-21,USDMXN,19.09480094909668
2017-03-22,USDMXN,19.01590919494629
2017-03-23,USDMXN,18.9425106048584
2017-03-24,USDMXN,18.74822998046875
2017-03-27,USDMXN,18.873449325561523
2017-03-28,USDMXN,18.98950958251953
2017-03-29,USDMXN,18.706499099731445
2017-03-30,USDMXN,18.72623062133789
2017-03-31,USDMXN,18.69158935546875
2017-04-03,USDMXN,18.697900772094727
2017-04-04,USDMXN,18.814790725708008
2017-04-05,USDMXN,18.799800872802734
2017-04-06,USDMXN,18.742900848388672
2017-04-07,USDMXN,18.651979446411133
2017-04-10,USDMXN,18.689830780029297
2017-04-11,USDMXN,18.753599166870117
2017-04-12,USDMXN,18.5545597076416
2017-04-13,USDMXN,18.56671905517578
2017-04-14,USDMXN,18.496549606323242
2017-04-17,USDMXN,18.49955940246582
2017-04-18,USDMXN,18.584030151367188
2017-04-19,USDMXN,18.85890007019043
2017-04-20,USDMXN,18.811710357666016
2017-04-21,USDMXN,18.797000885009766
2017-04-24,USDMXN,18.813100814819336
2017-04-25,USDMXN,18.866249084472656
2017-04-26,USDMXN,19.16316032409668
2017-04-27,USDMXN,19.05590057373047
2017-04-28,USDMXN,18.809139251708984
2017-05-01,USDMXN,18.72854995727539
2017-05-02,USDMXN,18.7531795501709
2017-05-03,USDMXN,18.827699661254883
2017-05-04,USDMXN,19.041000366210938
2017-05-05,USDMXN,18.946670532226562
2017-05-08,USDMXN,19.191850662231445
2017-05-09,USDMXN,19.167499542236328
2017-05-10,USDMXN,19.025880813598633
2017-05-11,USDMXN,18.814699172973633
2017-05-12,USDMXN,18.78200912475586
2017-05-15,USDMXN,18.686100006103516
2017-05-16,USDMXN,18.680500030517578
2017-05-17,USDMXN,18.941970825195312
2017-05-18,USDMXN,18.83768081665039
2017-05-19,USDMXN,18.70819091796875
2017-05-22,USDMXN,18.70462989807129
2017-05-23,USDMXN,18.648590087890625
2017-05-24,USDMXN,18.43851089477539
2017-05-25,USDMXN,18.491649627685547
2017-05-26,USDMXN,18.48349952697754
2017-05-29,USDMXN,18.47010040283203
2017-05-30,USDMXN,18.718769073486328
2017-05-31,USDMXN,18.63534927368164
2017-06-01,USDMXN,18.64514923095703
2017-06-02,USDMXN,18.665990829467773
2017-06-05,USDMXN,18.332000732421875
2017-06-06,USDMXN,18.2532901763916
2017-06-07,USDMXN,18.25326919555664
2017-06-08,USDMXN,18.215129852294922
2017-06-09,USDMXN,18.161500930786133
2017-06-12,USDMXN,18.125579833984375
2017-06-13,USDMXN,18.056339263916016
2017-06-14,USDMXN,17.94198989868164
2017-06-15,USDMXN,18.03104019165039
2017-06-16,USDMXN,17.89897918701172
2017-06-19,USDMXN,17.9781494140625
2017-06-20,USDMXN,18.20789909362793
2017-06-21,USDMXN,18.23369026184082
2017-06-22,USDMXN,18.11079978942871
2017-06-23,USDMXN,17.993270874023438
2017-06-26,USDMXN,17.90019989013672
2017-06-27,USDMXN,17.960899353027344
2017-06-28,USDMXN,17.830690383911133
2017-06-29,USDMXN,18.02720069885254
2017-06-30,USDMXN,18.113859176635742
2017-07-03,USDMXN,18.18065071105957
2017-07-04,USDMXN,18.21405029296875
2017-07-05,USDMXN,18.308420181274414
2017-07-06,USDMXN,18.272960662841797
2017-07-07,USDMXN,18.070980072021484
2017-07-10,USDMXN,17.937650680541992
2017-07-11,USDMXN,17.915990829467773
2017-07-12,USDMXN,17.77104949951172
2017-07-13,USDMXN,17.688800811767578
2017-07-14,USDMXN,17.55459976196289
2017-07-17,USDMXN,17.577299118041992
2017-07-18,USDMXN,17.491350173950195
2017-07-19,USDMXN,17.571430206298828
2017-07-20,USDMXN,17.48992919921875
2017-07-21,USDMXN,17.636810302734375
2017-07-24,USDMXN,17.726499557495117
2017-07-25,USDMXN,17.763240814208984
2017-07-26,USDMXN,17.57659912109375
2017-07-27,USDMXN,17.725709915161133
2017-07-28,USDMXN,17.767730712890625
2017-07-31,USDMXN,17.809650421142578
2017-08-01,USDMXN,17.88050079345703
2017-08-02,USDMXN,17.828569412231445
2017-08-03,USDMXN,17.85399055480957
2017-08-04,USDMXN,17.885210037231445
2017-08-07,USDMXN,17.92569923400879
2017-08-08,USDMXN,17.860559463500977
2017-08-09,USDMXN,17.950960159301758
2017-08-10,USDMXN,17.974700927734375
2017-08-11,USDMXN,17.811399459838867
2017-08-14,USDMXN,17.77461051940918
2017-08-15,USDMXN,17.805200576782227
2017-08-16,USDMXN,17.665769577026367
2017-08-17,USDMXN,17.89349937438965
2017-08-18,USDMXN,17.69470977783203
2017-08-21,USDMXN,17.659809112548828
2017-08-22,USDMXN,17.655120849609375
2017-08-23,USDMXN,17.683500289916992
2017-08-24,USDMXN,17.698699951171875
2017-08-25,USDMXN,17.599519729614258
2017-08-28,USDMXN,17.922800064086914
2017-08-29,USDMXN,17.851789474487305
2017-08-30,USDMXN,17.736570358276367
2017-08-31,USDMXN,17.877300262451172
2017-09-01,USDMXN,17.809070587158203
2017-09-04,USDMXN,17.88075065612793
2017-09-05,USDMXN,17.885820388793945
2017-09-06,USDMXN,17.764999389648438
2017-09-07,USDMXN,17.651390075683594
2017-09-08,USDMXN,17.70754051208496
2017-09-11,USDMXN,17.66724967956543
2017-09-12,USDMXN,17.725040435791016
2017-09-13,USDMXN,17.761659622192383
2017-09-14,USDMXN,17.668760299682617
2017-09-15,USDMXN,17.65506935119629
2017-09-18,USDMXN,17.73870086669922
2017-09-19,USDMXN,17.815990447998047
2017-09-20,USDMXN,17.797399520874023
2017-09-21,USDMXN,17.87468910217285
2017-09-22,USDMXN,17.73712921142578
2017-09-25,USDMXN,17.906600952148438
2017-09-26,USDMXN,17.948400497436523
2017-09-27,USDMXN,18.221099853515625
2017-09-28,USDMXN,18.144899368286133
2017-09-29,USDMXN,18.126399993896484
2017-10-02,USDMXN,18.245149612426758
2017-10-03,USDMXN,18.211109161376953
2017-10-04,USDMXN,18.26420021057129
2017-10-05,USDMXN,18.477800369262695
2017-10-06,USDMXN,18.477800369262695
2017-10-09,USDMXN,18.66568946838379
2017-10-10,USDMXN,18.812379837036133
2017-10-11,USDMXN,18.69141960144043
2017-10-12,USDMXN,18.879980087280273
2017-10-13,USDMXN,18.899999618530273
2017-10-16,USDMXN,19.042949676513672
2017-10-17,USDMXN,18.793949127197266
2017-10-18,USDMXN,18.88134002685547
2017-10-19,USDMXN,18.798900604248047
2017-10-20,USDMXN,18.980939865112305
2017-10-23,USDMXN,19.062599182128906
2017-10-24,USDMXN,19.234050750732422
2017-10-25,USDMXN,19.095539093017578
2017-10-26,USDMXN,19.178600311279297
2017-10-27,USDMXN,19.125
2017-10-30,USDMXN,19.226280212402344
2017-10-31,USDMXN,19.17115020751953
2017-11-01,USDMXN,19.11528968811035
2017-11-02,USDMXN,18.982250213623047
2017-11-03,USDMXN,19.201770782470703
2017-11-06,USDMXN,19.046449661254883
2017-11-07,USDMXN,19.133499145507812
2017-11-08,USDMXN,19.09040069580078
2017-11-09,USDMXN,19.025550842285156
2017-11-10,USDMXN,19.10148048400879
2017-11-13,USDMXN,19.10700035095215
2017-11-14,USDMXN,19.157489776611328
2017-11-15,USDMXN,19.235950469970703
2017-11-16,USDMXN,19.047950744628906
2017-11-17,USDMXN,18.901880264282227
2017-11-20,USDMXN,18.993850708007812
2017-11-21,USDMXN,18.80150032043457
2017-11-22,USDMXN,18.627099990844727
2017-11-23,USDMXN,18.6112003326416
2017-11-24,USDMXN,18.536609649658203
2017-11-27,USDMXN,18.56279945373535
2017-11-28,USDMXN,18.533550262451172
2017-11-29,USDMXN,18.551000595092773
2017-11-30,USDMXN,18.648170471191406
2017-12-01,USDMXN,18.611719131469727
2017-12-04,USDMXN,18.610450744628906
2017-12-05,USDMXN,18.77014923095703
2017-12-06,USDMXN,18.851200103759766
2017-12-07,USDMXN,18.952499389648438
2017-12-08,USDMXN,18.907970428466797
2017-12-11,USDMXN,19.053449630737305
2017-12-12,USDMXN,19.169599533081055
2017-12-13,USDMXN,19.012649536132812
2017-12-14,USDMXN,19.11338996887207
2017-12-15,USDMXN,19.102800369262695
2017-12-18,USDMXN,19.057510375976562
2017-12-19,USDMXN,19.219350814819336
2017-12-20,USDMXN,19.223989486694336
2017-12-21,USDMXN,19.468690872192383
2017-12-22,USDMXN,19.735889434814453
2017-12-25,USDMXN,19.740999221801758
2017-12-26,USDMXN,19.875179290771484
2017-12-27,USDMXN,19.707500457763672
2017-12-28,USDMXN,19.695600509643555
2017-12-29,USDMXN,19.6553897857666
2018-01-01,USDMXN,19.650850296020508
2018-01-02,USDMXN,19.497400283813477
2018-01-03,USDMXN,19.35110092163086
2018-01-04,USDMXN,19.306970596313477
2018-01-05,USDMXN,19.173999786376953
2018-01-08,USDMXN,19.192119598388672
2018-01-09,USDMXN,19.244680404663086
2018-01-10,USDMXN,19.26300048828125
2018-01-11,USDMXN,19.215370178222656
2018-01-12,USDMXN,19.033000946044922
2018-01-15,USDMXN,18.85870933532715
2018-01-16,USDMXN,18.752500534057617
2018-01-17,USDMXN,18.71685028076172
2018-01-18,USDMXN,18.58690071105957
2018-01-19,USDMXN,18.620540618896484
2018-01-22,USDMXN,18.707780838012695
2018-01-23,USDMXN,18.67329978942871
2018-01-24,USDMXN,18.535030364990234
2018-01-25,USDMXN,18.609479904174805
2018-01-26,USDMXN,18.476499557495117
2018-01-29,USDMXN,18.59779930114746
2018-01-30,USDMXN,18.765979766845703
2018-01-31,USDMXN,18.587099075317383
2018-02-01,USDMXN,18.333009719848633
2018-02-02,USDMXN,18.57659912109375
2018-02-05,USDMXN,18.815929412841797
2018-02-06,USDMXN,18.621299743652344
2018-02-07,USDMXN,18.777999877929688
2018-02-08,USDMXN,18.86910057067871
2018-02-09,USDMXN,18.689699172973633
2018-02-12,USDMXN,18.58810043334961
2018-02-13,USDMXN,18.634300231933594
2018-02-14,USDMXN,18.555099487304688
2018-02-15,USDMXN,18.50271987915039
2018-02-16,USDMXN,18.50510025024414
2018-02-19,USDMXN,18.51729965209961
2018-02-20,USDMXN,18.703399658203125
2018-02-21,USDMXN,18.83810043334961
2018-02-22,USDMXN,18.603900909423828
2018-02-23,USDMXN,18.520099639892578
2018-02-26,USDMXN,18.663799285888672
2018-02-27,USDMXN,18.82900047302246
2018-02-28,USDMXN,18.82509994506836
2018-03-01,USDMXN,18.84296989440918
2018-03-02,USDMXN,18.80830955505371
2018-03-05,USDMXN,18.784650802612305
2018-03-06,USDMXN,18.849950790405273
2018-03-07,USDMXN,18.698299407958984
2018-03-08,USDMXN,18.625
2018-03-09,USDMXN,18.60099983215332
2018-03-12,USDMXN,18.575899124145508
2018-03-13,USDMXN,18.599580764770508
2018-03-14,USDMXN,18.572500228881836
2018-03-15,USDMXN,18.687299728393555
2018-03-16,USDMXN,18.67460060119629
2018-03-19,USDMXN,18.69729995727539
2018-03-20,USDMXN,18.743900299072266
2018-03-21,USDMXN,18.44355010986328
2018-03-22,USDMXN,18.673940658569336
2018-03-23,USDMXN,18.510099411010742
2018-03-26,USDMXN,18.327739715576172
2018-03-27,USDMXN,18.38051986694336
2018-03-28,USDMXN,18.321550369262695
2018-03-29,USDMXN,18.16819953918457
2018-03-30,USDMXN,18.166839599609375
2018-04-02,USDMXN,18.225500106811523
2018-04-03,USDMXN,18.2232608795166
2018-04-04,USDMXN,18.2232608795166
2018-04-05,USDMXN,18.099000930786133
2018-04-06,USDMXN,18.21820068359375
2018-04-09,USDMXN,18.30344009399414
2018-04-10,USDMXN,18.331199645996094
2018-04-11,USDMXN,18.23859977722168
2018-04-12,USDMXN,18.193599700927734
2018-04-13,USDMXN,18.171199798583984
2018-04-16,USDMXN,18.053030014038086
2018-04-17,USDMXN,17.991899490356445
2018-04-18,USDMXN,18.02440071105957
2018-04-19,USDMXN,18.075849533081055
2018-04-20,USDMXN,18.446929931640625
2018-04-23,USDMXN,18.520099639892578
2018-04-24,USDMXN,18.926700592041016
2018-04-25,USDMXN,18.811630249023438
2018-04-26,USDMXN,18.846500396728516
2018-04-27,USDMXN,18.75830078125
2018-04-30,USDMXN,18.636999130249023
2018-05-01,USDMXN,18.697099685668945
2018-05-02,USDMXN,18.93549919128418
2018-05-03,USDMXN,19.09079933166504
2018-05-04,USDMXN,19.045900344848633
2018-05-07,USDMXN,19.254499435424805
2018-05-08,USDMXN,19.425100326538086
2018-05-09,USDMXN,19.548599243164062
2018-05-10,USDMXN,19.56719970703125
2018-05-11,USDMXN,19.236900329589844
2018-05-14,USDMXN,19.34239959716797
2018-05-15,USDMXN,19.57659912109375
2018-05-16,USDMXN,19.66939926147461
2018-05-17,USDMXN,19.562599182128906
2018-05-18,USDMXN,19.748699188232422
2018-05-21,USDMXN,19.889850616455078
2018-05-22,USDMXN,19.82360076904297
2018-05-23,USDMXN,19.762439727783203
2018-05-24,USDMXN,19.6343994140625
2018-05-25,USDMXN,19.5664005279541
2018-05-28,USDMXN,19.533050537109375
2018-05-29,USDMXN,19.586050033569336
2018-05-30,USDMXN,19.8398494720459
2018-05-31,USDMXN,19.77519989013672
2018-06-01,USDMXN,19.903499603271484
2018-06-04,USDMXN,19.942419052124023
2018-06-05,USDMXN,20.063310623168945
2018-06-06,USDMXN,20.39389991760254
2018-06-07,USDMXN,20.29360008239746
2018-06-08,USDMXN,20.417699813842773
2018-06-11,USDMXN,20.3257999420166
2018-06-12,USDMXN,20.561500549316406
2018-06-13,USDMXN,20.69219970703125
2018-06-14,USDMXN,20.654300689697266
2018-06-15,USDMXN,20.838600158691406
2018-06-18,USDMXN,20.682819366455078
2018-06-19,USDMXN,20.549699783325195
2018-06-20,USDMXN,20.510400772094727
2018-06-21,USDMXN,20.359500885009766
2018-06-22,USDMXN,20.310300827026367
2018-06-25,USDMXN,20.030500411987305
2018-06-26,USDMXN,19.905799865722656
2018-06-27,USDMXN,19.922590255737305
2018-06-28,USDMXN,20.15475082397461
2018-06-29,USDMXN,19.729299545288086
2018-07-02,USDMXN,19.794300079345703
2018-07-03,USDMXN,19.964000701904297
2018-07-04,USDMXN,19.49329948425293
2018-07-05,USDMXN,19.423900604248047
2018-07-06,USDMXN,19.25252914428711
2018-07-09,USDMXN,19.061100006103516
2018-07-10,USDMXN,19.17770004272461
2018-07-11,USDMXN,19.011899948120117
2018-07-12,USDMXN,19.0585994720459
2018-07-13,USDMXN,18.969690322875977
2018-07-16,USDMXN,18.902009963989258
2018-07-17,USDMXN,18.83300018310547
2018-07-18,USDMXN,18.88479995727539
2018-07-19,USDMXN,18.889400482177734
2018-07-20,USDMXN,19.03553009033203
2018-07-23,USDMXN,19.021060943603516
2018-07-24,USDMXN,18.90239906311035
2018-07-25,USDMXN,18.854700088500977
2018-07-26,USDMXN,18.65519905090332
2018-07-27,USDMXN,18.632400512695312
2018-07-30,USDMXN,18.606700897216797
2018-07-31,USDMXN,18.530580520629883
2018-08-01,USDMXN,18.66489028930664
2018-08-02,USDMXN,18.590099334716797
2018-08-03,USDMXN,18.634000778198242
2018-08-06,USDMXN,18.568649291992188
2018-08-07,USDMXN,18.52659034729004
2018-08-08,USDMXN,18.443300247192383
2018-08-09,USDMXN,18.457599639892578
2018-08-10,USDMXN,18.721500396728516
2018-08-13,USDMXN,19.067699432373047
2018-08-14,USDMXN,19.130699157714844
2018-08-15,USDMXN,18.87980079650879
2018-08-16,USDMXN,19.18400001525879
2018-08-17,USDMXN,19.00749969482422
2018-08-20,USDMXN,18.87820053100586
2018-08-21,USDMXN,19.0035400390625
2018-08-22,USDMXN,18.943769454956055
2018-08-23,USDMXN,18.767349243164062
2018-08-24,USDMXN,19.006200790405273
2018-08-27,USDMXN,18.76759910583496
2018-08-28,USDMXN,18.80014991760254
2018-08-29,USDMXN,19.065950393676758
2018-08-30,USDMXN,18.926300048828125
2018-08-31,USDMXN,19.09984016418457
2018-09-03,USDMXN,19.096900939941406
2018-09-04,USDMXN,19.184600830078125
2018-09-05,USDMXN,19.368099212646484
2018-09-06,USDMXN,19.33690071105957
2018-09-07,USDMXN,19.23253059387207
2018-09-10,USDMXN,19.313899993896484
2018-09-11,USDMXN,19.26569938659668
2018-09-12,USDMXN,19.201820373535156
2018-09-13,USDMXN,19.027099609375
2018-09-14,USDMXN,18.83009910583496
2018-09-17,USDMXN,18.875
2018-09-18,USDMXN,18.919540405273438
2018-09-19,USDMXN,18.788299560546875
2018-09-20,USDMXN,18.755699157714844
2018-09-21,USDMXN,18.835899353027344
2018-09-24,USDMXN,18.84416961669922
2018-09-25,USDMXN,18.965869903564453
2018-09-26,USDMXN,18.975299835205078
2018-09-27,USDMXN,18.848979949951172
2018-09-28,USDMXN,18.78660011291504
2018-10-01,USDMXN,18.674419403076172
2018-10-02,USDMXN,18.70789909362793
2018-10-03,USDMXN,18.787099838256836
2018-10-04,USDMXN,19.032499313354492
2018-10-05,USDMXN,19.103099822998047
2018-10-08,USDMXN,18.76519012451172
2018-10-09,USDMXN,18.943359375
2018-10-10,USDMXN,18.99165916442871
2018-10-11,USDMXN,19.16377067565918
2018-10-12,USDMXN,18.975969314575195
2018-10-15,USDMXN,18.867000579833984
2018-10-16,USDMXN,18.820100784301758
2018-10-17,USDMXN,18.752090454101562
2018-10-18,USDMXN,18.8656005859375
2018-10-19,USDMXN,19.140499114990234
2018-10-22,USDMXN,19.28019905090332
2018-10-23,USDMXN,19.392499923706055
2018-10-24,USDMXN,19.288970947265625
2018-10-25,USDMXN,19.597570419311523
2018-10-26,USDMXN,19.481769561767578
2018-10-29,USDMXN,19.369800567626953
2018-10-30,USDMXN,20.052900314331055
2018-10-31,USDMXN,20.061599731445312
2018-11-01,USDMXN,20.31509017944336
2018-11-02,USDMXN,20.161800384521484
2018-11-05,USDMXN,20.010499954223633
2018-11-06,USDMXN,19.868600845336914
2018-11-07,USDMXN,19.706600189208984
2018-11-08,USDMXN,19.86039924621582
2018-11-09,USDMXN,20.1643009185791
2018-11-12,USDMXN,20.10110092163086
2018-11-13,USDMXN,20.352819442749023
2018-11-14,USDMXN,20.45549964904785
2018-11-15,USDMXN,20.388700485229492
2018-11-16,USDMXN,20.24658966064453
2018-11-19,USDMXN,20.13990020751953
2018-11-20,USDMXN,20.367900848388672
2018-11-21,USDMXN,20.367399215698242
2018-11-22,USDMXN,20.243799209594727
2018-11-23,USDMXN,20.291500091552734
2018-11-26,USDMXN,20.404199600219727
2018-11-27,USDMXN,20.593700408935547
2018-11-28,USDMXN,20.455400466918945
2018-11-29,USDMXN,20.27359962463379
2018-11-30,USDMXN,20.22480010986328
2018-12-03,USDMXN,20.16069984436035
2018-12-04,USDMXN,20.334150314331055
2018-12-05,USDMXN,20.499399185180664
2018-12-06,USDMXN,20.50819969177246
2018-12-07,USDMXN,20.333599090576172
2018-12-10,USDMXN,20.274200439453125
2018-12-11,USDMXN,20.315099716186523
2018-12-12,USDMXN,20.179319381713867
2018-12-13,USDMXN,20.05190086364746
2018-12-14,USDMXN,20.2726993560791
2018-12-17,USDMXN,20.140100479125977
2018-12-18,USDMXN,20.069700241088867
2018-12-19,USDMXN,20.05624008178711
2018-12-20,USDMXN,20.0851993560791
2018-12-21,USDMXN,19.86815071105957
2018-12-24,USDMXN,19.9207706451416
2018-12-25,USDMXN,19.86039924621582
2018-12-26,USDMXN,19.95772933959961
2018-12-27,USDMXN,19.893299102783203
2018-12-28,USDMXN,19.68239974975586
2018-12-31,USDMXN,19.645370483398438
2019-01-01,USDMXN,19.633699417114258
2019-01-02,USDMXN,19.628299713134766
2019-01-03,USDMXN,19.60770034790039
2019-01-04,USDMXN,19.60449981689453
2019-01-07,USDMXN,19.381900787353516
2019-01-08,USDMXN,19.364620208740234
2019-01-09,USDMXN,19.327899932861328
2019-01-10,USDMXN,19.205900192260742
2019-01-11,USDMXN,19.13075065612793
2019-01-14,USDMXN,19.138900756835938
2019-01-15,USDMXN,18.973600387573242
2019-01-16,USDMXN,18.971519470214844
2019-01-17,USDMXN,18.881099700927734
2019-01-18,USDMXN,18.995399475097656
2019-01-21,USDMXN,19.088699340820312
2019-01-22,USDMXN,19.147199630737305
2019-01-23,USDMXN,19.15239906311035
2019-01-24,USDMXN,19.022499084472656
2019-01-25,USDMXN,19.0132999420166
2019-01-28,USDMXN,18.988849639892578
2019-01-29,USDMXN,19.03754997253418
2019-01-30,USDMXN,19.09086036682129
2019-01-31,USDMXN,19.10527992248535
2019-02-01,USDMXN,19.09309959411621
2019-02-04,USDMXN,19.086999893188477
2019-02-05,USDMXN,19.09510040283203
2019-02-06,USDMXN,19.02440071105957
2019-02-07,USDMXN,19.10919952392578
2019-02-08,USDMXN,19.074180603027344
2019-02-11,USDMXN,19.072370529174805
2019-02-12,USDMXN,19.288400650024414
2019-02-13,USDMXN,19.242700576782227
2019-02-14,USDMXN,19.413799285888672
2019-02-15,USDMXN,19.258459091186523
2019-02-18,USDMXN,19.26112937927246
2019-02-19,USDMXN,19.243200302124023
2019-02-20,USDMXN,19.14109992980957
2019-02-21,USDMXN,19.218170166015625
2019-02-22,USDMXN,19.274200439453125
2019-02-25,USDMXN,19.128599166870117
2019-02-26,USDMXN,19.121000289916992
2019-02-27,USDMXN,19.18501091003418
2019-02-28,USDMXN,19.16448974609375
2019-03-01,USDMXN,19.262699127197266
2019-03-04,USDMXN,19.265199661254883
2019-03-05,USDMXN,19.293420791625977
2019-03-06,USDMXN,19.257400512695312
2019-03-07,USDMXN,19.349199295043945
2019-03-08,USDMXN,19.552799224853516
2019-03-11,USDMXN,19.483200073242188
2019-03-12,USDMXN,19.39126968383789
2019-03-13,USDMXN,19.330400466918945
2019-03-14,USDMXN,19.290050506591797
2019-03-15,USDMXN,19.298599243164062
2019-03-18,USDMXN,19.203399658203125
2019-03-19,USDMXN,19.056379318237305
2019-03-20,USDMXN,18.99449920654297
2019-03-21,USDMXN,18.798999786376953
2019-03-22,USDMXN,18.850000381469727
2019-03-25,USDMXN,19.116649627685547
2019-03-26,USDMXN,19.015600204467773
2019-03-27,USDMXN,19.08810043334961
2019-03-28,USDMXN,19.363849639892578
2019-03-29,USDMXN,19.345300674438477
2019-04-01,USDMXN,19.32939910888672
2019-04-02,USDMXN,19.159299850463867
2019-04-03,USDMXN,19.216100692749023
2019-04-04,USDMXN,19.217670440673828
2019-04-05,USDMXN,19.146799087524414
2019-04-08,USDMXN,19.06130027770996
2019-04-09,USDMXN,18.98390007019043
2019-04-10,USDMXN,18.913820266723633
2019-04-11,USDMXN,18.806400299072266
2019-04-12,USDMXN,18.8169002532959
2019-04-15,USDMXN,18.757579803466797
2019-04-16,USDMXN,18.85930061340332
2019-04-17,USDMXN,18.865800857543945
2019-04-18,USDMXN,18.802000045776367
2019-04-19,USDMXN,18.787099838256836
2019-04-22,USDMXN,18.7677001953125
2019-04-23,USDMXN,18.826099395751953
2019-04-24,USDMXN,18.903400421142578
2019-04-25,USDMXN,19.068300247192383
2019-04-26,USDMXN,19.022680282592773
2019-04-29,USDMXN,18.928600311279297
2019-04-30,USDMXN,18.99839973449707
2019-05-01,USDMXN,18.93815040588379
2019-05-02,USDMXN,18.98270034790039
2019-05-03,USDMXN,19.11319923400879
2019-05-06,USDMXN,19.057899475097656
2019-05-07,USDMXN,18.992599487304688
2019-05-08,USDMXN,19.039939880371094
2019-05-09,USDMXN,19.07069969177246
2019-05-10,USDMXN,19.22551918029785
2019-05-13,USDMXN,19.122900009155273
2019-05-14,USDMXN,19.20669937133789
2019-05-15,USDMXN,19.143400192260742
2019-05-16,USDMXN,19.060800552368164
2019-05-17,USDMXN,19.099199295043945
2019-05-20,USDMXN,19.130599975585938
2019-05-21,USDMXN,19.046300888061523
2019-05-23,USDMXN,18.982799530029297
2019-05-24,USDMXN,19.030799865722656
2019-05-27,USDMXN,19.043109893798828
2019-05-28,USDMXN,19.05299949645996
2019-05-29,USDMXN,19.183210372924805
2019-05-30,USDMXN,19.135480880737305
2019-05-31,USDMXN,19.525039672851562
2019-06-03,USDMXN,19.61479949951172
2019-06-04,USDMXN,19.80331039428711
2019-06-05,USDMXN,19.566850662231445
2019-06-06,USDMXN,19.74924087524414
2019-06-07,USDMXN,19.674280166625977
2019-06-10,USDMXN,19.27910041809082
2019-06-11,USDMXN,19.204439163208008
2019-06-12,USDMXN,19.10610008239746
2019-06-13,USDMXN,19.159799575805664
2019-06-14,USDMXN,19.181100845336914
2019-06-17,USDMXN,19.131399154663086
2019-06-18,USDMXN,19.166200637817383
2019-06-19,USDMXN,19.122840881347656
2019-06-20,USDMXN,19.007400512695312
2019-06-21,USDMXN,18.98889923095703
2019-06-24,USDMXN,19.099069595336914
2019-06-25,USDMXN,19.194900512695312
2019-06-26,USDMXN,19.218000411987305
2019-06-27,USDMXN,19.136699676513672
2019-06-28,USDMXN,19.172849655151367
2019-07-01,USDMXN,19.136999130249023
2019-07-02,USDMXN,19.099899291992188
2019-07-03,USDMXN,19.04400062561035
2019-07-04,USDMXN,19.003799438476562
2019-07-05,USDMXN,19.00383949279785
2019-07-08,USDMXN,18.99489974975586
2019-07-09,USDMXN,18.933290481567383
2019-07-10,USDMXN,19.160459518432617
2019-07-11,USDMXN,19.12849998474121
2019-07-12,USDMXN,19.067289352416992
2019-07-15,USDMXN,18.987590789794922
2019-07-16,USDMXN,18.965999603271484
2019-07-17,USDMXN,19.089599609375
2019-07-18,USDMXN,19.057899475097656
2019-07-19,USDMXN,18.95669937133789
2019-07-22,USDMXN,19.01259994506836
2019-07-23,USDMXN,19.039199829101562
2019-07-24,USDMXN,19.168399810791016
2019-07-25,USDMXN,19.058399200439453
2019-07-26,USDMXN,19.026199340820312
2019-07-29,USDMXN,19.030960083007812
2019-07-30,USDMXN,19.04669952392578
2019-07-31,USDMXN,19.055400848388672
2019-08-01,USDMXN,19.136499404907227
2019-08-02,USDMXN,19.21030044555664
2019-08-05,USDMXN,19.338430404663086
2019-08-06,USDMXN,19.680299758911133
2019-08-07,USDMXN,19.595869064331055
2019-08-08,USDMXN,19.632299423217773
2019-08-09,USDMXN,19.427650451660156
2019-08-12,USDMXN,19.425600051879883
2019-08-13,USDMXN,19.58449935913086
2019-08-14,USDMXN,19.378740310668945
2019-08-15,USDMXN,19.654659271240234
2019-08-16,USDMXN,19.598600387573242
2019-08-19,USDMXN,19.622299194335938
2019-08-20,USDMXN,19.87310028076172
2019-08-21,USDMXN,19.750499725341797
2019-08-22,USDMXN,19.671899795532227
2019-08-23,USDMXN,19.799699783325195
2019-08-26,USDMXN,20.00429916381836
2019-08-27,USDMXN,19.93589973449707
2019-08-28,USDMXN,19.974000930786133
2019-08-29,USDMXN,20.139400482177734
2019-08-30,USDMXN,20.120800018310547
2019-09-02,USDMXN,20.093799591064453
2019-09-03,USDMXN,20.12445068359375
2019-09-04,USDMXN,19.9606990814209
2019-09-05,USDMXN,19.685699462890625
2019-09-06,USDMXN,19.705699920654297
2019-09-09,USDMXN,19.541139602661133
2019-09-10,USDMXN,19.555500030517578
2019-09-11,USDMXN,19.492000579833984
2019-09-12,USDMXN,19.499399185180664
2019-09-13,USDMXN,19.428499221801758
2019-09-16,USDMXN,19.398099899291992
2019-09-17,USDMXN,19.422399520874023
2019-09-18,USDMXN,19.352800369262695
2019-09-19,USDMXN,19.396699905395508
2019-09-20,USDMXN,19.42919921875
2019-09-23,USDMXN,19.418899536132812
2019-09-24,USDMXN,19.47599983215332
2019-09-25,USDMXN,19.435699462890625
2019-09-26,USDMXN,19.566999435424805
2019-09-27,USDMXN,19.65703010559082
2019-09-30,USDMXN,19.678699493408203
2019-10-01,USDMXN,19.734819412231445
2019-10-02,USDMXN,19.803800582885742
2019-10-03,USDMXN,19.783700942993164
2019-10-04,USDMXN,19.65304946899414
2019-10-07,USDMXN,19.52079963684082
2019-10-08,USDMXN,19.570899963378906
2019-10-09,USDMXN,19.625200271606445
2019-10-10,USDMXN,19.58489990234375
2019-10-11,USDMXN,19.43470001220703
2019-10-14,USDMXN,19.3080997467041
2019-10-15,USDMXN,19.269350051879883
2019-10-16,USDMXN,19.230649948120117
2019-10-17,USDMXN,19.194900512695312
2019-10-18,USDMXN,19.179800033569336
2019-10-21,USDMXN,19.117700576782227
2019-10-22,USDMXN,19.12179946899414
2019-10-23,USDMXN,19.140689849853516
2019-10-24,USDMXN,19.101600646972656
2019-10-25,USDMXN,19.117900848388672
2019-10-28,USDMXN,19.0393009185791
2019-10-29,USDMXN,19.110200881958008
2019-10-30,USDMXN,19.107200622558594
2019-10-31,USDMXN,19.092920303344727
2019-11-01,USDMXN,19.238800048828125
2019-11-04,USDMXN,19.084999084472656
2019-11-05,USDMXN,19.16790008544922
2019-11-06,USDMXN,19.186800003051758
2019-11-07,USDMXN,19.150699615478516
2019-11-08,USDMXN,19.121599197387695
2019-11-11,USDMXN,19.109500885009766
2019-11-12,USDMXN,19.111499786376953
2019-11-13,USDMXN,19.2987003326416
2019-11-14,USDMXN,19.365219116210938
2019-11-15,USDMXN,19.312700271606445
2019-11-18,USDMXN,19.19879913330078
2019-11-19,USDMXN,19.317190170288086
2019-11-20,USDMXN,19.358539581298828
2019-11-21,USDMXN,19.46969985961914
2019-11-22,USDMXN,19.386850357055664
2019-11-25,USDMXN,19.344999313354492
2019-11-26,USDMXN,19.44515037536621
2019-11-27,USDMXN,19.507299423217773
2019-11-28,USDMXN,19.554649353027344
2019-11-29,USDMXN,19.4914493560791
2019-12-02,USDMXN,19.53594970703125
2019-12-03,USDMXN,19.573999404907227
2019-12-04,USDMXN,19.54949951171875
2019-12-05,USDMXN,19.431100845336914
2019-12-06,USDMXN,19.363000869750977
2019-12-09,USDMXN,19.254749298095703
2019-12-10,USDMXN,19.229999542236328
2019-12-11,USDMXN,19.249900817871094
2019-12-12,USDMXN,19.101299285888672
2019-12-13,USDMXN,18.98200035095215
2019-12-16,USDMXN,19.03420066833496
2019-12-17,USDMXN,18.936189651489258
2019-12-18,USDMXN,18.91754913330078
2019-12-19,USDMXN,18.975500106811523
2019-12-20,USDMXN,18.909000396728516
2019-12-23,USDMXN,18.941299438476562
2019-12-24,USDMXN,18.934499740600586
2019-12-25,USDMXN,18.96269989013672
2019-12-26,USDMXN,18.95210075378418
2019-12-27,USDMXN,18.928499221801758
2019-12-30,USDMXN,18.827899932861328
2019-12-31,USDMXN,18.917699813842773
2020-01-01,USDMXN,18.917400360107422
2020-01-02,USDMXN,18.898799896240234
2020-01-03,USDMXN,18.830299377441406
2020-01-06,USDMXN,18.944759368896484
2020-01-07,USDMXN,18.841449737548828
2020-01-08,USDMXN,18.96419906616211
2020-01-09,USDMXN,18.81399917602539
2020-01-10,USDMXN,18.834800720214844
2020-01-13,USDMXN,18.79762077331543
2020-01-14,USDMXN,18.79010009765625
2020-01-15,USDMXN,18.793800354003906
2020-01-16,USDMXN,18.782699584960938
2020-01-17,USDMXN,18.76300048828125
2020-01-20,USDMXN,18.656299591064453
2020-01-21,USDMXN,18.65369987487793
2020-01-22,USDMXN,18.7593994140625
2020-01-23,USDMXN,18.700410842895508
2020-01-24,USDMXN,18.74920082092285
2020-01-27,USDMXN,18.862499237060547
2020-01-28,USDMXN,18.892000198364258
2020-01-29,USDMXN,18.724050521850586
2020-01-30,USDMXN,18.681900024414062
2020-01-31,USDMXN,18.780799865722656
2020-02-03,USDMXN,18.866409301757812
2020-02-04,USDMXN,18.81439971923828
2020-02-05,USDMXN,18.671289443969727
2020-02-06,USDMXN,18.587600708007812
2020-02-07,USDMXN,18.639699935913086
2020-02-10,USDMXN,18.800249099731445
2020-02-11,USDMXN,18.702699661254883
2020-02-12,USDMXN,18.642000198364258
2020-02-13,USDMXN,18.640399932861328
2020-02-14,USDMXN,18.59510040283203
2020-02-17,USDMXN,18.542999267578125
2020-02-18,USDMXN,18.549999237060547
2020-02-19,USDMXN,18.58894920349121
2020-02-20,USDMXN,18.550100326538086
2020-02-21,USDMXN,18.847400665283203
2020-02-24,USDMXN,19.007709503173828
2020-02-25,USDMXN,19.03660011291504
2020-02-26,USDMXN,19.059999465942383
2020-02-27,USDMXN,19.286619186401367
2020-02-28,USDMXN,19.458969116210938
2020-03-02,USDMXN,19.82309913635254
2020-03-03,USDMXN,19.405000686645508
2020-03-04,USDMXN,19.43160057067871
2020-03-05,USDMXN,19.517200469970703
2020-03-06,USDMXN,19.81450080871582
2020-03-09,USDMXN,21.0575008392334
2020-03-10,USDMXN,20.81222915649414
2020-03-11,USDMXN,20.789400100708008
2020-03-12,USDMXN,21.41659927368164
2020-03-13,USDMXN,21.967199325561523
2020-03-16,USDMXN,21.808610916137695
2020-03-17,USDMXN,22.600990295410156
2020-03-18,USDMXN,22.960599899291992
2020-03-19,USDMXN,23.64971923828125
2020-03-20,USDMXN,24.0457706451416
2020-03-23,USDMXN,24.7462100982666
2020-03-24,USDMXN,25.336200714111328
2020-03-25,USDMXN,24.768699645996094
2020-03-26,USDMXN,24.008100509643555
2020-03-27,USDMXN,23.23710060119629
2020-03-30,USDMXN,23.594600677490234
2020-03-31,USDMXN,23.83300018310547
2020-04-01,USDMXN,23.750999450683594
2020-04-02,USDMXN,24.215530395507812
2020-04-03,USDMXN,24.235300064086914
2020-04-06,USDMXN,25.261999130249023
2020-04-07,USDMXN,24.542400360107422
2020-04-08,USDMXN,24.31159019470215
2020-04-09,USDMXN,23.984500885009766
2020-04-10,USDMXN,23.67639923095703
2020-04-13,USDMXN,23.446800231933594
2020-04-14,USDMXN,23.5851993560791
2020-04-15,USDMXN,23.36199951171875
2020-04-16,USDMXN,24.239200592041016
2020-04-17,USDMXN,23.76020050048828
2020-04-20,USDMXN,24.026649475097656
2020-04-21,USDMXN,24.010719299316406
2020-04-22,USDMXN,24.368600845336914
2020-04-23,USDMXN,24.479299545288086
2020-04-24,USDMXN,24.766550064086914
2020-04-27,USDMXN,24.98579978942871
2020-04-28,USDMXN,24.74970054626465
2020-04-29,USDMXN,24.283599853515625
2020-04-30,USDMXN,23.742000579833984
2020-05-01,USDMXN,24.21430015563965
2020-05-04,USDMXN,24.834489822387695
2020-05-05,USDMXN,24.090200424194336
2020-05-06,USDMXN,23.973499298095703
2020-05-07,USDMXN,24.427499771118164
2020-05-08,USDMXN,24.02206039428711
2020-05-11,USDMXN,23.625099182128906
2020-05-12,USDMXN,23.920089721679688
2020-05-13,USDMXN,24.363279342651367
2020-05-14,USDMXN,24.185699462890625
2020-05-15,USDMXN,23.851299285888672
2020-05-18,USDMXN,23.934009552001953
2020-05-19,USDMXN,23.731300354003906
2020-05-20,USDMXN,23.665359497070312
2020-05-21,USDMXN,23.195499420166016
2020-05-22,USDMXN,22.870180130004883
2020-05-25,USDMXN,22.663789749145508
2020-05-26,USDMXN,22.545499801635742
2020-05-27,USDMXN,22.211999893188477
2020-05-28,USDMXN,22.31138038635254
2020-05-29,USDMXN,22.19890022277832
2020-06-01,USDMXN,22.182300567626953
2020-06-02,USDMXN,22.042400360107422
2020-06-03,USDMXN,21.723800659179688
2020-06-04,USDMXN,21.720800399780273
2020-06-05,USDMXN,21.90247917175293
2020-06-08,USDMXN,21.474899291992188
2020-06-09,USDMXN,21.472999572753906
2020-06-10,USDMXN,21.88743019104004
2020-06-11,USDMXN,21.976980209350586
2020-06-12,USDMXN,22.854660034179688
2020-06-15,USDMXN,22.488540649414062
2020-06-16,USDMXN,22.155460357666016
2020-06-17,USDMXN,22.26922035217285
2020-06-18,USDMXN,22.341400146484375
2020-06-19,USDMXN,22.67639923095703
2020-06-22,USDMXN,22.64150047302246
2020-06-23,USDMXN,22.399099349975586
2020-06-24,USDMXN,22.389150619506836
2020-06-25,USDMXN,22.790279388427734
2020-06-26,USDMXN,22.679399490356445
2020-06-29,USDMXN,23.05470085144043
2020-06-30,USDMXN,23.056570053100586
2020-07-01,USDMXN,23.004499435424805
2020-07-02,USDMXN,22.711599349975586
2020-07-03,USDMXN,22.477819442749023
2020-07-06,USDMXN,22.38545036315918
2020-07-07,USDMXN,22.31100082397461
2020-07-08,USDMXN,22.792699813842773
2020-07-09,USDMXN,22.67180061340332
2020-07-10,USDMXN,22.60260009765625
2020-07-13,USDMXN,22.488399505615234
2020-07-14,USDMXN,22.709800720214844
2020-07-15,USDMXN,22.395999908447266
2020-07-16,USDMXN,22.318199157714844
2020-07-17,USDMXN,22.411680221557617
2020-07-20,USDMXN,22.492469787597656
2020-07-21,USDMXN,22.488540649414062
2020-07-22,USDMXN,22.29680061340332
2020-07-23,USDMXN,22.37017059326172
2020-07-24,USDMXN,22.478200912475586
2020-07-27,USDMXN,22.287200927734375
2020-07-28,USDMXN,21.936100006103516
2020-07-29,USDMXN,21.933399200439453
2020-07-30,USDMXN,21.97249984741211
2020-07-31,USDMXN,21.995399475097656
2020-08-03,USDMXN,22.26059913635254
2020-08-04,USDMXN,22.625699996948242
2020-08-05,USDMXN,22.628400802612305
2020-08-06,USDMXN,22.371639251708984
2020-08-07,USDMXN,22.402849197387695
2020-08-10,USDMXN,22.404619216918945
2020-08-11,USDMXN,22.45709991455078
2020-08-12,USDMXN,22.411399841308594
2020-08-13,USDMXN,22.340900421142578
2020-08-14,USDMXN,22.153900146484375
2020-08-17,USDMXN,21.933500289916992
2020-08-18,USDMXN,22.142200469970703
2020-08-19,USDMXN,22.13129997253418
2020-08-20,USDMXN,22.174789428710938
2020-08-21,USDMXN,22.088300704956055
2020-08-24,USDMXN,21.95966911315918
2020-08-25,USDMXN,21.972999572753906
2020-08-26,USDMXN,21.894699096679688
2020-08-27,USDMXN,21.930870056152344
2020-08-28,USDMXN,22.13290023803711
2020-08-31,USDMXN,21.749900817871094
2020-09-01,USDMXN,21.91254997253418
2020-09-02,USDMXN,21.74530029296875
2020-09-03,USDMXN,21.726900100708008
2020-09-04,USDMXN,21.698699951171875
2020-09-07,USDMXN,21.552949905395508
2020-09-08,USDMXN,21.594200134277344
2020-09-09,USDMXN,21.872419357299805
2020-09-10,USDMXN,21.386999130249023
2020-09-11,USDMXN,21.436649322509766
2020-09-14,USDMXN,21.267499923706055
2020-09-15,USDMXN,21.064800262451172
2020-09-16,USDMXN,21.142000198364258
2020-09-17,USDMXN,20.97916030883789
2020-09-18,USDMXN,20.8927001953125
2020-09-21,USDMXN,21.111759185791016
2020-09-22,USDMXN,21.344839096069336
2020-09-23,USDMXN,21.67449951171875
2020-09-24,USDMXN,22.390399932861328
2020-09-25,USDMXN,22.138439178466797
2020-09-28,USDMXN,22.309370040893555
2020-09-29,USDMXN,22.34910011291504
2020-09-30,USDMXN,22.37350082397461
2020-10-01,USDMXN,22.081600189208984
2020-10-02,USDMXN,21.844730377197266
2020-10-05,USDMXN,21.594999313354492
2020-10-06,USDMXN,21.363250732421875
2020-10-07,USDMXN,21.688230514526367
2020-10-08,USDMXN,21.449800491333008
2020-10-09,USDMXN,21.35586929321289
2020-10-12,USDMXN,21.148590087890625
2020-10-13,USDMXN,21.19890022277832
2020-10-14,USDMXN,21.333480834960938
2020-10-15,USDMXN,21.326169967651367
2020-10-16,USDMXN,21.284099578857422
2020-10-19,USDMXN,21.08880043029785
2020-10-20,USDMXN,21.207250595092773
2020-10-21,USDMXN,21.092599868774414
2020-10-22,USDMXN,21.149269104003906
2020-10-23,USDMXN,20.954200744628906
2020-10-26,USDMXN,20.90243911743164
2020-10-27,USDMXN,20.963790893554688
2020-10-28,USDMXN,21.01930046081543
2020-10-29,USDMXN,21.235599517822266
2020-10-30,USDMXN,21.345600128173828
2020-11-02,USDMXN,21.274450302124023
2020-11-03,USDMXN,21.371950149536133
2020-11-04,USDMXN,21.035709381103516
2020-11-05,USDMXN,20.93440055847168
2020-11-06,USDMXN,20.75550079345703
2020-11-09,USDMXN,20.520360946655273
2020-11-10,USDMXN,20.33530044555664
2020-11-11,USDMXN,20.322099685668945
2020-11-12,USDMXN,20.46430015563965
2020-11-13,USDMXN,20.60325050354004
2020-11-16,USDMXN,20.34473991394043
2020-11-17,USDMXN,20.259950637817383
2020-11-18,USDMXN,20.279489517211914
2020-11-19,USDMXN,20.312679290771484
2020-11-20,USDMXN,20.233400344848633
2020-11-23,USDMXN,20.086719512939453
2020-11-24,USDMXN,20.10154914855957
2020-11-25,USDMXN,20.02511978149414
2020-11-26,USDMXN,19.957599639892578
2020-11-27,USDMXN,20.02910041809082
2020-11-30,USDMXN,20.038070678710938
2020-12-01,USDMXN,20.16160011291504
2020-12-02,USDMXN,20.028749465942383
2020-12-03,USDMXN,19.992399215698242
2020-12-04,USDMXN,19.899200439453125
2020-12-07,USDMXN,19.7810001373291
2020-12-08,USDMXN,19.891019821166992
2020-12-09,USDMXN,19.775999069213867
2020-12-10,USDMXN,19.87611961364746
2020-12-11,USDMXN,19.990699768066406
2020-12-14,USDMXN,20.077800750732422
2020-12-15,USDMXN,20.228239059448242
2020-12-16,USDMXN,19.928279876708984
2020-12-17,USDMXN,19.871240615844727
2020-12-18,USDMXN,19.821500778198242
2020-12-21,USDMXN,20.09394073486328
2020-12-22,USDMXN,19.98240089416504
2020-12-23,USDMXN,20.10379981994629
2020-12-24,USDMXN,20.048900604248047
2020-12-25,USDMXN,19.868000030517578
2020-12-28,USDMXN,19.869680404663086
2020-12-29,USDMXN,20.006250381469727
2020-12-30,USDMXN,19.934999465942383
2020-12-31,USDMXN,19.890899658203125
2021-01-01,USDMXN,19.874500274658203
2021-01-04,USDMXN,19.84749984741211
2021-01-05,USDMXN,19.94244956970215
2021-01-06,USDMXN,19.90220069885254
2021-01-07,USDMXN,19.65576934814453
2021-01-08,USDMXN,20.000099182128906
2021-01-11,USDMXN,20.05048942565918
2021-01-12,USDMXN,20.062400817871094
2021-01-13,USDMXN,19.794429779052734
2021-01-14,USDMXN,19.836349487304688
2021-01-15,USDMXN,19.723350524902344
2021-01-18,USDMXN,19.84351921081543
2021-01-19,USDMXN,19.695650100708008
2021-01-20,USDMXN,19.63599967956543
2021-01-21,USDMXN,19.585010528564453
2021-01-22,USDMXN,19.737060546875
2021-01-25,USDMXN,19.942880630493164
2021-01-26,USDMXN,20.10516929626465
2021-01-27,USDMXN,19.988300323486328
2021-01-28,USDMXN,20.33152961730957
2021-01-29,USDMXN,20.25225067138672
2021-02-01,USDMXN,20.50528907775879
2021-02-02,USDMXN,20.368160247802734
2021-02-03,USDMXN,20.137680053710938
2021-02-04,USDMXN,20.197080612182617
2021-02-05,USDMXN,20.387189865112305
2021-02-08,USDMXN,20.11138916015625
2021-02-09,USDMXN,20.103069305419922
2021-02-10,USDMXN,20.083850860595703
2021-02-11,USDMXN,20.02928924560547
2021-02-12,USDMXN,19.966279983520508
2021-02-15,USDMXN,19.936769485473633
2021-02-16,USDMXN,19.94930076599121
2021-02-17,USDMXN,20.225540161132812
2021-02-18,USDMXN,20.212539672851562
2021-02-19,USDMXN,20.308229446411133
2021-02-22,USDMXN,20.487449645996094
2021-02-23,USDMXN,20.742029190063477
2021-02-24,USDMXN,20.513269424438477
2021-02-25,USDMXN,20.377559661865234
2021-02-26,USDMXN,20.910900115966797
2021-03-01,USDMXN,20.789569854736328
2021-03-02,USDMXN,20.654029846191406
2021-03-03,USDMXN,20.603410720825195
2021-03-04,USDMXN,20.956090927124023
2021-03-05,USDMXN,21.13340950012207
2021-03-08,USDMXN,21.255300521850586
2021-03-09,USDMXN,21.492490768432617
2021-03-10,USDMXN,21.188819885253906
2021-03-11,USDMXN,20.90212059020996
2021-03-12,USDMXN,20.614999771118164
2021-03-15,USDMXN,20.711580276489258
2021-03-16,USDMXN,20.666690826416016
2021-03-17,USDMXN,20.599300384521484
2021-03-18,USDMXN,20.362770080566406
2021-03-19,USDMXN,20.48390007019043
2021-03-22,USDMXN,20.66080093383789
2021-03-23,USDMXN,20.575389862060547
2021-03-24,USDMXN,20.807910919189453
2021-03-25,USDMXN,20.882999420166016
2021-03-26,USDMXN,20.683029174804688
2021-03-29,USDMXN,20.632530212402344
2021-03-30,USDMXN,20.607379913330078
2021-03-31,USDMXN,20.576000213623047
2021-04-01,USDMXN,20.429100036621094
2021-04-02,USDMXN,20.29138946533203
2021-04-05,USDMXN,20.305219650268555
2021-04-06,USDMXN,20.30573081970215
2021-04-07,USDMXN,20.17445945739746
2021-04-08,USDMXN,20.211299896240234
2021-04-09,USDMXN,20.098939895629883
2021-04-12,USDMXN,20.160409927368164
2021-04-13,USDMXN,20.14443016052246
2021-04-14,USDMXN,20.0674991607666
2021-04-15,USDMXN,20.0860595703125
2021-04-16,USDMXN,19.93589973449707
2021-04-19,USDMXN,19.91830062866211
2021-04-20,USDMXN,19.81344985961914
2021-04-21,USDMXN,19.94700050354004
2021-04-22,USDMXN,19.886600494384766
2021-04-23,USDMXN,19.933000564575195
2021-04-26,USDMXN,19.8525390625
2021-04-27,USDMXN,19.858600616455078
2021-04-28,USDMXN,20.03260040283203
2021-04-29,USDMXN,19.89167022705078
2021-04-30,USDMXN,20.02429962158203
2021-05-03,USDMXN,20.19580078125
2021-05-04,USDMXN,20.18779945373535
2021-05-05,USDMXN,20.193899154663086
2021-05-06,USDMXN,20.251169204711914
2021-05-07,USDMXN,20.085100173950195
2021-05-10,USDMXN,19.89240074157715
2021-05-11,USDMXN,19.91295051574707
2021-05-12,USDMXN,19.96368980407715
2021-05-13,USDMXN,20.142000198364258
2021-05-14,USDMXN,19.95039939880371
2021-05-17,USDMXN,19.870399475097656
2021-05-18,USDMXN,19.76129913330078
2021-05-19,USDMXN,19.84787940979004
2021-05-20,USDMXN,19.933000564575195
2021-05-21,USDMXN,19.8887996673584
2021-05-24,USDMXN,19.937349319458008
2021-05-25,USDMXN,19.874000549316406
2021-05-26,USDMXN,19.905799865722656
2021-05-27,USDMXN,19.870800018310547
2021-05-28,USDMXN,19.95185089111328
2021-05-31,USDMXN,19.92609977722168
2021-06-01,USDMXN,19.917499542236328
2021-06-02,USDMXN,19.961200714111328
2021-06-03,USDMXN,19.894800186157227
2021-06-04,USDMXN,20.140399932861328
2021-06-07,USDMXN,19.943899154663086
2021-06-08,USDMXN,19.822399139404297
2021-06-09,USDMXN,19.70207977294922
2021-06-10,USDMXN,19.73027992248535
2021-06-11,USDMXN,19.70319938659668
2021-06-14,USDMXN,19.870899200439453
2021-06-15,USDMXN,19.943099975585938
2021-06-16,USDMXN,20.021299362182617
2021-06-17,USDMXN,20.39788055419922
2021-06-18,USDMXN,20.41069984436035
2021-06-21,USDMXN,20.621999740600586
2021-06-22,USDMXN,20.505849838256836
2021-06-23,USDMXN,20.33930015563965
2021-06-24,USDMXN,20.19586944580078
2021-06-25,USDMXN,19.846900939941406
2021-06-28,USDMXN,19.80820083618164
2021-06-29,USDMXN,19.817169189453125
2021-06-30,USDMXN,19.8031005859375
2021-07-01,USDMXN,19.934429168701172
2021-07-02,USDMXN,20.010099411010742
2021-07-05,USDMXN,19.79810905456543
2021-07-06,USDMXN,19.824899673461914
2021-07-07,USDMXN,20.011659622192383
2021-07-08,USDMXN,19.95039939880371
2021-07-09,USDMXN,19.98110008239746
2021-07-12,USDMXN,19.860700607299805
2021-07-13,USDMXN,19.82740020751953
2021-07-14,USDMXN,20.042200088500977
2021-07-15,USDMXN,19.900949478149414
2021-07-16,USDMXN,19.92938995361328
2021-07-19,USDMXN,19.904199600219727
2021-07-20,USDMXN,20.03809928894043
2021-07-21,USDMXN,20.136049270629883
2021-07-22,USDMXN,20.147140502929688
2021-07-23,USDMXN,20.102750778198242
2021-07-26,USDMXN,20.058300018310547
2021-07-27,USDMXN,20.02429962158203
2021-07-28,USDMXN,19.954099655151367
2021-07-29,USDMXN,19.913799285888672
2021-07-30,USDMXN,19.85140037536621
2021-08-02,USDMXN,19.865699768066406
2021-08-03,USDMXN,19.90169906616211
2021-08-04,USDMXN,19.862600326538086
2021-08-05,USDMXN,19.960399627685547
2021-08-06,USDMXN,19.928260803222656
2021-08-09,USDMXN,20.069799423217773
2021-08-10,USDMXN,20.069869995117188
2021-08-11,USDMXN,20.070499420166016
2021-08-12,USDMXN,19.929500579833984
2021-08-13,USDMXN,19.951379776000977
2021-08-16,USDMXN,19.85770034790039
2021-08-17,USDMXN,19.88010025024414
2021-08-18,USDMXN,19.997549057006836
2021-08-19,USDMXN,20.039039611816406
2021-08-20,USDMXN,20.167200088500977
2021-08-23,USDMXN,20.381500244140625
2021-08-24,USDMXN,20.317949295043945
2021-08-25,USDMXN,20.206100463867188
2021-08-26,USDMXN,20.216100692749023
2021-08-27,USDMXN,20.366500854492188
2021-08-30,USDMXN,20.1643009185791
2021-08-31,USDMXN,20.139249801635742
2021-09-01,USDMXN,20.059600830078125
2021-09-02,USDMXN,19.99774932861328
2021-09-03,USDMXN,19.962350845336914
2021-09-06,USDMXN,19.909000396728516
2021-09-07,USDMXN,19.888099670410156
2021-09-08,USDMXN,19.927799224853516
2021-09-09,USDMXN,19.927499771118164
2021-09-10,USDMXN,19.921600341796875
2021-09-13,USDMXN,19.86549949645996
2021-09-14,USDMXN,19.86199951171875
2021-09-15,USDMXN,19.897300720214844
2021-09-16,USDMXN,19.844499588012695
2021-09-17,USDMXN,19.940549850463867
2021-09-20,USDMXN,20.01849937438965
2021-09-21,USDMXN,20.118940353393555
2021-09-22,USDMXN,20.128700256347656
2021-09-23,USDMXN,20.086759567260742
2021-09-24,USDMXN,20.052900314331055
2021-09-27,USDMXN,20.053499221801758
2021-09-28,USDMXN,20.089500427246094
2021-09-29,USDMXN,20.329769134521484
2021-09-30,USDMXN,20.501100540161133
2021-10-01,USDMXN,20.615400314331055
2021-10-04,USDMXN,20.41819953918457
2021-10-05,USDMXN,20.50160026550293
2021-10-06,USDMXN,20.570199966430664
2021-10-07,USDMXN,20.5575008392334
2021-10-08,USDMXN,20.654130935668945
2021-10-11,USDMXN,20.7231502532959
2021-10-12,USDMXN,20.847000122070312
2021-10-13,USDMXN,20.780000686645508
2021-10-14,USDMXN,20.553699493408203
2021-10-15,USDMXN,20.541799545288086
2021-10-18,USDMXN,20.347000122070312
2021-10-19,USDMXN,20.397499084472656
2021-10-20,USDMXN,20.22209930419922
2021-10-21,USDMXN,20.221500396728516
2021-10-22,USDMXN,20.29319953918457
2021-10-25,USDMXN,20.188899993896484
2021-10-26,USDMXN,20.170499801635742
2021-10-27,USDMXN,20.196910858154297
2021-10-28,USDMXN,20.304800033569336
2021-10-29,USDMXN,20.378400802612305
2021-11-01,USDMXN,20.55270004272461
2021-11-02,USDMXN,20.839599609375
2021-11-03,USDMXN,20.78030014038086
2021-11-04,USDMXN,20.531700134277344
2021-11-05,USDMXN,20.545900344848633
2021-11-08,USDMXN,20.372800827026367
2021-11-09,USDMXN,20.332950592041016
2021-11-10,USDMXN,20.319150924682617
2021-11-11,USDMXN,20.606399536132812
2021-11-12,USDMXN,20.636430740356445
2021-11-15,USDMXN,20.52419090270996
2021-11-16,USDMXN,20.59480094909668
2021-11-17,USDMXN,20.753799438476562
2021-11-18,USDMXN,20.64539909362793
2021-11-19,USDMXN,20.75950050354004
2021-11-22,USDMXN,20.86083984375
2021-11-23,USDMXN,20.99370002746582
2021-11-24,USDMXN,21.265499114990234
2021-11-25,USDMXN,21.40089988708496
2021-11-26,USDMXN,21.624500274658203
2021-11-29,USDMXN,21.72960090637207
2021-11-30,USDMXN,21.68079948425293
2021-12-01,USDMXN,21.411800384521484
2021-12-02,USDMXN,21.471569061279297
2021-12-03,USDMXN,21.30854034423828
2021-12-06,USDMXN,21.22100067138672
2021-12-07,USDMXN,21.22369956970215
2021-12-08,USDMXN,21.028200149536133
2021-12-09,USDMXN,20.925800323486328
2021-12-10,USDMXN,20.950700759887695
2021-12-13,USDMXN,20.876300811767578
2021-12-14,USDMXN,20.993600845336914
2021-12-15,USDMXN,21.218900680541992
2021-12-16,USDMXN,21.033199310302734
2021-12-17,USDMXN,20.819400787353516
2021-12-20,USDMXN,20.829299926757812
2021-12-21,USDMXN,20.755399703979492
2021-12-22,USDMXN,20.822500228881836
2021-12-23,USDMXN,20.710399627685547
2021-12-24,USDMXN,20.62809944152832
2021-12-27,USDMXN,20.607200622558594
2021-12-28,USDMXN,20.6835994720459
2021-12-29,USDMXN,20.662200927734375
2021-12-30,USDMXN,20.558000564575195
2021-12-31,USDMXN,20.4591007232666
2022-01-03,USDMXN,20.481599807739258
2022-01-04,USDMXN,20.486000061035156
2022-01-05,USDMXN,20.52199935913086
2022-01-06,USDMXN,20.56369972229004
2022-01-07,USDMXN,20.493099212646484
2022-01-10,USDMXN,20.390470504760742
2022-01-11,USDMXN,20.358200073242188
2022-01-12,USDMXN,20.39051055908203
2022-01-13,USDMXN,20.362850189208984
2022-01-14,USDMXN,20.333669662475586
2022-01-17,USDMXN,20.301000595092773
2022-01-18,USDMXN,20.289499282836914
2022-01-19,USDMXN,20.398799896240234
2022-01-20,USDMXN,20.500499725341797
2022-01-21,USDMXN,20.530719757080078
2022-01-24,USDMXN,20.448150634765625
2022-01-25,USDMXN,20.573829650878906
2022-01-26,USDMXN,20.60700035095215
2022-01-27,USDMXN,20.71540069580078
2022-01-28,USDMXN,20.76740074157715
2022-01-31,USDMXN,20.82900047302246
2022-02-01,USDMXN,20.625900268554688
2022-02-02,USDMXN,20.545700073242188
2022-02-03,USDMXN,20.601200103759766
2022-02-04,USDMXN,20.564599990844727
2022-02-07,USDMXN,20.653600692749023
2022-02-08,USDMXN,20.580799102783203
2022-02-09,USDMXN,20.597620010375977
2022-02-10,USDMXN,20.48784065246582
2022-02-11,USDMXN,20.557199478149414
2022-02-14,USDMXN,20.510440826416016
2022-02-15,USDMXN,20.40899085998535
2022-02-16,USDMXN,20.383800506591797
2022-02-17,USDMXN,20.286399841308594
2022-02-18,USDMXN,20.29159927368164
2022-02-21,USDMXN,20.295249938964844
2022-02-22,USDMXN,20.322980880737305
2022-02-23,USDMXN,20.29439926147461
2022-02-24,USDMXN,20.231700897216797
2022-02-25,USDMXN,20.563369750976562
2022-02-28,USDMXN,20.573139190673828
2022-03-01,USDMXN,20.4606990814209
2022-03-02,USDMXN,20.64310073852539
2022-03-03,USDMXN,20.642549514770508
2022-03-04,USDMXN,20.63939094543457
2022-03-07,USDMXN,20.96925926208496
2022-03-08,USDMXN,21.305349349975586
2022-03-09,USDMXN,21.362390518188477
2022-03-10,USDMXN,20.905189514160156
2022-03-11,USDMXN,20.91200065612793
2022-03-14,USDMXN,20.887510299682617
2022-03-15,USDMXN,20.90036964416504
2022-03-16,USDMXN,20.812599182128906
2022-03-17,USDMXN,20.630699157714844
2022-03-18,USDMXN,20.514089584350586
2022-03-21,USDMXN,20.381149291992188
2022-03-22,USDMXN,20.381900787353516
2022-03-23,USDMXN,20.272199630737305
2022-03-24,USDMXN,20.226640701293945
2022-03-25,USDMXN,20.066299438476562
2022-03-28,USDMXN,20.030149459838867
2022-03-29,USDMXN,20.091249465942383
2022-03-30,USDMXN,19.965599060058594
2022-03-31,USDMXN,19.878150939941406
2022-04-01,USDMXN,19.875200271606445
2022-04-04,USDMXN,19.8572998046875
2022-04-05,USDMXN,19.8093204498291
2022-04-06,USDMXN,19.98259925842285
2022-04-07,USDMXN,20.161460876464844
2022-04-08,USDMXN,20.130319595336914
2022-04-11,USDMXN,20.064849853515625
2022-04-12,USDMXN,19.941940307617188
2022-04-13,USDMXN,19.80328941345215
2022-04-14,USDMXN,19.76129913330078
2022-04-15,USDMXN,19.962299346923828
2022-04-18,USDMXN,19.95359992980957
2022-04-19,USDMXN,19.79520034790039
2022-04-20,USDMXN,20.018110275268555
2022-04-21,USDMXN,19.97369956970215
2022-04-22,USDMXN,20.184650421142578
2022-04-25,USDMXN,20.23200035095215
2022-04-26,USDMXN,20.214599609375
2022-04-27,USDMXN,20.380319595336914
2022-04-28,USDMXN,20.372299194335938
2022-04-29,USDMXN,20.441299438476562
2022-05-02,USDMXN,20.41737937927246
2022-05-03,USDMXN,20.448200225830078
2022-05-04,USDMXN,20.280059814453125
2022-05-05,USDMXN,20.038259506225586
2022-05-06,USDMXN,20.21470069885254
2022-05-09,USDMXN,20.176300048828125
2022-05-10,USDMXN,20.3635196685791
2022-05-11,USDMXN,20.380359649658203
2022-05-12,USDMXN,20.319730758666992
2022-05-13,USDMXN,20.172700881958008
2022-05-16,USDMXN,20.09126091003418
2022-05-17,USDMXN,20.019100189208984
2022-05-18,USDMXN,19.93549919128418
2022-05-19,USDMXN,20.023000717163086
2022-05-20,USDMXN,19.923599243164062
2022-05-23,USDMXN,19.84942054748535
2022-05-24,USDMXN,19.917959213256836
2022-05-25,USDMXN,19.84269905090332
2022-05-26,USDMXN,19.818199157714844
2022-05-27,USDMXN,19.75189971923828
2022-05-30,USDMXN,19.56999969482422
2022-05-31,USDMXN,19.531299591064453
2022-06-01,USDMXN,19.648740768432617
2022-06-02,USDMXN,19.71306037902832
2022-06-03,USDMXN,19.52790069580078
2022-06-06,USDMXN,19.54521942138672
2022-06-07,USDMXN,19.555299758911133
2022-06-08,USDMXN,19.57670021057129
2022-06-09,USDMXN,19.587099075317383
2022-06-10,USDMXN,19.676300048828125
2022-06-13,USDMXN,20.019460678100586
2022-06-14,USDMXN,20.466800689697266
2022-06-15,USDMXN,20.560659408569336
2022-06-16,USDMXN,20.222150802612305
2022-06-17,USDMXN,20.397199630737305
2022-06-20,USDMXN,20.294309616088867
2022-06-21,USDMXN,20.26849937438965
2022-06-22,USDMXN,20.136999130249023
2022-06-23,USDMXN,20.04949951171875
2022-06-24,USDMXN,20.009899139404297
2022-06-27,USDMXN,19.892559051513672
2022-06-28,USDMXN,19.90290069580078
2022-06-29,USDMXN,20.1466007232666
2022-06-30,USDMXN,20.130359649658203
2022-07-01,USDMXN,20.102949142456055
2022-07-04,USDMXN,20.250200271606445
2022-07-05,USDMXN,20.268400192260742
2022-07-06,USDMXN,20.522899627685547
2022-07-07,USDMXN,20.64109992980957
2022-07-08,USDMXN,20.493999481201172
2022-07-11,USDMXN,20.46269989013672
2022-07-12,USDMXN,20.721200942993164
2022-07-13,USDMXN,20.8664608001709
2022-07-14,USDMXN,20.790800094604492
2022-07-15,USDMXN,20.805889129638672
2022-07-18,USDMXN,20.49959945678711
2022-07-19,USDMXN,20.44502067565918
2022-07-20,USDMXN,20.519800186157227
2022-07-21,USDMXN,20.54210090637207
2022-07-22,USDMXN,20.65410041809082
2022-07-25,USDMXN,20.53459930419922
2022-07-26,USDMXN,20.450700759887695
2022-07-27,USDMXN,20.453699111938477
2022-07-28,USDMXN,20.373300552368164
2022-07-29,USDMXN,20.281200408935547
2022-08-01,USDMXN,20.374500274658203
2022-08-02,USDMXN,20.383499145507812
2022-08-03,USDMXN,20.810909271240234
2022-08-04,USDMXN,20.492700576782227
2022-08-05,USDMXN,20.323699951171875
2022-08-08,USDMXN,20.42140007019043
2022-08-09,USDMXN,20.2406005859375
2022-08-10,USDMXN,20.239999771118164
2022-08-11,USDMXN,20.015100479125977
2022-08-12,USDMXN,19.93320083618164
2022-08-15,USDMXN,19.85363006591797
2022-08-16,USDMXN,19.808300018310547
2022-08-17,USDMXN,19.903539657592773
2022-08-18,USDMXN,19.970399856567383
2022-08-19,USDMXN,20.130159378051758
2022-08-22,USDMXN,20.189050674438477
2022-08-23,USDMXN,20.12689971923828
2022-08-24,USDMXN,19.983680725097656
2022-08-25,USDMXN,19.902599334716797
2022-08-26,USDMXN,19.919099807739258
2022-08-29,USDMXN,20.067800521850586
2022-08-30,USDMXN,19.984800338745117
2022-08-31,USDMXN,20.127300262451172
2022-09-01,USDMXN,20.186660766601562
2022-09-02,USDMXN,20.166900634765625
2022-09-05,USDMXN,19.970500946044922
2022-09-06,USDMXN,19.965599060058594
2022-09-07,USDMXN,20.131500244140625
2022-09-08,USDMXN,19.981800079345703
2022-09-09,USDMXN,19.933500289916992
2022-09-12,USDMXN,19.859100341796875
2022-09-13,USDMXN,19.830020904541016
2022-09-14,USDMXN,20.03190040588379
2022-09-15,USDMXN,19.95159912109375
2022-09-16,USDMXN,20.08099937438965
2022-09-19,USDMXN,20.03022003173828
2022-09-20,USDMXN,19.903099060058594
2022-09-21,USDMXN,19.976299285888672
2022-09-22,USDMXN,20.044099807739258
2022-09-23,USDMXN,19.919200897216797
2022-09-26,USDMXN,20.211259841918945
2022-09-27,USDMXN,20.37074089050293
2022-09-28,USDMXN,20.368629455566406
2022-09-29,USDMXN,20.18494987487793
2022-09-30,USDMXN,20.12455940246582
2022-10-03,USDMXN,20.117389678955078
2022-10-04,USDMXN,20.00670051574707
2022-10-05,USDMXN,19.965190887451172
2022-10-06,USDMXN,20.03380012512207
2022-10-07,USDMXN,20.100099563598633
2022-10-10,USDMXN,20.029800415039062
2022-10-11,USDMXN,19.94029998779297
2022-10-12,USDMXN,20.06555938720703
2022-10-13,USDMXN,19.97319984436035
2022-10-14,USDMXN,19.97570037841797
2022-10-17,USDMXN,20.015899658203125
2022-10-18,USDMXN,19.971799850463867
2022-10-19,USDMXN,20.01889991760254
2022-10-20,USDMXN,20.127410888671875
2022-10-21,USDMXN,20.042760848999023
2022-10-24,USDMXN,19.9325008392334
2022-10-25,USDMXN,19.908100128173828
2022-10-26,USDMXN,19.866600036621094
2022-10-27,USDMXN,19.943029403686523
2022-10-28,USDMXN,19.840309143066406
2022-10-31,USDMXN,19.820199966430664
2022-11-01,USDMXN,19.79319953918457
2022-11-02,USDMXN,19.724899291992188
2022-11-03,USDMXN,19.67840003967285
2022-11-04,USDMXN,19.670270919799805
2022-11-07,USDMXN,19.5633602142334
2022-11-08,USDMXN,19.443099975585938
2022-11-09,USDMXN,19.537620544433594
2022-11-10,USDMXN,19.56209945678711
2022-11-11,USDMXN,19.315509796142578
2022-11-14,USDMXN,19.514429092407227
2022-11-15,USDMXN,19.33919906616211
2022-11-16,USDMXN,19.34119987487793
2022-11-17,USDMXN,19.33333969116211
2022-11-18,USDMXN,19.399900436401367
2022-11-21,USDMXN,19.443199157714844
2022-11-22,USDMXN,19.531600952148438
2022-11-23,USDMXN,19.441909790039062
2022-11-24,USDMXN,19.334999084472656
2022-11-25,USDMXN,19.38129997253418
2022-11-28,USDMXN,19.34354019165039
2022-11-29,USDMXN,19.296300888061523
2022-11-30,USDMXN,19.23200035095215
2022-12-01,USDMXN,19.264850616455078
2022-12-02,USDMXN,19.128299713134766
2022-12-05,USDMXN,19.38298988342285
2022-12-06,USDMXN,19.721399307250977
2022-12-07,USDMXN,19.7544002532959
2022-12-08,USDMXN,19.666900634765625
2022-12-09,USDMXN,19.621559143066406
2022-12-12,USDMXN,19.786699295043945
2022-12-13,USDMXN,19.847299575805664
2022-12-14,USDMXN,19.542020797729492
2022-12-15,USDMXN,19.609399795532227
2022-12-16,USDMXN,19.74959945678711
2022-12-19,USDMXN,19.79690933227539
2022-12-20,USDMXN,19.787599563598633
2022-12-21,USDMXN,19.754199981689453
2022-12-22,USDMXN,19.659589767456055
2022-12-23,USDMXN,19.559499740600586
2022-12-26,USDMXN,19.337390899658203
2022-12-27,USDMXN,19.363069534301758
2022-12-28,USDMXN,19.462099075317383
2022-12-29,USDMXN,19.422300338745117
2022-12-30,USDMXN,19.457599639892578
2023-01-02,USDMXN,19.44659996032715
2023-01-03,USDMXN,19.458799362182617
2023-01-04,USDMXN,19.40760040283203
2023-01-05,USDMXN,19.38680076599121
2023-01-06,USDMXN,19.31855010986328
2023-01-09,USDMXN,19.124300003051758
2023-01-10,USDMXN,19.124500274658203
2023-01-11,USDMXN,19.059600830078125
2023-01-12,USDMXN,18.942399978637695
2023-01-13,USDMXN,18.844310760498047
2023-01-16,USDMXN,18.774200439453125
2023-01-17,USDMXN,18.77790069580078
2023-01-18,USDMXN,18.64150047302246
2023-01-19,USDMXN,18.874059677124023
2023-01-20,USDMXN,18.98270034790039
2023-01-23,USDMXN,18.857770919799805
2023-01-24,USDMXN,18.81325912475586
2023-01-25,USDMXN,18.783599853515625
2023-01-26,USDMXN,18.776199340820312
2023-01-27,USDMXN,18.79669952392578
2023-01-30,USDMXN,18.768749237060547
2023-01-31,USDMXN,18.75860023498535
2023-02-01,USDMXN,18.842870712280273
2023-02-02,USDMXN,18.58289909362793
2023-02-03,USDMXN,18.641399383544922
2023-02-06,USDMXN,18.990869522094727
2023-02-07,USDMXN,19.167999267578125
2023-02-08,USDMXN,18.881500244140625
2023-02-09,USDMXN,18.934450149536133
2023-02-10,USDMXN,18.77829933166504
2023-02-13,USDMXN,18.67840003967285
2023-02-14,USDMXN,18.565040588378906
2023-02-15,USDMXN,18.50480079650879
2023-02-16,USDMXN,18.584550857543945
2023-02-17,USDMXN,18.54871940612793
2023-02-20,USDMXN,18.36737060546875
2023-02-21,USDMXN,18.38520050048828
2023-02-22,USDMXN,18.429899215698242
2023-02-23,USDMXN,18.364580154418945
2023-02-24,USDMXN,18.36865997314453
2023-02-27,USDMXN,18.39133071899414
2023-02-28,USDMXN,18.366899490356445
2023-03-01,USDMXN,18.300939559936523
2023-03-02,USDMXN,18.115970611572266
2023-03-03,USDMXN,18.105300903320312
2023-03-06,USDMXN,17.97800064086914
2023-03-07,USDMXN,18.00135040283203
2023-03-08,USDMXN,18.100099563598633
2023-03-09,USDMXN,17.97075080871582
2023-03-10,USDMXN,18.329639434814453
2023-03-13,USDMXN,18.31702995300293
2023-03-14,USDMXN,18.91908073425293
2023-03-15,USDMXN,18.600500106811523
2023-03-16,USDMXN,18.991899490356445
2023-03-17,USDMXN,18.769390106201172
2023-03-20,USDMXN,18.843420028686523
2023-03-21,USDMXN,18.814599990844727
2023-03-22,USDMXN,18.62405014038086
2023-03-23,USDMXN,18.593360900878906
2023-03-24,USDMXN,18.567899703979492
2023-03-27,USDMXN,18.427059173583984
2023-03-28,USDMXN,18.318599700927734
2023-03-29,USDMXN,18.219200134277344
2023-03-30,USDMXN,18.094030380249023
2023-03-31,USDMXN,18.089550018310547
2023-04-03,USDMXN,18.03915023803711
2023-04-04,USDMXN,18.087570190429688
2023-04-05,USDMXN,18.112499237060547
2023-04-06,USDMXN,18.308799743652344
2023-04-07,USDMXN,18.227100372314453
2023-04-10,USDMXN,18.134700775146484
2023-04-11,USDMXN,18.14310073852539
2023-04-12,USDMXN,18.158899307250977
2023-04-13,USDMXN,18.055099487304688
2023-04-14,USDMXN,18.018999099731445
2023-04-17,USDMXN,17.99287986755371
2023-04-18,USDMXN,18.03219985961914
2023-04-19,USDMXN,18.043489456176758
2023-04-20,USDMXN,18.04050064086914
2023-04-21,USDMXN,17.997909545898438
2023-04-24,USDMXN,17.997140884399414
2023-04-25,USDMXN,17.965200424194336
2023-04-26,USDMXN,18.0403995513916
2023-04-27,USDMXN,18.158550262451172
2023-04-28,USDMXN,18.024499893188477
2023-05-01,USDMXN,17.99139976501465
2023-05-02,USDMXN,17.93769073486328
2023-05-03,USDMXN,17.97426986694336
2023-05-04,USDMXN,17.956100463867188
2023-05-05,USDMXN,17.89937973022461
2023-05-08,USDMXN,17.76626968383789
2023-05-09,USDMXN,17.787580490112305
2023-05-10,USDMXN,17.743499755859375
2023-05-11,USDMXN,17.537200927734375
2023-05-12,USDMXN,17.57469940185547
2023-05-15,USDMXN,17.596250534057617
2023-05-16,USDMXN,17.4330997467041
2023-05-17,USDMXN,17.480300903320312
2023-05-18,USDMXN,17.606769561767578
2023-05-19,USDMXN,17.715700149536133
2023-05-22,USDMXN,17.7460994720459
2023-05-23,USDMXN,17.879899978637695
2023-05-24,USDMXN,17.958200454711914
2023-05-25,USDMXN,17.799930572509766
2023-05-26,USDMXN,17.84630012512207
2023-05-29,USDMXN,17.60219955444336
2023-05-30,USDMXN,17.598819732666016
2023-05-31,USDMXN,17.65570068359375
2023-06-01,USDMXN,17.67650032043457
2023-06-02,USDMXN,17.538799285888672
2023-06-05,USDMXN,17.550399780273438
2023-06-06,USDMXN,17.445899963378906
2023-06-07,USDMXN,17.367700576782227
2023-06-08,USDMXN,17.355289459228516
2023-06-09,USDMXN,17.37220001220703
2023-06-12,USDMXN,17.27090072631836
2023-06-13,USDMXN,17.2841796875
2023-06-14,USDMXN,17.233789443969727
2023-06-15,USDMXN,17.127399444580078
2023-06-16,USDMXN,17.12636947631836
2023-06-19,USDMXN,17.0669002532959
2023-06-20,USDMXN,17.072999954223633
2023-06-21,USDMXN,17.20363998413086
2023-06-22,USDMXN,17.11750030517578
2023-06-23,USDMXN,17.170000076293945
2023-06-26,USDMXN,17.1471004486084
2023-06-27,USDMXN,17.117000579833984
2023-06-28,USDMXN,17.076499938964844
2023-06-29,USDMXN,17.08289909362793
2023-06-30,USDMXN,17.10610008239746
2023-07-03,USDMXN,17.12080955505371
2023-07-04,USDMXN,17.047000885009766
2023-07-05,USDMXN,17.035499572753906
2023-07-06,USDMXN,17.006080627441406
2023-07-07,USDMXN,17.231609344482422
2023-07-10,USDMXN,17.147850036621094
2023-07-11,USDMXN,17.0447998046875
2023-07-12,USDMXN,17.028900146484375
2023-07-13,USDMXN,16.89642906188965
2023-07-14,USDMXN,16.846630096435547
2023-07-17,USDMXN,16.73870086669922
2023-07-18,USDMXN,16.713699340820312
2023-07-19,USDMXN,16.75214958190918
2023-07-20,USDMXN,16.711870193481445
2023-07-21,USDMXN,16.86590003967285
2023-07-24,USDMXN,16.974300384521484
2023-07-25,USDMXN,16.826099395751953
2023-07-26,USDMXN,16.926700592041016
2023-07-27,USDMXN,16.86244010925293
2023-07-28,USDMXN,16.84709930419922
2023-07-31,USDMXN,16.68090057373047
2023-08-01,USDMXN,16.738100051879883
2023-08-02,USDMXN,16.8735294342041
2023-08-03,USDMXN,17.00079917907715
2023-08-04,USDMXN,17.318199157714844
2023-08-07,USDMXN,17.08099937438965
2023-08-08,USDMXN,17.064699172973633
2023-08-09,USDMXN,17.106399536132812
2023-08-10,USDMXN,17.059289932250977
2023-08-11,USDMXN,17.067699432373047
2023-08-14,USDMXN,16.993989944458008
2023-08-15,USDMXN,17.045299530029297
2023-08-16,USDMXN,17.12866973876953
2023-08-17,USDMXN,17.14409065246582
2023-08-18,USDMXN,17.09787940979004
2023-08-21,USDMXN,17.026100158691406
2023-08-22,USDMXN,17.012800216674805
2023-08-23,USDMXN,16.906450271606445
2023-08-24,USDMXN,16.77910041809082
2023-08-25,USDMXN,16.830610275268555
2023-08-28,USDMXN,16.718799591064453
2023-08-29,USDMXN,16.785999298095703
2023-08-30,USDMXN,16.786699295043945
2023-08-31,USDMXN,16.757129669189453
2023-09-01,USDMXN,16.998220443725586
2023-09-04,USDMXN,17.073270797729492
2023-09-05,USDMXN,17.17608070373535
2023-09-06,USDMXN,17.382600784301758
2023-09-07,USDMXN,17.578899383544922
2023-09-08,USDMXN,17.577299118041992
2023-09-11,USDMXN,17.543140411376953
2023-09-12,USDMXN,17.281030654907227
2023-09-13,USDMXN,17.21339988708496
2023-09-14,USDMXN,17.130599975585938
2023-09-15,USDMXN,17.106359481811523
2023-09-18,USDMXN,17.047399520874023
2023-09-19,USDMXN,17.11669921875
2023-09-20,USDMXN,17.06485939025879
2023-09-21,USDMXN,17.092159271240234
2023-09-22,USDMXN,17.21109962463379
2023-09-25,USDMXN,17.173599243164062
2023-09-26,USDMXN,17.3843994140625
2023-09-27,USDMXN,17.54500961303711
2023-09-28,USDMXN,17.68695068359375
2023-09-29,USDMXN,17.5389404296875
2023-10-02,USDMXN,17.39539909362793
2023-10-03,USDMXN,17.662500381469727
2023-10-04,USDMXN,18.0093994140625
2023-10-05,USDMXN,17.978099822998047
2023-10-06,USDMXN,18.278139114379883
2023-10-09,USDMXN,18.22800064086914
2023-10-10,USDMXN,18.207679748535156
2023-10-11,USDMXN,17.934030532836914
2023-10-12,USDMXN,17.837169647216797
2023-10-13,USDMXN,17.97064971923828
2023-10-16,USDMXN,18.049999237060547
2023-10-17,USDMXN,17.90700912475586
2023-10-18,USDMXN,18.001800537109375
2023-10-19,USDMXN,18.235200881958008
2023-10-20,USDMXN,18.308500289916992
2023-10-23,USDMXN,18.201099395751953
2023-10-24,USDMXN,18.132299423217773
2023-10-25,USDMXN,18.259069442749023
2023-10-26,USDMXN,18.32740020751953
2023-10-27,USDMXN,18.136199951171875
2023-10-30,USDMXN,18.10548973083496
2023-10-31,USDMXN,18.048099517822266
2023-11-01,USDMXN,18.04669952392578
2023-11-02,USDMXN,17.76235008239746
2023-11-03,USDMXN,17.527000427246094
2023-11-06,USDMXN,17.472129821777344
2023-11-07,USDMXN,17.53529930114746
2023-11-08,USDMXN,17.470199584960938
2023-11-09,USDMXN,17.52519989013672
2023-11-10,USDMXN,17.78936004638672
2023-11-13,USDMXN,17.656400680541992
2023-11-14,USDMXN,17.600099563598633
2023-11-15,USDMXN,17.332500457763672
2023-11-16,USDMXN,17.29616928100586
2023-11-17,USDMXN,17.225799560546875
2023-11-20,USDMXN,17.219680786132812
2023-11-21,USDMXN,17.110740661621094
2023-11-22,USDMXN,17.189599990844727
2023-11-23,USDMXN,17.1951904296875
2023-11-24,USDMXN,17.186500549316406
2023-11-27,USDMXN,17.113859176635742
2023-11-28,USDMXN,17.158599853515625
2023-11-29,USDMXN,17.121000289916992
2023-11-30,USDMXN,17.282800674438477
2023-12-01,USDMXN,17.376300811767578
2023-12-04,USDMXN,17.18876075744629
2023-12-05,USDMXN,17.454099655151367
2023-12-06,USDMXN,17.358299255371094
2023-12-07,USDMXN,17.287460327148438
2023-12-08,USDMXN,17.472049713134766
2023-12-11,USDMXN,17.34709930419922
2023-12-12,USDMXN,17.36989974975586
2023-12-13,USDMXN,17.303760528564453
2023-12-14,USDMXN,17.26226043701172
2023-12-15,USDMXN,17.190380096435547
2023-12-18,USDMXN,17.221200942993164
2023-12-19,USDMXN,17.162700653076172
2023-12-20,USDMXN,17.059799194335938
2023-12-21,USDMXN,17.133169174194336
2023-12-22,USDMXN,17.031269073486328
2023-12-25,USDMXN,16.978370666503906
2023-12-26,USDMXN,16.975200653076172
2023-12-27,USDMXN,16.973600387573242
2023-12-28,USDMXN,16.91360092163086
2023-12-29,USDMXN,16.951200485229492
2024-01-01,USDMXN,16.96343994140625
2024-01-02,USDMXN,16.962509155273438
2024-01-03,USDMXN,17.019399642944336
2024-01-04,USDMXN,17.012149810791016
2024-01-05,USDMXN,17.00860023498535
2024-01-08,USDMXN,16.880939483642578
2024-01-09,USDMXN,16.83370018005371
2024-01-10,USDMXN,16.966659545898438
2024-01-11,USDMXN,16.981660842895508
2024-01-12,USDMXN,16.901559829711914
2024-01-15,USDMXN,16.869070053100586
2024-01-16,USDMXN,16.88479995727539
2024-01-17,USDMXN,17.197900772094727
2024-01-18,USDMXN,17.19260025024414
2024-01-19,USDMXN,17.168359756469727
2024-01-22,USDMXN,17.093149185180664
2024-01-23,USDMXN,17.174699783325195
2024-01-24,USDMXN,17.306060791015625
2024-01-25,USDMXN,17.234159469604492
2024-01-26,USDMXN,17.18950080871582
2024-01-29,USDMXN,17.16861915588379
2024-01-30,USDMXN,17.219560623168945
2024-01-31,USDMXN,17.1527099609375
2024-02-01,USDMXN,17.217529296875
2024-02-02,USDMXN,17.0674991607666
2024-02-05,USDMXN,17.15069007873535
2024-02-06,USDMXN,17.109100341796875
2024-02-07,USDMXN,17.027999877929688
2024-02-08,USDMXN,17.045400619506836
2024-02-09,USDMXN,17.13170051574707
2024-02-12,USDMXN,17.075429916381836
2024-02-13,USDMXN,17.067760467529297
2024-02-14,USDMXN,17.202009201049805
2024-02-15,USDMXN,17.075199127197266
2024-02-16,USDMXN,17.040170669555664
2024-02-19,USDMXN,17.042930603027344
2024-02-20,USDMXN,17.03420066833496
2024-02-21,USDMXN,17.059799194335938
2024-02-22,USDMXN,17.033100128173828
2024-02-23,USDMXN,17.10733985900879
2024-02-26,USDMXN,17.113929748535156
2024-02-27,USDMXN,17.08169937133789
2024-02-28,USDMXN,17.066959381103516
2024-02-29,USDMXN,17.087299346923828
2024-03-01,USDMXN,17.050060272216797
2024-03-04,USDMXN,17.009370803833008
2024-03-05,USDMXN,16.95507049560547
2024-03-06,USDMXN,16.932100296020508
2024-03-07,USDMXN,16.867799758911133
2024-03-08,USDMXN,16.864700317382812
2024-03-11,USDMXN,16.803619384765625
2024-03-12,USDMXN,16.798969268798828
2024-03-13,USDMXN,16.784299850463867
2024-03-14,USDMXN,16.669330596923828
2024-03-15,USDMXN,16.701860427856445
2024-03-18,USDMXN,16.720399856567383
2024-03-19,USDMXN,16.830860137939453
2024-03-20,USDMXN,16.79990005493164
2024-03-21,USDMXN,16.667699813842773
2024-03-22,USDMXN,16.7268009185791
2024-03-25,USDMXN,16.75830078125
2024-03-26,USDMXN,16.670700073242188
2024-03-27,USDMXN,16.63159942626953
2024-03-28,USDMXN,16.55069923400879
2024-03-29,USDMXN,16.602840423583984
2024-04-01,USDMXN,16.555450439453125
2024-04-02,USDMXN,16.608800888061523
2024-04-03,USDMXN,16.54990005493164
2024-04-04,USDMXN,16.527000427246094
2024-04-05,USDMXN,16.573200225830078
2024-04-08,USDMXN,16.45199966430664
2024-04-09,USDMXN,16.314300537109375
2024-04-10,USDMXN,16.383310317993164
2024-04-11,USDMXN,16.452499389648438
2024-04-12,USDMXN,16.42609977722168
2024-04-15,USDMXN,16.611080169677734
2024-04-16,USDMXN,16.694400787353516
2024-04-17,USDMXN,17.033340454101562
2024-04-18,USDMXN,16.956300735473633
2024-04-19,USDMXN,17.074960708618164
2024-04-22,USDMXN,17.091999053955078
2024-04-23,USDMXN,17.136980056762695
2024-04-24,USDMXN,16.949199676513672
2024-04-25,USDMXN,17.070100784301758
2024-04-26,USDMXN,17.201810836791992
2024-04-29,USDMXN,17.16404914855957
2024-04-30,USDMXN,17.011560440063477
2024-05-01,USDMXN,17.149919509887695
2024-05-02,USDMXN,16.928600311279297
2024-05-03,USDMXN,16.961700439453125
2024-05-06,USDMXN,16.980260848999023
2024-05-07,USDMXN,16.88334083557129
2024-05-08,USDMXN,16.90406036376953
2024-05-09,USDMXN,16.9160099029541
2024-05-10,USDMXN,16.779499053955078
2024-05-13,USDMXN,16.767200469970703
2024-05-14,USDMXN,16.783199310302734
2024-05-15,USDMXN,16.844160079956055
2024-05-16,USDMXN,16.681060791015625
2024-05-17,USDMXN,16.678159713745117
2024-05-20,USDMXN,16.586299896240234
2024-05-21,USDMXN,16.552570343017578
2024-05-22,USDMXN,16.606599807739258
2024-05-23,USDMXN,16.661630630493164
2024-05-24,USDMXN,16.730369567871094
2024-05-27,USDMXN,16.673799514770508
2024-05-28,USDMXN,16.6623592376709
2024-05-29,USDMXN,16.781400680541992
2024-05-30,USDMXN,17.017580032348633
2024-05-31,USDMXN,17.00581932067871
2024-06-03,USDMXN,16.97260093688965
2024-06-04,USDMXN,17.700429916381836
2024-06-05,USDMXN,17.81191062927246
2024-06-06,USDMXN,17.50349998474121
2024-06-07,USDMXN,17.879959106445312
2024-06-10,USDMXN,18.325849533081055
2024-06-11,USDMXN,18.57221031188965
2024-06-12,USDMXN,18.58061981201172
2024-06-13,USDMXN,18.754140853881836
2024-06-14,USDMXN,18.415180206298828
2024-06-17,USDMXN,18.455799102783203
2024-06-18,USDMXN,18.52090072631836
2024-06-19,USDMXN,18.399099349975586
2024-06-20,USDMXN,18.427440643310547
2024-06-21,USDMXN,18.34238052368164
2024-06-24,USDMXN,18.129789352416992
2024-06-25,USDMXN,17.944719314575195
2024-06-26,USDMXN,18.111299514770508
2024-06-27,USDMXN,18.301000595092773
2024-06-28,USDMXN,18.42976951599121
2024-07-01,USDMXN,18.265300750732422
2024-07-02,USDMXN,18.36639976501465
2024-07-03,USDMXN,18.252199172973633
2024-07-04,USDMXN,18.174360275268555
2024-07-05,USDMXN,18.080400466918945
2024-07-08,USDMXN,18.088279724121094
2024-07-09,USDMXN,17.973600387573242
2024-07-10,USDMXN,17.895339965820312
2024-07-11,USDMXN,17.836530685424805
2024-07-12,USDMXN,17.753259658813477
2024-07-15,USDMXN,17.69873046875
2024-07-16,USDMXN,17.71579933166504
2024-07-17,USDMXN,17.650419235229492
2024-07-18,USDMXN,17.720199584960938
2024-07-19,USDMXN,17.958499908447266
2024-07-22,USDMXN,17.970619201660156
2024-07-23,USDMXN,17.930599212646484
2024-07-24,USDMXN,18.163150787353516
2024-07-25,USDMXN,18.360319137573242
2024-07-26,USDMXN,18.439899444580078
2024-07-29,USDMXN,18.42729949951172
2024-07-30,USDMXN,18.640899658203125
2024-07-31,USDMXN,18.75279998779297
2024-08-01,USDMXN,18.640039443969727
2024-08-02,USDMXN,18.923799514770508
2024-08-05,USDMXN,19.528430938720703
2024-08-06,USDMXN,19.19502067565918
2024-08-07,USDMXN,19.58378028869629
2024-08-08,USDMXN,19.33470916748047
2024-08-09,USDMXN,18.86026954650879
2024-08-12,USDMXN,18.822189331054688
2024-08-13,USDMXN,19.059799194335938
2024-08-14,USDMXN,18.998079299926758
2024-08-15,USDMXN,18.81170082092285
2024-08-16,USDMXN,18.636199951171875
2024-08-19,USDMXN,18.6258602142334
2024-08-20,USDMXN,18.665109634399414
2024-08-21,USDMXN,19.009849548339844
2024-08-22,USDMXN,19.277130126953125
2024-08-23,USDMXN,19.49020004272461
2024-08-26,USDMXN,19.212249755859375
2024-08-27,USDMXN,19.374500274658203
2024-08-28,USDMXN,19.77079963684082
2024-08-29,USDMXN,19.664400100708008
2024-08-30,USDMXN,19.834199905395508
2024-09-02,USDMXN,19.699800491333008
2024-09-03,USDMXN,19.83639907836914
2024-09-04,USDMXN,19.795400619506836
2024-09-05,USDMXN,19.948749542236328
2024-09-06,USDMXN,19.881380081176758
2024-09-09,USDMXN,19.940200805664062
2024-09-10,USDMXN,19.89137077331543
2024-09-11,USDMXN,20.08941078186035
2024-09-12,USDMXN,19.795900344848633
2024-09-13,USDMXN,19.52079963684082
2024-09-16,USDMXN,19.15220069885254
2024-09-17,USDMXN,19.20560073852539
2024-09-18,USDMXN,19.115530014038086
2024-09-19,USDMXN,19.243270874023438
2024-09-20,USDMXN,19.299999237060547
2024-09-23,USDMXN,19.37656021118164
2024-09-24,USDMXN,19.4153995513916
2024-09-25,USDMXN,19.30820083618164
2024-09-26,USDMXN,19.636600494384766
2024-09-27,USDMXN,19.61591911315918
2024-09-30,USDMXN,19.63050079345703
2024-10-01,USDMXN,19.66360092163086
2024-10-02,USDMXN,19.626440048217773
2024-10-03,USDMXN,19.408199310302734
2024-10-04,USDMXN,19.335500717163086
2024-10-07,USDMXN,19.27667999267578
2024-10-08,USDMXN,19.289670944213867
2024-10-09,USDMXN,19.345399856567383
2024-10-10,USDMXN,19.467449188232422
2024-10-11,USDMXN,19.438400268554688
2024-10-14,USDMXN,19.29953956604004
2024-10-15,USDMXN,19.425949096679688
2024-10-16,USDMXN,19.695100784301758
2024-10-17,USDMXN,19.898700714111328
2024-10-18,USDMXN,19.816810607910156
2024-10-21,USDMXN,19.868560791015625
2024-10-22,USDMXN,19.960800170898438
2024-10-23,USDMXN,19.936199188232422
2024-10-24,USDMXN,19.832460403442383
2024-10-25,USDMXN,19.814199447631836
2024-10-28,USDMXN,19.946569442749023
2024-10-29,USDMXN,20.02873992919922
2024-10-30,USDMXN,20.05377960205078
2024-10-31,USDMXN,20.1639404296875
2024-11-01,USDMXN,20.050689697265625
2024-11-04,USDMXN,20.081819534301758
2024-11-05,USDMXN,20.093900680541992
2024-11-06,USDMXN,20.13159942626953
2024-11-07,USDMXN,20.167009353637695
2024-11-08,USDMXN,19.793569564819336
2024-11-11,USDMXN,20.13759994506836
2024-11-12,USDMXN,20.339500427246094
2024-11-13,USDMXN,20.582700729370117
2024-11-14,USDMXN,20.518400192260742
2024-11-15,USDMXN,20.438600540161133
2024-11-18,USDMXN,20.356170654296875
2024-11-19,USDMXN,20.213289260864258
2024-11-20,USDMXN,20.10972023010254
2024-11-21,USDMXN,20.274620056152344
2024-11-22,USDMXN,20.414119720458984
2024-11-25,USDMXN,20.350839614868164
2024-11-26,USDMXN,20.580469131469727
2024-11-27,USDMXN,20.65250015258789
2024-11-28,USDMXN,20.598169326782227
2024-11-29,USDMXN,20.436199188232422
2024-12-02,USDMXN,20.378610610961914
2024-12-03,USDMXN,20.40690040588379
2024-12-04,USDMXN,20.30389976501465
2024-12-05,USDMXN,20.308639526367188
2024-12-06,USDMXN,20.19179916381836
2024-12-09,USDMXN,20.170900344848633
2024-12-10,USDMXN,20.245899200439453
2024-12-11,USDMXN,20.1607608795166
2024-12-12,USDMXN,20.114200592041016
2024-12-13,USDMXN,20.191099166870117
2024-12-16,USDMXN,20.105419158935547
2024-12-17,USDMXN,20.133819580078125
2024-12-18,USDMXN,20.173749923706055
2024-12-19,USDMXN,20.37470054626465
2024-12-20,USDMXN,20.333999633789062
2024-12-23,USDMXN,20.063430786132812
2024-12-24,USDMXN,20.169300079345703
2024-12-25,USDMXN,20.153799057006836
2024-12-26,USDMXN,20.156639099121094
2024-12-27,USDMXN,20.20479965209961
2024-12-30,USDMXN,20.313169479370117
2024-12-31,USDMXN,20.632200241088867
2025-01-02,USDMXN,20.83024024963379
2025-01-03,USDMXN,20.592899322509766
2025-01-06,USDMXN,20.620149612426758
2025-01-07,USDMXN,20.32080078125
2025-01-08,USDMXN,20.32733917236328
2025-01-09,USDMXN,20.410959243774414
2025-01-10,USDMXN,20.506359100341797
2025-01-13,USDMXN,20.70178985595703
2025-01-14,USDMXN,20.61046028137207
2025-01-15,USDMXN,20.503999710083008
2025-01-16,USDMXN,20.455310821533203
2025-01-17,USDMXN,20.83272933959961
2025-01-20,USDMXN,20.791290283203125
2025-01-21,USDMXN,20.49724006652832
2025-01-22,USDMXN,20.66119956970215
2025-01-23,USDMXN,20.48710060119629
2025-01-24,USDMXN,20.37883949279785
2025-01-27,USDMXN,20.436969757080078
2025-01-28,USDMXN,20.7283992767334
2025-01-29,USDMXN,20.540000915527344
2025-01-30,USDMXN,20.501800537109375
2025-01-31,USDMXN,20.674470901489258
2025-02-03,USDMXN,21.16939926147461
2025-02-04,USDMXN,20.385129928588867
2025-02-05,USDMXN,20.512420654296875
2025-02-06,USDMXN,20.573720932006836
2025-02-07,USDMXN,20.44339942932129
2025-02-10,USDMXN,20.600309371948242
2025-02-11,USDMXN,20.624610900878906
2025-02-12,USDMXN,20.546720504760742
2025-02-13,USDMXN,20.543489456176758
2025-02-14,USDMXN,20.415189743041992
2025-02-17,USDMXN,20.312389373779297
2025-02-18,USDMXN,20.272600173950195
2025-02-19,USDMXN,20.23780059814453
2025-02-20,USDMXN,20.45240020751953
2025-02-21,USDMXN,20.29400062561035
2025-02-24,USDMXN,20.382829666137695
2025-02-25,USDMXN,20.48111915588379
2025-02-26,USDMXN,20.457509994506836
2025-02-27,USDMXN,20.394800186157227
2025-02-28,USDMXN,20.457599639892578
2025-03-03,USDMXN,20.514450073242188
2025-03-04,USDMXN,20.72570037841797
2025-03-05,USDMXN,20.530500411987305
2025-03-06,USDMXN,20.402780532836914
2025-03-07,USDMXN,20.27794075012207
2025-03-10,USDMXN,20.26021957397461
2025-03-11,USDMXN,20.35137939453125
2025-03-12,USDMXN,20.270299911499023
2025-03-13,USDMXN,20.17443084716797
2025-03-14,USDMXN,20.082849502563477
2025-03-17,USDMXN,19.92527961730957
2025-03-18,USDMXN,19.95507049560547
2025-03-19,USDMXN,19.904159545898438
2025-03-20,USDMXN,20.0231990814209
2025-03-21,USDMXN,20.127500534057617
2025-03-24,USDMXN,20.21017074584961
2025-03-25,USDMXN,20.037870407104492
2025-03-26,USDMXN,20.031999588012695
2025-03-27,USDMXN,20.257049560546875
2025-03-28,USDMXN,20.281999588012695
2025-03-31,USDMXN,20.380090713500977
2025-04-01,USDMXN,20.474029541015625
2025-04-02,USDMXN,20.328340530395508
2025-04-03,USDMXN,20.25830078125
2025-04-04,USDMXN,19.93221092224121
2025-04-07,USDMXN,20.621700286865234
2025-04-08,USDMXN,20.696550369262695
2025-04-09,USDMXN,20.836240768432617
2025-04-10,USDMXN,20.33354949951172
2025-04-11,USDMXN,20.594459533691406
2025-04-14,USDMXN,20.276779174804688
2025-04-15,USDMXN,20.07990074157715
2025-04-16,USDMXN,20.125429153442383
2025-04-17,USDMXN,19.915300369262695
2025-04-22,USDMXN,19.70330047607422
2025-04-23,USDMXN,19.615190505981445
2025-04-24,USDMXN,19.624399185180664
2025-04-25,USDMXN,19.600000381469727
2025-04-28,USDMXN,19.535160064697266
2025-04-29,USDMXN,19.57309913635254
2025-04-30,USDMXN,19.540199279785156
2025-05-01,USDMXN,19.589000701904297
2025-05-02,USDMXN,19.600889205932617
2025-05-05,USDMXN,19.610090255737305
2025-05-06,USDMXN,19.673200607299805
2025-05-07,USDMXN,19.644620895385742
2025-05-08,USDMXN,19.60308074951172
2025-05-09,USDMXN,19.518699645996094
2025-05-12,USDMXN,19.441640853881836
2025-05-13,USDMXN,19.60740089416504
2025-05-14,USDMXN,19.39310073852539
2025-05-15,USDMXN,19.383060455322266
2025-05-16,USDMXN,19.471399307250977
2025-05-19,USDMXN,19.451169967651367
2025-05-20,USDMXN,19.284900665283203
2025-05-21,USDMXN,19.269319534301758
2025-05-22,USDMXN,19.36680030822754
2025-05-23,USDMXN,19.32110023498535
2025-05-26,USDMXN,19.20479965209961
2025-05-27,USDMXN,19.245559692382812
2025-05-28,USDMXN,19.252700805664062
2025-05-29,USDMXN,19.385150909423828
2025-05-30,USDMXN,19.300100326538086
2025-06-02,USDMXN,19.422500610351562
2025-06-03,USDMXN,19.19219970703125
2025-06-04,USDMXN,19.224300384521484
2025-06-05,USDMXN,19.199350357055664
2025-06-06,USDMXN,19.151159286499023
2025-06-09,USDMXN,19.09762954711914
2025-06-10,USDMXN,19.037799835205078
2025-06-11,USDMXN,19.058759689331055
2025-06-12,USDMXN,18.897050857543945
2025-06-13,USDMXN,18.883209228515625
2025-06-16,USDMXN,18.947799682617188
2025-06-17,USDMXN,18.923349380493164
2025-06-18,USDMXN,19.019420623779297
2025-06-19,USDMXN,19.00749969482422
2025-06-20,USDMXN,19.02050018310547
2025-06-23,USDMXN,19.210100173950195
2025-06-24,USDMXN,19.071199417114258
2025-06-25,USDMXN,18.99176025390625
2025-06-26,USDMXN,18.89859962463379
2025-06-27,USDMXN,18.87881088256836
2025-06-30,USDMXN,18.7992000579834
2025-07-01,USDMXN,18.738000869750977
2025-07-02,USDMXN,18.737899780273438
2025-07-03,USDMXN,18.763700485229492
2025-07-04,USDMXN,18.645910263061523
2025-07-07,USDMXN,18.60633087158203
2025-07-08,USDMXN,18.643329620361328
2025-07-09,USDMXN,18.612340927124023
2025-07-10,USDMXN,18.623769760131836
2025-07-11,USDMXN,18.601259231567383
2025-07-14,USDMXN,18.65760040283203
2025-07-15,USDMXN,18.748369216918945
2025-07-16,USDMXN,18.80171012878418
2025-07-17,USDMXN,18.718759536743164
2025-07-18,USDMXN,18.752620697021484
2025-07-21,USDMXN,18.705299377441406
2025-07-22,USDMXN,18.656099319458008
2025-07-23,USDMXN,18.643930435180664
2025-07-24,USDMXN,18.53668975830078
2025-07-25,USDMXN,18.538549423217773
2025-07-28,USDMXN,18.50309944152832
2025-07-29,USDMXN,18.746999740600586
2025-07-30,USDMXN,18.747159957885742
2025-07-31,USDMXN,18.842899322509766
2025-08-01,USDMXN,18.86471939086914
2025-08-04,USDMXN,18.868009567260742
2025-08-05,USDMXN,18.871400833129883
2025-08-06,USDMXN,18.733230590820312
2025-08-07,USDMXN,18.60154914855957
2025-08-08,USDMXN,18.60795021057129
2025-08-11,USDMXN,18.582210540771484
2025-08-12,USDMXN,18.656200408935547
2025-08-13,USDMXN,18.572799682617188
2025-08-14,USDMXN,18.619300842285156
2025-08-15,USDMXN,18.801259994506836
2025-08-18,USDMXN,18.72348976135254
2025-08-19,USDMXN,18.765499114990234
2025-08-20,USDMXN,18.818700790405273
2025-08-21,USDMXN,18.768699645996094
2025-08-22,USDMXN,18.736299514770508
2025-08-25,USDMXN,18.59326934814453
2025-08-26,USDMXN,18.683229446411133
2025-08-27,USDMXN,18.6585693359375
2025-08-28,USDMXN,18.651199340820312
2025-08-29,USDMXN,18.650239944458008
2025-09-01,USDMXN,18.65846061706543
2025-09-02,USDMXN,18.648099899291992
2025-09-03,USDMXN,18.728700637817383
2025-09-04,USDMXN,18.706600189208984
2025-09-05,USDMXN,18.725799560546875
2025-09-08,USDMXN,18.726360321044922
2025-09-09,USDMXN,18.652870178222656
2025-09-10,USDMXN,18.62350082397461
2025-09-11,USDMXN,18.580799102783203
2025-09-12,USDMXN,18.45400047302246
2025-09-15,USDMXN,18.446989059448242
2025-09-16,USDMXN,18.361520767211914
2025-09-17,USDMXN,18.28580093383789
2025-09-18,USDMXN,18.30780029296875
2025-09-19,USDMXN,18.364200592041016
2025-09-22,USDMXN,18.42020034790039
2025-09-23,USDMXN,18.357690811157227
2025-09-24,USDMXN,18.346500396728516
2025-09-25,USDMXN,18.418739318847656
2025-09-26,USDMXN,18.484119415283203
2025-09-29,USDMXN,18.358549118041992
2025-09-30,USDMXN,18.358999252319336
2025-10-01,USDMXN,18.31382942199707
2025-10-02,USDMXN,18.382360458374023
2025-10-03,USDMXN,18.41200065612793
2025-10-06,USDMXN,18.433330535888672
2025-10-07,USDMXN,18.337589263916016
2025-10-08,USDMXN,18.388530731201172
2025-10-09,USDMXN,18.334150314331055
2025-10-10,USDMXN,18.38343048095703
2025-10-13,USDMXN,18.522390365600586
2025-10-14,USDMXN,18.45829963684082
2025-10-15,USDMXN,18.504369735717773
2025-10-16,USDMXN,18.45509910583496
2025-10-17,USDMXN,18.430299758911133
2025-10-20,USDMXN,18.364700317382812
2025-10-21,USDMXN,18.399370193481445
2025-10-22,USDMXN,18.434099197387695
2025-10-23,USDMXN,18.43950080871582
2025-10-24,USDMXN,18.393600463867188
2025-10-27,USDMXN,18.418739318847656
2025-10-28,USDMXN,18.38932991027832
2025-10-29,USDMXN,18.425260543823242
2025-10-30,USDMXN,18.465700149536133
2025-10-31,USDMXN,18.525400161743164
2025-11-03,USDMXN,18.554079055786133
2025-11-04,USDMXN,18.491670608520508
2025-11-05,USDMXN,18.675500869750977
2025-11-06,USDMXN,18.590700149536133
2025-11-07,USDMXN,18.556299209594727
2025-11-10,USDMXN,18.443740844726562
2025-11-11,USDMXN,18.378599166870117
2025-11-12,USDMXN,18.316650390625
2025-11-13,USDMXN,18.287799835205078
2025-11-14,USDMXN,18.315000534057617
2025-11-17,USDMXN,18.30643081665039
2025-11-18,USDMXN,18.43269920349121
2025-11-19,USDMXN,18.34040069580078
2025-11-20,USDMXN,18.31679916381836
2025-11-21,USDMXN,18.36590003967285
2025-11-24,USDMXN,18.473880767822266
2025-11-25,USDMXN,18.493600845336914
2025-11-26,USDMXN,18.385700225830078
2025-11-27,USDMXN,18.338970184326172
2025-11-28,USDMXN,18.329599380493164
2025-12-01,USDMXN,18.284500122070312
2025-12-02,USDMXN,18.30590057373047
2025-12-03,USDMXN,18.27526092529297
2025-12-04,USDMXN,18.27519989013672
2025-12-05,USDMXN,18.218599319458008
2025-12-08,USDMXN,18.171600341796875
2025-12-09,USDMXN,18.26059913635254
2025-12-10,USDMXN,18.1825008392334
2025-12-11,USDMXN,18.157400131225586
2025-12-12,USDMXN,18.031539916992188
2025-12-15,USDMXN,18.00322914123535
2025-12-16,USDMXN,17.981300354003906
2025-12-17,USDMXN,17.956100463867188
2025-12-18,USDMXN,18.011760711669922
2025-12-19,USDMXN,17.99342918395996
2025-12-22,USDMXN,18.015600204467773
2025-12-23,USDMXN,17.964099884033203
2025-12-24,USDMXN,17.90428924560547
2025-12-26,USDMXN,17.932069778442383
2025-12-29,USDMXN,17.896459579467773
2025-12-30,USDMXN,17.97216033935547
2025-12-31,USDMXN,17.97879981994629
2026-01-02,USDMXN,17.98465919494629
2026-01-05,USDMXN,17.91115951538086
2026-01-06,USDMXN,17.915700912475586
2026-01-07,USDMXN,17.983400344848633
2026-01-08,USDMXN,17.978200912475586
2026-01-09,USDMXN,17.962299346923828
2026-01-12,USDMXN,17.974109649658203
2026-01-13,USDMXN,17.909099578857422
2026-01-14,USDMXN,17.82360076904297
2026-01-15,USDMXN,17.785499572753906
2026-01-16,USDMXN,17.65329933166504
2026-01-19,USDMXN,17.63265037536621
2026-01-20,USDMXN,17.57710075378418
2026-01-21,USDMXN,17.591999053955078
2026-01-22,USDMXN,17.482500076293945
2026-01-23,USDMXN,17.46809959411621
2026-01-26,USDMXN,17.370479583740234
2026-01-27,USDMXN,17.35540008544922
2026-01-28,USDMXN,17.162500381469727
2026-01-29,USDMXN,17.149900436401367
2026-01-30,USDMXN,17.22517967224121
2026-02-02,USDMXN,17.466890335083008
2026-02-03,USDMXN,17.37529945373535
2026-02-04,USDMXN,17.238399505615234
2026-02-05,USDMXN,17.32438087463379
2026-02-06,USDMXN,17.503599166870117
2026-02-09,USDMXN,17.251699447631836
2026-02-10,USDMXN,17.208799362182617
2026-02-11,USDMXN,17.183900833129883
2026-02-12,USDMXN,17.19301986694336
2026-02-13,USDMXN,17.207000732421875
2026-02-16,USDMXN,17.161109924316406
2026-02-17,USDMXN,17.166149139404297
2026-02-18,USDMXN,17.11840057373047
2026-02-19,USDMXN,17.20854949951172
2026-02-20,USDMXN,17.256729125976562
2026-02-23,USDMXN,17.09827995300293
2026-02-24,USDMXN,17.259559631347656
2026-02-25,USDMXN,17.17889976501465
2026-02-26,USDMXN,17.157529830932617
2026-02-27,USDMXN,17.202899932861328
2026-03-02,USDMXN,17.316999435424805
2026-03-03,USDMXN,17.30327033996582
2026-03-04,USDMXN,17.670869827270508
2026-03-05,USDMXN,17.593059539794922
2026-03-06,USDMXN,17.702600479125977
2026-03-09,USDMXN,17.992300033569336
2026-03-10,USDMXN,17.673099517822266
2026-03-11,USDMXN,17.589780807495117
2026-03-12,USDMXN,17.744600296020508
2026-03-13,USDMXN,17.834299087524414
2026-03-16,USDMXN,17.886369705200195
2026-03-17,USDMXN,17.6835994720459
2026-03-18,USDMXN,17.65298080444336
2026-03-19,USDMXN,17.842899322509766
2026-03-20,USDMXN,17.738100051879883
2026-03-23,USDMXN,17.938600540161133
2026-03-24,USDMXN,17.783649444580078
2026-03-25,USDMXN,17.72909927368164
2026-03-26,USDMXN,17.777240753173828
2026-03-27,USDMXN,17.91390037536621
2026-03-30,USDMXN,18.143220901489258
2026-03-31,USDMXN,18.13960075378418
2026-04-01,USDMXN,17.884580612182617
2026-04-02,USDMXN,17.823200225830078
2026-04-03,USDMXN,17.84712028503418
2026-04-06,USDMXN,17.880399703979492
2026-04-07,USDMXN,17.76650047302246
2026-04-08,USDMXN,17.51409912109375
2026-04-09,USDMXN,17.446399688720703
2026-04-10,USDMXN,17.371200561523438
2026-04-13,USDMXN,17.430500030517578
2026-04-14,USDMXN,17.277999877929688
2026-04-15,USDMXN,17.253999710083008
2026-04-16,USDMXN,17.243600845336914
2026-04-17,USDMXN,17.249399185180664
2026-04-20,USDMXN,17.372299194335938
2026-04-21,USDMXN,17.309799194335938
2026-04-22,USDMXN,17.32029914855957
2026-04-23,USDMXN,17.340700149536133
2026-04-24,USDMXN,17.41469955444336
2026-04-27,USDMXN,17.41345977783203
2026-04-28,USDMXN,17.37700080871582
2026-04-29,USDMXN,17.384599685668945
2026-04-30,USDMXN,17.52589988708496
2026-05-01,USDMXN,17.45989990234375
2026-05-04,USDMXN,17.44659996032715
2026-05-05,USDMXN,17.519899368286133
2026-05-06,USDMXN,17.33769989013672
2026-05-07,USDMXN,17.253999710083008
2026-05-08,USDMXN,17.27750015258789
2026-05-11,USDMXN,17.214599609375
2026-05-12,USDMXN,17.191600799560547
2026-05-13,USDMXN,17.228500366210938
2026-05-14,USDMXN,17.167400360107422
2026-05-15,USDMXN,17.230430603027344
2026-05-18,USDMXN,17.341899871826172
2026-05-19,USDMXN,17.27264976501465
2026-05-20,USDMXN,17.402799606323242
2026-05-21,USDMXN,17.304800033569336
2026-05-22,USDMXN,17.297700881958008
2026-05-25,USDMXN,17.25950050354004
2026-05-26,USDMXN,17.29170036315918
2026-05-27,USDMXN,17.296100616455078
2026-05-28,USDMXN,17.384199142456055
2026-05-29,USDMXN,17.308300018310547
2026-06-01,USDMXN,17.342500686645508
2026-06-02,USDMXN,17.352949142456055
2026-06-03,USDMXN,17.298250198364258
2026-06-04,USDMXN,17.3262996673584
2026-06-05,USDMXN,17.277700424194336
2026-06-08,USDMXN,17.46269989013672
2026-06-09,USDMXN,17.46769905090332
2026-06-10,USDMXN,17.45401954650879
2026-06-11,USDMXN,17.421100616455078
2026-06-12,USDMXN,17.246610641479492
2026-06-15,USDMXN,17.16629981994629
2026-06-16,USDMXN,17.21269989013672
2026-06-17,USDMXN,17.206510543823242
2026-06-18,USDMXN,17.297700881958008
2026-06-19,USDMXN,17.354740142822266
2026-06-22,USDMXN,17.347200393676758
2026-06-23,USDMXN,17.36389923095703
2026-06-24,USDMXN,17.553600311279297
2026-06-25,USDMXN,17.62070083618164
2026-06-26,USDMXN,17.509899139404297
2026-06-28,USDMXN,17.499000549316406
2026-06-29,USDMXN,17.504899978637695
2026-06-30,USDMXN,17.472000122070312
2026-07-01,USDMXN,17.541500091552734
2016-06-27,USDTHB,35.310001373291016
2016-06-28,USDTHB,35.29800033569336
2016-06-29,USDTHB,35.20399856567383
2016-06-30,USDTHB,35.112998962402344
2016-07-01,USDTHB,35.12099838256836
2016-07-04,USDTHB,34.32500076293945
2016-07-05,USDTHB,35.02199935913086
2016-07-06,USDTHB,35.145999908447266
2016-07-07,USDTHB,35.16899871826172
2016-07-08,USDTHB,35.176998138427734
2016-07-11,USDTHB,35.176998138427734
2016-07-12,USDTHB,35.14699935913086
2016-07-13,USDTHB,35.16699981689453
2016-07-14,USDTHB,35.15700149536133
2016-07-15,USDTHB,35.01300048828125
2016-07-18,USDTHB,34.854000091552734
2016-07-19,USDTHB,34.93000030517578
2016-07-20,USDTHB,35.005001068115234
2016-07-21,USDTHB,35.025001525878906
2016-07-22,USDTHB,34.92499923706055
2016-07-25,USDTHB,34.95399856567383
2016-07-26,USDTHB,34.99599838256836
2016-07-27,USDTHB,34.94900131225586
2016-07-28,USDTHB,34.875
2016-07-29,USDTHB,34.808998107910156
2016-08-01,USDTHB,34.779998779296875
2016-08-02,USDTHB,34.722999572753906
2016-08-03,USDTHB,34.73899841308594
2016-08-04,USDTHB,34.97800064086914
2016-08-05,USDTHB,34.867000579833984
2016-08-08,USDTHB,35.00400161743164
2016-08-09,USDTHB,34.935001373291016
2016-08-10,USDTHB,34.83100128173828
2016-08-11,USDTHB,34.731998443603516
2016-08-12,USDTHB,34.691001892089844
2016-08-15,USDTHB,34.77000045776367
2016-08-16,USDTHB,34.59000015258789
2016-08-17,USDTHB,34.619998931884766
2016-08-18,USDTHB,34.625
2016-08-19,USDTHB,34.540000915527344
2016-08-22,USDTHB,34.66999816894531
2016-08-23,USDTHB,34.619998931884766
2016-08-24,USDTHB,34.625
2016-08-25,USDTHB,34.630001068115234
2016-08-26,USDTHB,34.540000915527344
2016-08-29,USDTHB,34.7599983215332
2016-08-30,USDTHB,34.553001403808594
2016-08-31,USDTHB,34.59000015258789
2016-09-01,USDTHB,34.619998931884766
2016-09-02,USDTHB,34.59000015258789
2016-09-05,USDTHB,34.590999603271484
2016-09-06,USDTHB,34.70800018310547
2016-09-07,USDTHB,34.571998596191406
2016-09-08,USDTHB,34.60499954223633
2016-09-09,USDTHB,34.736000061035156
2016-09-12,USDTHB,34.77000045776367
2016-09-13,USDTHB,34.858001708984375
2016-09-14,USDTHB,34.91699981689453
2016-09-15,USDTHB,34.84199905395508
2016-09-16,USDTHB,34.83100128173828
2016-09-19,USDTHB,34.90999984741211
2016-09-20,USDTHB,34.782501220703125
2016-09-21,USDTHB,34.72100067138672
2016-09-22,USDTHB,34.63800048828125
2016-09-23,USDTHB,34.61000061035156
2016-09-26,USDTHB,33.90999984741211
2016-09-27,USDTHB,34.59000015258789
2016-09-28,USDTHB,34.58300018310547
2016-09-29,USDTHB,34.54999923706055
2016-09-30,USDTHB,34.643001556396484
2016-10-03,USDTHB,34.577999114990234
2016-10-04,USDTHB,34.6150016784668
2016-10-05,USDTHB,34.77000045776367
2016-10-06,USDTHB,34.79199981689453
2016-10-07,USDTHB,34.83100128173828
2016-10-10,USDTHB,34.91600036621094
2016-10-11,USDTHB,35.13199996948242
2016-10-12,USDTHB,35.439998626708984
2016-10-13,USDTHB,35.68000030517578
2016-10-14,USDTHB,35.36000061035156
2016-10-17,USDTHB,34.68299865722656
2016-10-18,USDTHB,35.220001220703125
2016-10-19,USDTHB,34.987998962402344
2016-10-20,USDTHB,34.849998474121094
2016-10-21,USDTHB,35.0
2016-10-24,USDTHB,35.10100173950195
2016-10-25,USDTHB,35.03799819946289
2016-10-26,USDTHB,34.84700012207031
2016-10-27,USDTHB,34.983001708984375
2016-10-28,USDTHB,35.130001068115234
2016-10-31,USDTHB,35.02000045776367
2016-11-01,USDTHB,35.0099983215332
2016-11-02,USDTHB,35.0099983215332
2016-11-03,USDTHB,34.939998626708984
2016-11-04,USDTHB,34.970001220703125
2016-11-07,USDTHB,35.125999450683594
2016-11-08,USDTHB,34.97999954223633
2016-11-09,USDTHB,34.90999984741211
2016-11-10,USDTHB,35.04999923706055
2016-11-11,USDTHB,35.27000045776367
2016-11-14,USDTHB,34.76300048828125
2016-11-15,USDTHB,35.4379997253418
2016-11-16,USDTHB,35.439998626708984
2016-11-17,USDTHB,35.4379997253418
2016-11-18,USDTHB,35.51100158691406
2016-11-21,USDTHB,35.58000183105469
2016-11-22,USDTHB,35.529998779296875
2016-11-23,USDTHB,35.4630012512207
2016-11-24,USDTHB,35.689998626708984
2016-11-25,USDTHB,35.617000579833984
2016-11-28,USDTHB,34.80699920654297
2016-11-29,USDTHB,35.52000045776367
2016-11-30,USDTHB,35.650001525878906
2016-12-01,USDTHB,35.685001373291016
2016-12-02,USDTHB,35.6609992980957
2016-12-05,USDTHB,35.900001525878906
2016-12-06,USDTHB,35.57500076293945
2016-12-07,USDTHB,35.61000061035156
2016-12-08,USDTHB,35.59000015258789
2016-12-09,USDTHB,35.61000061035156
2016-12-12,USDTHB,35.709999084472656
2016-12-13,USDTHB,35.560001373291016
2016-12-14,USDTHB,35.56999969482422
2016-12-15,USDTHB,35.59700012207031
2016-12-16,USDTHB,35.7599983215332
2016-12-19,USDTHB,35.04499816894531
2016-12-20,USDTHB,35.86000061035156
2016-12-21,USDTHB,35.970001220703125
2016-12-22,USDTHB,35.94499969482422
2016-12-23,USDTHB,35.98099899291992
2016-12-26,USDTHB,35.959999084472656
2016-12-27,USDTHB,35.959999084472656
2016-12-28,USDTHB,35.97700119018555
2016-12-29,USDTHB,35.9900016784668
2016-12-30,USDTHB,35.87799835205078
2017-01-02,USDTHB,35.76499938964844
2017-01-03,USDTHB,35.79899978637695
2017-01-04,USDTHB,35.88999938964844
2017-01-05,USDTHB,35.7869987487793
2017-01-06,USDTHB,35.65599822998047
2017-01-09,USDTHB,35.70199966430664
2017-01-10,USDTHB,35.606998443603516
2017-01-11,USDTHB,35.53300094604492
2017-01-12,USDTHB,35.40999984741211
2017-01-13,USDTHB,35.36000061035156
2017-01-16,USDTHB,35.41999816894531
2017-01-17,USDTHB,35.41999816894531
2017-01-18,USDTHB,35.27000045776367
2017-01-19,USDTHB,35.41999816894531
2017-01-20,USDTHB,35.40999984741211
2017-01-23,USDTHB,35.33000183105469
2017-01-24,USDTHB,35.25
2017-01-25,USDTHB,35.2400016784668
2017-01-26,USDTHB,35.189998626708984
2017-01-27,USDTHB,35.29999923706055
2017-01-30,USDTHB,35.237998962402344
2017-01-31,USDTHB,35.189998626708984
2017-02-01,USDTHB,35.099998474121094
2017-02-02,USDTHB,35.11000061035156
2017-02-03,USDTHB,35.06999969482422
2017-02-06,USDTHB,35.00600051879883
2017-02-07,USDTHB,34.99700164794922
2017-02-08,USDTHB,35.02000045776367
2017-02-09,USDTHB,35.02000045776367
2017-02-10,USDTHB,35.060001373291016
2017-02-13,USDTHB,35.06999969482422
2017-02-14,USDTHB,35.060001373291016
2017-02-15,USDTHB,34.999000549316406
2017-02-16,USDTHB,34.9900016784668
2017-02-17,USDTHB,34.98699951171875
2017-02-20,USDTHB,34.9900016784668
2017-02-21,USDTHB,35.013999938964844
2017-02-22,USDTHB,35.012001037597656
2017-02-23,USDTHB,35.0
2017-02-24,USDTHB,34.94200134277344
2017-02-27,USDTHB,34.84199905395508
2017-02-28,USDTHB,34.84000015258789
2017-03-01,USDTHB,34.93000030517578
2017-03-02,USDTHB,35.0099983215332
2017-03-03,USDTHB,35.04600143432617
2017-03-06,USDTHB,35.0099983215332
2017-03-07,USDTHB,35.040000915527344
2017-03-08,USDTHB,35.099998474121094
2017-03-09,USDTHB,35.27000045776367
2017-03-10,USDTHB,35.38999938964844
2017-03-13,USDTHB,35.31999969482422
2017-03-14,USDTHB,35.33000183105469
2017-03-15,USDTHB,35.26599884033203
2017-03-16,USDTHB,35.020999908447266
2017-03-17,USDTHB,34.90999984741211
2017-03-20,USDTHB,34.79899978637695
2017-03-21,USDTHB,34.63399887084961
2017-03-22,USDTHB,34.75
2017-03-23,USDTHB,34.57600021362305
2017-03-24,USDTHB,34.582000732421875
2017-03-27,USDTHB,34.50299835205078
2017-03-28,USDTHB,34.3849983215332
2017-03-29,USDTHB,34.45800018310547
2017-03-30,USDTHB,34.40299987792969
2017-03-31,USDTHB,34.479000091552734
2017-04-03,USDTHB,34.34600067138672
2017-04-04,USDTHB,34.36000061035156
2017-04-05,USDTHB,34.439998626708984
2017-04-06,USDTHB,34.54999923706055
2017-04-07,USDTHB,34.58100128173828
2017-04-10,USDTHB,34.62699890136719
2017-04-11,USDTHB,34.61000061035156
2017-04-12,USDTHB,34.529998779296875
2017-04-13,USDTHB,34.38600158691406
2017-04-14,USDTHB,34.31999969482422
2017-04-17,USDTHB,34.33300018310547
2017-04-18,USDTHB,34.27299880981445
2017-04-19,USDTHB,34.33000183105469
2017-04-20,USDTHB,34.37699890136719
2017-04-21,USDTHB,34.40999984741211
2017-04-24,USDTHB,34.316001892089844
2017-04-25,USDTHB,34.314998626708984
2017-04-26,USDTHB,34.42100143432617
2017-04-27,USDTHB,34.459999084472656
2017-04-28,USDTHB,34.59000015258789
2017-05-01,USDTHB,34.494998931884766
2017-05-02,USDTHB,34.5890007019043
2017-05-03,USDTHB,34.45000076293945
2017-05-04,USDTHB,34.54999923706055
2017-05-05,USDTHB,34.624000549316406
2017-05-08,USDTHB,34.643001556396484
2017-05-09,USDTHB,34.659000396728516
2017-05-10,USDTHB,34.750999450683594
2017-05-11,USDTHB,34.7599983215332
2017-05-12,USDTHB,34.70600128173828
2017-05-15,USDTHB,34.650001525878906
2017-05-16,USDTHB,34.540000915527344
2017-05-17,USDTHB,34.452999114990234
2017-05-18,USDTHB,34.45800018310547
2017-05-19,USDTHB,34.52000045776367
2017-05-22,USDTHB,34.31100082397461
2017-05-23,USDTHB,34.292999267578125
2017-05-24,USDTHB,34.439998626708984
2017-05-25,USDTHB,34.30099868774414
2017-05-26,USDTHB,34.15800094604492
2017-05-29,USDTHB,34.025001525878906
2017-05-30,USDTHB,34.125999450683594
2017-05-31,USDTHB,34.11399841308594
2017-06-01,USDTHB,34.04100036621094
2017-06-02,USDTHB,34.150001525878906
2017-06-05,USDTHB,34.04800033569336
2017-06-06,USDTHB,34.00600051879883
2017-06-07,USDTHB,33.93899917602539
2017-06-08,USDTHB,34.029998779296875
2017-06-09,USDTHB,34.07400131225586
2017-06-12,USDTHB,34.060001373291016
2017-06-13,USDTHB,34.060001373291016
2017-06-14,USDTHB,33.904998779296875
2017-06-15,USDTHB,33.880001068115234
2017-06-16,USDTHB,33.959999084472656
2017-06-19,USDTHB,33.93000030517578
2017-06-20,USDTHB,34.0
2017-06-21,USDTHB,33.98400115966797
2017-06-22,USDTHB,33.96500015258789
2017-06-23,USDTHB,33.95199966430664
2017-06-26,USDTHB,33.93000030517578
2017-06-27,USDTHB,33.970001220703125
2017-06-28,USDTHB,33.959999084472656
2017-06-29,USDTHB,33.93899917602539
2017-06-30,USDTHB,33.970001220703125
2017-07-03,USDTHB,33.92300033569336
2017-07-04,USDTHB,33.986000061035156
2017-07-05,USDTHB,34.0
2017-07-06,USDTHB,34.01300048828125
2017-07-07,USDTHB,34.060001373291016
2017-07-10,USDTHB,34.104000091552734
2017-07-12,USDTHB,34.040000915527344
2017-07-13,USDTHB,33.9379997253418
2017-07-14,USDTHB,33.93000030517578
2017-07-17,USDTHB,33.7599983215332
2017-07-18,USDTHB,33.630001068115234
2017-07-19,USDTHB,33.55400085449219
2017-07-20,USDTHB,33.582000732421875
2017-07-21,USDTHB,33.54899978637695
2017-07-24,USDTHB,33.41999816894531
2017-07-25,USDTHB,33.40999984741211
2017-07-26,USDTHB,33.459999084472656
2017-07-27,USDTHB,33.369998931884766
2017-07-28,USDTHB,33.310001373291016
2017-07-31,USDTHB,33.32899856567383
2017-08-01,USDTHB,33.279998779296875
2017-08-02,USDTHB,33.27899932861328
2017-08-03,USDTHB,33.28300094604492
2017-08-04,USDTHB,33.2400016784668
2017-08-07,USDTHB,33.25
2017-08-08,USDTHB,33.249000549316406
2017-08-09,USDTHB,33.25899887084961
2017-08-10,USDTHB,33.23899841308594
2017-08-11,USDTHB,33.2400016784668
2017-08-14,USDTHB,33.1619987487793
2017-08-15,USDTHB,33.25899887084961
2017-08-16,USDTHB,33.270999908447266
2017-08-17,USDTHB,33.24100112915039
2017-08-18,USDTHB,33.25899887084961
2017-08-21,USDTHB,33.202999114990234
2017-08-22,USDTHB,33.2400016784668
2017-08-23,USDTHB,33.236000061035156
2017-08-24,USDTHB,33.34000015258789
2017-08-25,USDTHB,33.31999969482422
2017-08-28,USDTHB,33.2400016784668
2017-08-29,USDTHB,33.209999084472656
2017-08-30,USDTHB,33.18899917602539
2017-08-31,USDTHB,33.20899963378906
2017-09-01,USDTHB,33.189998626708984
2017-09-04,USDTHB,33.11000061035156
2017-09-05,USDTHB,33.13999938964844
2017-09-06,USDTHB,33.150001525878906
2017-09-07,USDTHB,33.130001068115234
2017-09-08,USDTHB,33.07600021362305
2017-09-11,USDTHB,33.150001525878906
2017-09-12,USDTHB,33.119998931884766
2017-09-13,USDTHB,33.112998962402344
2017-09-14,USDTHB,33.117000579833984
2017-09-15,USDTHB,33.06999969482422
2017-09-18,USDTHB,33.10599899291992
2017-09-19,USDTHB,33.07500076293945
2017-09-20,USDTHB,33.06399917602539
2017-09-21,USDTHB,33.084999084472656
2017-09-22,USDTHB,33.09000015258789
2017-09-25,USDTHB,33.09000015258789
2017-09-26,USDTHB,33.11000061035156
2017-09-27,USDTHB,33.20000076293945
2017-09-28,USDTHB,33.28200149536133
2017-09-29,USDTHB,33.37900161743164
2017-10-02,USDTHB,33.33000183105469
2017-10-03,USDTHB,33.41600036621094
2017-10-04,USDTHB,33.349998474121094
2017-10-05,USDTHB,33.36000061035156
2017-10-06,USDTHB,33.380001068115234
2017-10-09,USDTHB,33.409000396728516
2017-10-10,USDTHB,33.369998931884766
2017-10-11,USDTHB,33.22700119018555
2017-10-12,USDTHB,33.1619987487793
2017-10-13,USDTHB,33.09400177001953
2017-10-16,USDTHB,33.05500030517578
2017-10-17,USDTHB,33.06999969482422
2017-10-18,USDTHB,33.08300018310547
2017-10-19,USDTHB,33.130001068115234
2017-10-20,USDTHB,33.099998474121094
2017-10-23,USDTHB,33.20000076293945
2017-10-24,USDTHB,33.15999984741211
2017-10-25,USDTHB,33.18000030517578
2017-10-26,USDTHB,33.150001525878906
2017-10-27,USDTHB,33.25
2017-10-30,USDTHB,33.22999954223633
2017-10-31,USDTHB,33.20399856567383
2017-11-01,USDTHB,33.180999755859375
2017-11-02,USDTHB,33.124000549316406
2017-11-03,USDTHB,33.05400085449219
2017-11-06,USDTHB,33.15999984741211
2017-11-07,USDTHB,33.099998474121094
2017-11-08,USDTHB,33.12200164794922
2017-11-09,USDTHB,33.11000061035156
2017-11-10,USDTHB,33.058998107910156
2017-11-13,USDTHB,33.099998474121094
2017-11-14,USDTHB,33.0620002746582
2017-11-15,USDTHB,33.05400085449219
2017-11-17,USDTHB,32.909000396728516
2017-11-20,USDTHB,32.81999969482422
2017-11-21,USDTHB,32.805999755859375
2017-11-22,USDTHB,32.74800109863281
2017-11-23,USDTHB,32.70000076293945
2017-11-24,USDTHB,32.63100051879883
2017-11-27,USDTHB,32.689998626708984
2017-11-28,USDTHB,32.61600112915039
2017-11-29,USDTHB,32.564998626708984
2017-11-30,USDTHB,32.56999969482422
2017-12-01,USDTHB,32.650001525878906
2017-12-04,USDTHB,32.630001068115234
2017-12-05,USDTHB,32.58000183105469
2017-12-06,USDTHB,32.599998474121094
2017-12-07,USDTHB,32.61000061035156
2017-12-08,USDTHB,32.619998931884766
2017-12-11,USDTHB,32.595001220703125
2017-12-12,USDTHB,32.59700012207031
2017-12-13,USDTHB,32.60300064086914
2017-12-14,USDTHB,32.5099983215332
2017-12-15,USDTHB,32.481998443603516
2017-12-18,USDTHB,32.520999908447266
2017-12-19,USDTHB,32.630001068115234
2017-12-20,USDTHB,32.70000076293945
2017-12-21,USDTHB,32.709999084472656
2017-12-22,USDTHB,32.709999084472656
2017-12-25,USDTHB,32.72200012207031
2017-12-26,USDTHB,32.70000076293945
2017-12-27,USDTHB,32.76100158691406
2017-12-28,USDTHB,32.779998779296875
2017-12-29,USDTHB,32.66600036621094
2018-01-01,USDTHB,31.854999542236328
2018-01-02,USDTHB,32.53099822998047
2018-01-03,USDTHB,32.40999984741211
2018-01-04,USDTHB,32.321998596191406
2018-01-05,USDTHB,32.22700119018555
2018-01-08,USDTHB,32.152000427246094
2018-01-09,USDTHB,32.2140007019043
2018-01-10,USDTHB,32.25699996948242
2018-01-11,USDTHB,32.11800003051758
2018-01-12,USDTHB,32.000999450683594
2018-01-15,USDTHB,31.90999984741211
2018-01-16,USDTHB,31.902000427246094
2018-01-17,USDTHB,31.884000778198242
2018-01-18,USDTHB,31.979999542236328
2018-01-19,USDTHB,31.899999618530273
2018-01-22,USDTHB,31.839000701904297
2018-01-23,USDTHB,31.84000015258789
2018-01-24,USDTHB,31.757999420166016
2018-01-25,USDTHB,31.54599952697754
2018-01-26,USDTHB,31.47599983215332
2018-01-29,USDTHB,31.329999923706055
2018-01-30,USDTHB,31.39699935913086
2018-01-31,USDTHB,31.39699935913086
2018-02-01,USDTHB,31.31999969482422
2018-02-02,USDTHB,31.299999237060547
2018-02-05,USDTHB,31.459999084472656
2018-02-06,USDTHB,31.607999801635742
2018-02-07,USDTHB,31.506999969482422
2018-02-08,USDTHB,31.649999618530273
2018-02-09,USDTHB,31.88800048828125
2018-02-12,USDTHB,31.709999084472656
2018-02-13,USDTHB,31.600000381469727
2018-02-14,USDTHB,31.447999954223633
2018-02-15,USDTHB,31.29400062561035
2018-02-16,USDTHB,31.260000228881836
2018-02-19,USDTHB,31.266000747680664
2018-02-20,USDTHB,31.35300064086914
2018-02-21,USDTHB,31.500999450683594
2018-02-22,USDTHB,31.54400062561035
2018-02-23,USDTHB,31.459999084472656
2018-02-26,USDTHB,31.41200065612793
2018-02-27,USDTHB,31.27400016784668
2018-02-28,USDTHB,31.469999313354492
2018-03-01,USDTHB,31.472999572753906
2018-03-02,USDTHB,31.459999084472656
2018-03-05,USDTHB,31.429000854492188
2018-03-06,USDTHB,31.389999389648438
2018-03-07,USDTHB,31.350000381469727
2018-03-08,USDTHB,31.30699920654297
2018-03-09,USDTHB,31.35300064086914
2018-03-12,USDTHB,31.299999237060547
2018-03-13,USDTHB,31.270000457763672
2018-03-14,USDTHB,31.219999313354492
2018-03-15,USDTHB,31.143999099731445
2018-03-16,USDTHB,31.204999923706055
2018-03-19,USDTHB,31.209999084472656
2018-03-20,USDTHB,31.19700050354004
2018-03-21,USDTHB,31.194000244140625
2018-03-22,USDTHB,31.135000228881836
2018-03-23,USDTHB,31.270000457763672
2018-03-26,USDTHB,31.190000534057617
2018-03-27,USDTHB,31.118999481201172
2018-03-28,USDTHB,31.179000854492188
2018-03-29,USDTHB,31.277999877929688
2018-03-30,USDTHB,31.222000122070312
2018-04-02,USDTHB,31.163999557495117
2018-04-03,USDTHB,31.222999572753906
2018-04-04,USDTHB,31.18000030517578
2018-04-05,USDTHB,31.21299934387207
2018-04-06,USDTHB,31.274999618530273
2018-04-09,USDTHB,31.290000915527344
2018-04-10,USDTHB,31.24799919128418
2018-04-11,USDTHB,31.19700050354004
2018-04-12,USDTHB,31.12700080871582
2018-04-13,USDTHB,31.20400047302246
2018-04-16,USDTHB,31.172000885009766
2018-04-17,USDTHB,31.190000534057617
2018-04-18,USDTHB,31.190000534057617
2018-04-19,USDTHB,31.190000534057617
2018-04-20,USDTHB,31.231000900268555
2018-04-23,USDTHB,31.336000442504883
2018-04-24,USDTHB,31.545000076293945
2018-04-25,USDTHB,31.41699981689453
2018-04-26,USDTHB,31.520000457763672
2018-04-27,USDTHB,31.579999923706055
2018-04-30,USDTHB,31.506000518798828
2018-05-01,USDTHB,31.538000106811523
2018-05-02,USDTHB,31.690000534057617
2018-05-03,USDTHB,31.770000457763672
2018-05-04,USDTHB,31.60700035095215
2018-05-07,USDTHB,31.742000579833984
2018-05-08,USDTHB,31.829999923706055
2018-05-09,USDTHB,31.950000762939453
2018-05-10,USDTHB,32.17300033569336
2018-05-11,USDTHB,31.944000244140625
2018-05-14,USDTHB,31.889999389648438
2018-05-15,USDTHB,31.895000457763672
2018-05-16,USDTHB,32.09400177001953
2018-05-17,USDTHB,31.979999542236328
2018-05-18,USDTHB,32.07699966430664
2018-05-21,USDTHB,32.150001525878906
2018-05-22,USDTHB,32.14799880981445
2018-05-23,USDTHB,32.0099983215332
2018-05-24,USDTHB,32.071998596191406
2018-05-25,USDTHB,32.0
2018-05-28,USDTHB,31.891000747680664
2018-05-29,USDTHB,31.979999542236328
2018-05-30,USDTHB,32.099998474121094
2018-05-31,USDTHB,32.029998779296875
2018-06-01,USDTHB,32.06999969482422
2018-06-04,USDTHB,32.01499938964844
2018-06-05,USDTHB,31.989999771118164
2018-06-06,USDTHB,31.923999786376953
2018-06-07,USDTHB,31.889999389648438
2018-06-08,USDTHB,32.013999938964844
2018-06-11,USDTHB,32.04999923706055
2018-06-12,USDTHB,32.02199935913086
2018-06-13,USDTHB,32.099998474121094
2018-06-14,USDTHB,32.11000061035156
2018-06-15,USDTHB,32.209999084472656
2018-06-18,USDTHB,32.689998626708984
2018-06-19,USDTHB,32.66999816894531
2018-06-20,USDTHB,32.720001220703125
2018-06-21,USDTHB,32.81999969482422
2018-06-22,USDTHB,32.875
2018-06-25,USDTHB,32.909000396728516
2018-06-26,USDTHB,32.91999816894531
2018-06-27,USDTHB,32.98500061035156
2018-06-28,USDTHB,33.0099983215332
2018-06-29,USDTHB,33.150001525878906
2018-07-02,USDTHB,33.03200149536133
2018-07-03,USDTHB,33.15999984741211
2018-07-04,USDTHB,33.150001525878906
2018-07-05,USDTHB,33.13999938964844
2018-07-06,USDTHB,33.209999084472656
2018-07-09,USDTHB,33.130001068115234
2018-07-10,USDTHB,33.07400131225586
2018-07-11,USDTHB,33.220001220703125
2018-07-12,USDTHB,33.34000015258789
2018-07-13,USDTHB,33.220001220703125
2018-07-16,USDTHB,33.3129997253418
2018-07-17,USDTHB,33.25600051879883
2018-07-18,USDTHB,33.316001892089844
2018-07-19,USDTHB,33.27799987792969
2018-07-20,USDTHB,33.40800094604492
2018-07-23,USDTHB,33.29999923706055
2018-07-24,USDTHB,33.40299987792969
2018-07-25,USDTHB,33.332000732421875
2018-07-26,USDTHB,33.20000076293945
2018-07-27,USDTHB,33.41400146484375
2018-07-30,USDTHB,33.38999938964844
2018-07-31,USDTHB,33.25899887084961
2018-08-01,USDTHB,33.20000076293945
2018-08-02,USDTHB,33.14899826049805
2018-08-03,USDTHB,33.290000915527344
2018-08-06,USDTHB,33.2400016784668
2018-08-07,USDTHB,33.34000015258789
2018-08-08,USDTHB,33.17900085449219
2018-08-09,USDTHB,33.18000030517578
2018-08-10,USDTHB,33.236000061035156
2018-08-13,USDTHB,33.29999923706055
2018-08-14,USDTHB,33.369998931884766
2018-08-15,USDTHB,33.290000915527344
2018-08-16,USDTHB,33.31999969482422
2018-08-17,USDTHB,33.18000030517578
2018-08-20,USDTHB,33.172000885009766
2018-08-21,USDTHB,32.915000915527344
2018-08-22,USDTHB,32.652000427246094
2018-08-23,USDTHB,32.709999084472656
2018-08-24,USDTHB,32.86000061035156
2018-08-27,USDTHB,32.57400131225586
2018-08-28,USDTHB,32.51100158691406
2018-08-29,USDTHB,32.61000061035156
2018-08-30,USDTHB,32.65999984741211
2018-08-31,USDTHB,32.77000045776367
2018-09-03,USDTHB,32.790000915527344
2018-09-04,USDTHB,32.66999816894531
2018-09-05,USDTHB,32.79999923706055
2018-09-06,USDTHB,32.75699996948242
2018-09-07,USDTHB,32.7859992980957
2018-09-10,USDTHB,32.82600021362305
2018-09-11,USDTHB,32.79999923706055
2018-09-12,USDTHB,32.792999267578125
2018-09-13,USDTHB,32.709999084472656
2018-09-14,USDTHB,32.599998474121094
2018-09-17,USDTHB,32.645999908447266
2018-09-18,USDTHB,32.65999984741211
2018-09-19,USDTHB,32.53900146484375
2018-09-20,USDTHB,32.39099884033203
2018-09-21,USDTHB,32.316001892089844
2018-09-24,USDTHB,32.43000030517578
2018-09-25,USDTHB,32.415000915527344
2018-09-26,USDTHB,32.400001525878906
2018-09-27,USDTHB,32.439998626708984
2018-09-28,USDTHB,32.439998626708984
2018-10-01,USDTHB,32.31100082397461
2018-10-02,USDTHB,32.2599983215332
2018-10-03,USDTHB,32.32600021362305
2018-10-04,USDTHB,32.52199935913086
2018-10-05,USDTHB,32.72999954223633
2018-10-08,USDTHB,32.78799819946289
2018-10-09,USDTHB,32.880001068115234
2018-10-10,USDTHB,32.869998931884766
2018-10-11,USDTHB,32.959999084472656
2018-10-12,USDTHB,32.689998626708984
2018-10-15,USDTHB,32.72999954223633
2018-10-16,USDTHB,32.625
2018-10-17,USDTHB,32.50699996948242
2018-10-18,USDTHB,32.518001556396484
2018-10-19,USDTHB,32.637001037597656
2018-10-22,USDTHB,32.59000015258789
2018-10-23,USDTHB,32.810001373291016
2018-10-24,USDTHB,32.779998779296875
2018-10-25,USDTHB,32.939998626708984
2018-10-26,USDTHB,32.887001037597656
2018-10-29,USDTHB,33.04100036621094
2018-10-30,USDTHB,33.244998931884766
2018-10-31,USDTHB,33.27000045776367
2018-11-01,USDTHB,33.090999603271484
2018-11-02,USDTHB,32.90999984741211
2018-11-05,USDTHB,32.83000183105469
2018-11-06,USDTHB,32.93000030517578
2018-11-07,USDTHB,32.90999984741211
2018-11-08,USDTHB,32.78900146484375
2018-11-09,USDTHB,32.986000061035156
2018-11-12,USDTHB,33.08000183105469
2018-11-13,USDTHB,33.152000427246094
2018-11-14,USDTHB,32.93000030517578
2018-11-15,USDTHB,32.915000915527344
2018-11-16,USDTHB,32.939998626708984
2018-11-19,USDTHB,32.83399963378906
2018-11-20,USDTHB,32.882999420166016
2018-11-21,USDTHB,32.96200180053711
2018-11-22,USDTHB,32.900001525878906
2018-11-23,USDTHB,32.95000076293945
2018-11-26,USDTHB,33.055999755859375
2018-11-27,USDTHB,33.007999420166016
2018-11-28,USDTHB,33.040000915527344
2018-11-29,USDTHB,32.93000030517578
2018-11-30,USDTHB,32.90999984741211
2018-12-03,USDTHB,32.84000015258789
2018-12-04,USDTHB,32.73699951171875
2018-12-05,USDTHB,32.77000045776367
2018-12-06,USDTHB,32.7400016784668
2018-12-07,USDTHB,32.8120002746582
2018-12-10,USDTHB,32.84000015258789
2018-12-11,USDTHB,32.86399841308594
2018-12-12,USDTHB,32.7869987487793
2018-12-13,USDTHB,32.72999954223633
2018-12-14,USDTHB,32.7400016784668
2018-12-17,USDTHB,32.814998626708984
2018-12-18,USDTHB,32.76300048828125
2018-12-19,USDTHB,32.7239990234375
2018-12-20,USDTHB,32.736000061035156
2018-12-21,USDTHB,32.62799835205078
2018-12-24,USDTHB,32.630001068115234
2018-12-25,USDTHB,32.470001220703125
2018-12-26,USDTHB,32.5359992980957
2018-12-27,USDTHB,32.68000030517578
2018-12-28,USDTHB,32.52399826049805
2018-12-31,USDTHB,32.52399826049805
2019-01-01,USDTHB,32.21200180053711
2019-01-02,USDTHB,32.33300018310547
2019-01-03,USDTHB,32.27000045776367
2019-01-04,USDTHB,32.17599868774414
2019-01-07,USDTHB,31.93000030517578
2019-01-08,USDTHB,31.927000045776367
2019-01-09,USDTHB,32.012001037597656
2019-01-10,USDTHB,31.88800048828125
2019-01-11,USDTHB,31.90999984741211
2019-01-14,USDTHB,31.930999755859375
2019-01-15,USDTHB,31.90999984741211
2019-01-16,USDTHB,31.889999389648438
2019-01-17,USDTHB,31.638999938964844
2019-01-18,USDTHB,31.684999465942383
2019-01-21,USDTHB,31.75
2019-01-22,USDTHB,31.79800033569336
2019-01-23,USDTHB,31.753000259399414
2019-01-24,USDTHB,31.677000045776367
2019-01-25,USDTHB,31.6560001373291
2019-01-28,USDTHB,31.51799964904785
2019-01-29,USDTHB,31.493999481201172
2019-01-30,USDTHB,31.447999954223633
2019-01-31,USDTHB,31.235000610351562
2019-02-01,USDTHB,31.235000610351562
2019-02-04,USDTHB,31.27400016784668
2019-02-05,USDTHB,31.295000076293945
2019-02-06,USDTHB,31.214000701904297
2019-02-07,USDTHB,31.207000732421875
2019-02-08,USDTHB,31.260000228881836
2019-02-11,USDTHB,30.777999877929688
2019-02-12,USDTHB,31.382999420166016
2019-02-13,USDTHB,31.26099967956543
2019-02-14,USDTHB,31.350000381469727
2019-02-15,USDTHB,31.290000915527344
2019-02-18,USDTHB,31.25200080871582
2019-02-19,USDTHB,31.195999145507812
2019-02-20,USDTHB,31.12299919128418
2019-02-21,USDTHB,31.100000381469727
2019-02-22,USDTHB,31.207000732421875
2019-02-25,USDTHB,31.309999465942383
2019-02-26,USDTHB,31.260000228881836
2019-02-27,USDTHB,31.26099967956543
2019-02-28,USDTHB,31.429000854492188
2019-03-01,USDTHB,31.540000915527344
2019-03-04,USDTHB,31.759000778198242
2019-03-05,USDTHB,31.84000015258789
2019-03-06,USDTHB,31.739999771118164
2019-03-07,USDTHB,31.80500030517578
2019-03-08,USDTHB,31.860000610351562
2019-03-11,USDTHB,31.719999313354492
2019-03-12,USDTHB,31.652999877929688
2019-03-13,USDTHB,31.64299964904785
2019-03-14,USDTHB,31.57200050354004
2019-03-15,USDTHB,31.770000457763672
2019-03-18,USDTHB,31.674999237060547
2019-03-19,USDTHB,31.639999389648438
2019-03-20,USDTHB,31.670000076293945
2019-03-21,USDTHB,31.639999389648438
2019-03-22,USDTHB,31.729999542236328
2019-03-25,USDTHB,31.68000030517578
2019-03-26,USDTHB,31.509000778198242
2019-03-27,USDTHB,31.6299991607666
2019-03-28,USDTHB,31.8700008392334
2019-03-29,USDTHB,31.791000366210938
2019-04-01,USDTHB,31.719999313354492
2019-04-02,USDTHB,31.70800018310547
2019-04-03,USDTHB,31.756999969482422
2019-04-04,USDTHB,31.729999542236328
2019-04-05,USDTHB,31.76099967956543
2019-04-08,USDTHB,31.906999588012695
2019-04-09,USDTHB,31.865999221801758
2019-04-10,USDTHB,31.760000228881836
2019-04-11,USDTHB,31.739999771118164
2019-04-12,USDTHB,31.849000930786133
2019-04-15,USDTHB,31.75
2019-04-16,USDTHB,31.767000198364258
2019-04-17,USDTHB,31.808000564575195
2019-04-18,USDTHB,31.780000686645508
2019-04-19,USDTHB,31.790000915527344
2019-04-22,USDTHB,31.81999969482422
2019-04-23,USDTHB,31.889999389648438
2019-04-24,USDTHB,31.969999313354492
2019-04-25,USDTHB,32.04499816894531
2019-04-26,USDTHB,32.05400085449219
2019-04-29,USDTHB,31.93000030517578
2019-04-30,USDTHB,31.899999618530273
2019-05-01,USDTHB,31.895000457763672
2019-05-02,USDTHB,31.948999404907227
2019-05-03,USDTHB,32.0099983215332
2019-05-06,USDTHB,31.989999771118164
2019-05-07,USDTHB,31.878999710083008
2019-05-08,USDTHB,31.913000106811523
2019-05-09,USDTHB,31.780000686645508
2019-05-10,USDTHB,31.780000686645508
2019-05-13,USDTHB,31.59000015258789
2019-05-14,USDTHB,31.645999908447266
2019-05-15,USDTHB,31.5
2019-05-16,USDTHB,31.530000686645508
2019-05-17,USDTHB,31.631000518798828
2019-05-20,USDTHB,31.80500030517578
2019-05-21,USDTHB,31.850000381469727
2019-05-23,USDTHB,31.929000854492188
2019-05-24,USDTHB,31.8700008392334
2019-05-27,USDTHB,31.809999465942383
2019-05-28,USDTHB,31.797000885009766
2019-05-29,USDTHB,31.868999481201172
2019-05-30,USDTHB,31.81999969482422
2019-05-31,USDTHB,31.790000915527344
2019-06-03,USDTHB,31.530000686645508
2019-06-04,USDTHB,31.31999969482422
2019-06-05,USDTHB,31.302000045776367
2019-06-06,USDTHB,31.364999771118164
2019-06-07,USDTHB,31.31999969482422
2019-06-10,USDTHB,31.290000915527344
2019-06-11,USDTHB,31.329999923706055
2019-06-12,USDTHB,31.256000518798828
2019-06-13,USDTHB,31.27199935913086
2019-06-14,USDTHB,31.200000762939453
2019-06-17,USDTHB,31.219999313354492
2019-06-18,USDTHB,31.339000701904297
2019-06-19,USDTHB,31.21500015258789
2019-06-20,USDTHB,31.17799949645996
2019-06-21,USDTHB,30.860000610351562
2019-06-24,USDTHB,30.780000686645508
2019-06-25,USDTHB,30.62299919128418
2019-06-26,USDTHB,30.729999542236328
2019-06-27,USDTHB,30.739999771118164
2019-06-28,USDTHB,30.746000289916992
2019-07-01,USDTHB,30.610000610351562
2019-07-02,USDTHB,30.649999618530273
2019-07-03,USDTHB,30.601999282836914
2019-07-04,USDTHB,30.645999908447266
2019-07-05,USDTHB,30.641000747680664
2019-07-08,USDTHB,30.780000686645508
2019-07-09,USDTHB,30.799999237060547
2019-07-10,USDTHB,30.829999923706055
2019-07-11,USDTHB,30.68000030517578
2019-07-12,USDTHB,30.739999771118164
2019-07-15,USDTHB,30.899999618530273
2019-07-16,USDTHB,30.884000778198242
2019-07-17,USDTHB,30.920000076293945
2019-07-18,USDTHB,30.875
2019-07-19,USDTHB,30.804000854492188
2019-07-22,USDTHB,30.8700008392334
2019-07-23,USDTHB,30.833999633789062
2019-07-24,USDTHB,30.899999618530273
2019-07-25,USDTHB,30.899999618530273
2019-07-26,USDTHB,30.969999313354492
2019-07-29,USDTHB,30.8700008392334
2019-07-30,USDTHB,30.85300064086914
2019-07-31,USDTHB,30.766000747680664
2019-08-01,USDTHB,30.676000595092773
2019-08-02,USDTHB,30.93000030517578
2019-08-05,USDTHB,30.75
2019-08-06,USDTHB,30.816999435424805
2019-08-07,USDTHB,30.714000701904297
2019-08-08,USDTHB,30.79400062561035
2019-08-09,USDTHB,30.722000122070312
2019-08-12,USDTHB,30.770000457763672
2019-08-13,USDTHB,30.81999969482422
2019-08-14,USDTHB,30.777999877929688
2019-08-15,USDTHB,30.829999923706055
2019-08-16,USDTHB,30.84000015258789
2019-08-19,USDTHB,30.881000518798828
2019-08-20,USDTHB,30.87299919128418
2019-08-21,USDTHB,30.790000915527344
2019-08-22,USDTHB,30.77400016784668
2019-08-23,USDTHB,30.764999389648438
2019-08-26,USDTHB,30.694000244140625
2019-08-27,USDTHB,30.600000381469727
2019-08-28,USDTHB,30.594999313354492
2019-08-29,USDTHB,30.6200008392334
2019-08-30,USDTHB,30.631999969482422
2019-09-02,USDTHB,30.615999221801758
2019-09-03,USDTHB,30.6299991607666
2019-09-04,USDTHB,30.59000015258789
2019-09-05,USDTHB,30.527000427246094
2019-09-06,USDTHB,30.68000030517578
2019-09-09,USDTHB,30.650999069213867
2019-09-10,USDTHB,30.6299991607666
2019-09-11,USDTHB,30.615999221801758
2019-09-12,USDTHB,30.562000274658203
2019-09-13,USDTHB,30.479999542236328
2019-09-16,USDTHB,30.472999572753906
2019-09-17,USDTHB,30.523000717163086
2019-09-18,USDTHB,30.5
2019-09-19,USDTHB,30.540000915527344
2019-09-20,USDTHB,30.527999877929688
2019-09-23,USDTHB,30.479999542236328
2019-09-24,USDTHB,30.43600082397461
2019-09-25,USDTHB,30.540000915527344
2019-09-26,USDTHB,30.579999923706055
2019-09-27,USDTHB,30.6299991607666
2019-09-30,USDTHB,30.599000930786133
2019-10-01,USDTHB,30.610000610351562
2019-10-02,USDTHB,30.610000610351562
2019-10-03,USDTHB,30.58300018310547
2019-10-04,USDTHB,30.520000457763672
2019-10-07,USDTHB,30.420000076293945
2019-10-08,USDTHB,30.469999313354492
2019-10-09,USDTHB,30.388999938964844
2019-10-10,USDTHB,30.31100082397461
2019-10-11,USDTHB,30.40999984741211
2019-10-14,USDTHB,30.3799991607666
2019-10-15,USDTHB,30.389999389648438
2019-10-16,USDTHB,30.429000854492188
2019-10-17,USDTHB,30.360000610351562
2019-10-18,USDTHB,30.30500030517578
2019-10-21,USDTHB,30.299999237060547
2019-10-22,USDTHB,30.263317108154297
2019-10-23,USDTHB,30.280000686645508
2019-10-24,USDTHB,30.270000457763672
2019-10-25,USDTHB,30.250892639160156
2019-10-28,USDTHB,30.15999984741211
2019-10-29,USDTHB,30.219999313354492
2019-10-30,USDTHB,30.239999771118164
2019-10-31,USDTHB,30.18268394470215
2019-11-01,USDTHB,30.15999984741211
2019-11-04,USDTHB,30.15999984741211
2019-11-05,USDTHB,30.21104621887207
2019-11-06,USDTHB,30.219919204711914
2019-11-07,USDTHB,30.290000915527344
2019-11-08,USDTHB,30.413747787475586
2019-11-11,USDTHB,30.351221084594727
2019-11-12,USDTHB,30.340686798095703
2019-11-13,USDTHB,30.332000732421875
2019-11-14,USDTHB,30.23604393005371
2019-11-15,USDTHB,30.200000762939453
2019-11-18,USDTHB,30.232221603393555
2019-11-19,USDTHB,30.190000534057617
2019-11-20,USDTHB,30.183000564575195
2019-11-21,USDTHB,30.183000564575195
2019-11-22,USDTHB,30.209999084472656
2019-11-25,USDTHB,30.209102630615234
2019-11-26,USDTHB,30.19935417175293
2019-11-27,USDTHB,30.183067321777344
2019-11-28,USDTHB,30.234878540039062
2019-11-29,USDTHB,30.219999313354492
2019-12-02,USDTHB,30.184003829956055
2019-12-03,USDTHB,30.266984939575195
2019-12-04,USDTHB,30.24287223815918
2019-12-05,USDTHB,30.280000686645508
2019-12-06,USDTHB,30.360000610351562
2019-12-09,USDTHB,30.325328826904297
2019-12-10,USDTHB,30.304370880126953
2019-12-11,USDTHB,30.29921531677246
2019-12-12,USDTHB,30.229999542236328
2019-12-13,USDTHB,30.149999618530273
2019-12-16,USDTHB,30.187999725341797
2019-12-17,USDTHB,30.210025787353516
2019-12-18,USDTHB,30.222265243530273
2019-12-19,USDTHB,30.21299934387207
2019-12-20,USDTHB,30.200000762939453
2019-12-23,USDTHB,30.18899917602539
2019-12-24,USDTHB,30.149999618530273
2019-12-25,USDTHB,30.149999618530273
2019-12-26,USDTHB,30.155000686645508
2019-12-27,USDTHB,30.15999984741211
2019-12-30,USDTHB,30.141000747680664
2019-12-31,USDTHB,29.969999313354492
2020-01-01,USDTHB,29.68000030517578
2020-01-02,USDTHB,30.059999465942383
2020-01-03,USDTHB,30.139999389648438
2020-01-06,USDTHB,30.143999099731445
2020-01-07,USDTHB,30.139999389648438
2020-01-08,USDTHB,30.290000915527344
2020-01-09,USDTHB,30.34000015258789
2020-01-10,USDTHB,30.260000228881836
2020-01-13,USDTHB,30.211999893188477
2020-01-14,USDTHB,30.200000762939453
2020-01-15,USDTHB,30.270000457763672
2020-01-16,USDTHB,30.275999069213867
2020-01-17,USDTHB,30.350000381469727
2020-01-20,USDTHB,30.389999389648438
2020-01-21,USDTHB,30.329999923706055
2020-01-22,USDTHB,30.389999389648438
2020-01-23,USDTHB,30.375999450683594
2020-01-24,USDTHB,30.5
2020-01-27,USDTHB,30.632999420166016
2020-01-28,USDTHB,30.708999633789062
2020-01-29,USDTHB,30.780000686645508
2020-01-30,USDTHB,30.969999313354492
2020-01-31,USDTHB,31.1200008392334
2020-02-03,USDTHB,31.163999557495117
2020-02-04,USDTHB,31.06999969482422
2020-02-05,USDTHB,30.989999771118164
2020-02-06,USDTHB,30.989999771118164
2020-02-07,USDTHB,31.15999984741211
2020-02-10,USDTHB,31.357999801635742
2020-02-11,USDTHB,31.27899932861328
2020-02-12,USDTHB,31.190000534057617
2020-02-13,USDTHB,31.190000534057617
2020-02-14,USDTHB,31.149999618530273
2020-02-17,USDTHB,31.148000717163086
2020-02-18,USDTHB,31.18000030517578
2020-02-19,USDTHB,31.170000076293945
2020-02-20,USDTHB,31.209999084472656
2020-02-21,USDTHB,31.469999313354492
2020-02-24,USDTHB,31.68199920654297
2020-02-25,USDTHB,31.649999618530273
2020-02-26,USDTHB,31.729999542236328
2020-02-27,USDTHB,31.84000015258789
2020-02-28,USDTHB,31.649999618530273
2020-03-02,USDTHB,31.475000381469727
2020-03-03,USDTHB,31.43199920654297
2020-03-04,USDTHB,31.40999984741211
2020-03-05,USDTHB,31.329999923706055
2020-03-06,USDTHB,31.57200050354004
2020-03-09,USDTHB,31.371000289916992
2020-03-10,USDTHB,31.44099998474121
2020-03-11,USDTHB,31.440000534057617
2020-03-12,USDTHB,31.5
2020-03-13,USDTHB,31.719999313354492
2020-03-16,USDTHB,31.60700035095215
2020-03-17,USDTHB,32.15999984741211
2020-03-18,USDTHB,32.189998626708984
2020-03-19,USDTHB,32.48699951171875
2020-03-20,USDTHB,32.566001892089844
2020-03-23,USDTHB,32.79899978637695
2020-03-24,USDTHB,32.779998779296875
2020-03-25,USDTHB,32.74800109863281
2020-03-26,USDTHB,32.76100158691406
2020-03-27,USDTHB,32.599998474121094
2020-03-30,USDTHB,32.50699996948242
2020-03-31,USDTHB,32.63999938964844
2020-04-01,USDTHB,32.654998779296875
2020-04-02,USDTHB,33.08000183105469
2020-04-03,USDTHB,32.91999816894531
2020-04-06,USDTHB,32.970001220703125
2020-04-07,USDTHB,32.790000915527344
2020-04-08,USDTHB,32.74599838256836
2020-04-09,USDTHB,32.73699951171875
2020-04-10,USDTHB,32.68000030517578
2020-04-13,USDTHB,32.68000030517578
2020-04-14,USDTHB,32.709999084472656
2020-04-15,USDTHB,32.63999938964844
2020-04-16,USDTHB,32.69900131225586
2020-04-17,USDTHB,32.599998474121094
2020-04-20,USDTHB,32.44499969482422
2020-04-21,USDTHB,32.47999954223633
2020-04-22,USDTHB,32.50400161743164
2020-04-23,USDTHB,32.36199951171875
2020-04-24,USDTHB,32.35200119018555
2020-04-27,USDTHB,32.43000030517578
2020-04-28,USDTHB,32.4900016784668
2020-04-29,USDTHB,32.41299819946289
2020-04-30,USDTHB,32.40299987792969
2020-05-01,USDTHB,32.42300033569336
2020-05-04,USDTHB,32.47999954223633
2020-05-05,USDTHB,32.38600158691406
2020-05-06,USDTHB,32.358001708984375
2020-05-07,USDTHB,32.43299865722656
2020-05-08,USDTHB,32.36399841308594
2020-05-11,USDTHB,32.20000076293945
2020-05-12,USDTHB,32.16999816894531
2020-05-13,USDTHB,32.13399887084961
2020-05-14,USDTHB,32.060001373291016
2020-05-15,USDTHB,32.07400131225586
2020-05-18,USDTHB,32.04999923706055
2020-05-19,USDTHB,32.02399826049805
2020-05-20,USDTHB,31.920000076293945
2020-05-21,USDTHB,31.81999969482422
2020-05-22,USDTHB,31.829999923706055
2020-05-25,USDTHB,31.8700008392334
2020-05-26,USDTHB,31.940000534057617
2020-05-27,USDTHB,31.860000610351562
2020-05-28,USDTHB,31.90399932861328
2020-05-29,USDTHB,31.854999542236328
2020-06-01,USDTHB,31.489999771118164
2020-06-02,USDTHB,31.65999984741211
2020-06-03,USDTHB,31.549999237060547
2020-06-04,USDTHB,31.559999465942383
2020-06-05,USDTHB,31.503000259399414
2020-06-08,USDTHB,31.440000534057617
2020-06-09,USDTHB,31.39900016784668
2020-06-10,USDTHB,31.33099937438965
2020-06-11,USDTHB,31.107999801635742
2020-06-12,USDTHB,31.09000015258789
2020-06-15,USDTHB,31.010000228881836
2020-06-16,USDTHB,30.965999603271484
2020-06-17,USDTHB,31.094999313354492
2020-06-18,USDTHB,31.110000610351562
2020-06-19,USDTHB,31.079999923706055
2020-06-22,USDTHB,31.0
2020-06-23,USDTHB,30.950000762939453
2020-06-24,USDTHB,30.8700008392334
2020-06-25,USDTHB,30.86199951171875
2020-06-26,USDTHB,30.8700008392334
2020-06-29,USDTHB,30.899999618530273
2020-06-30,USDTHB,30.875
2020-07-01,USDTHB,30.889999389648438
2020-07-02,USDTHB,31.02199935913086
2020-07-03,USDTHB,31.09000015258789
2020-07-06,USDTHB,31.110000610351562
2020-07-07,USDTHB,31.049999237060547
2020-07-08,USDTHB,31.200000762939453
2020-07-09,USDTHB,31.170000076293945
2020-07-10,USDTHB,31.260000228881836
2020-07-13,USDTHB,31.329999923706055
2020-07-14,USDTHB,31.389999389648438
2020-07-15,USDTHB,31.510000228881836
2020-07-16,USDTHB,31.530000686645508
2020-07-17,USDTHB,31.700000762939453
2020-07-20,USDTHB,31.639999389648438
2020-07-21,USDTHB,31.740999221801758
2020-07-22,USDTHB,31.510000228881836
2020-07-23,USDTHB,31.621000289916992
2020-07-24,USDTHB,31.709999084472656
2020-07-27,USDTHB,31.600000381469727
2020-07-28,USDTHB,31.440000534057617
2020-07-29,USDTHB,31.459999084472656
2020-07-30,USDTHB,31.422000885009766
2020-07-31,USDTHB,31.309999465942383
2020-08-03,USDTHB,31.260000228881836
2020-08-04,USDTHB,31.209999084472656
2020-08-05,USDTHB,31.010000228881836
2020-08-06,USDTHB,31.02400016784668
2020-08-07,USDTHB,31.079999923706055
2020-08-10,USDTHB,31.200000762939453
2020-08-11,USDTHB,31.100000381469727
2020-08-12,USDTHB,31.139999389648438
2020-08-13,USDTHB,31.06999969482422
2020-08-14,USDTHB,31.03499984741211
2020-08-17,USDTHB,31.09000015258789
2020-08-18,USDTHB,31.149999618530273
2020-08-19,USDTHB,31.149999618530273
2020-08-20,USDTHB,31.299999237060547
2020-08-21,USDTHB,31.399999618530273
2020-08-24,USDTHB,31.540000915527344
2020-08-25,USDTHB,31.503999710083008
2020-08-26,USDTHB,31.43000030517578
2020-08-27,USDTHB,31.233999252319336
2020-08-28,USDTHB,31.264999389648438
2020-08-31,USDTHB,31.09000015258789
2020-09-01,USDTHB,31.040000915527344
2020-09-02,USDTHB,31.139999389648438
2020-09-03,USDTHB,31.329999923706055
2020-09-04,USDTHB,31.399999618530273
2020-09-07,USDTHB,31.3700008392334
2020-09-08,USDTHB,31.3700008392334
2020-09-09,USDTHB,31.3799991607666
2020-09-10,USDTHB,31.260000228881836
2020-09-11,USDTHB,31.290000915527344
2020-09-14,USDTHB,31.299999237060547
2020-09-15,USDTHB,31.280000686645508
2020-09-16,USDTHB,31.209999084472656
2020-09-17,USDTHB,31.100000381469727
2020-09-18,USDTHB,31.15999984741211
2020-09-21,USDTHB,31.06999969482422
2020-09-22,USDTHB,31.31999969482422
2020-09-23,USDTHB,31.368999481201172
2020-09-24,USDTHB,31.55900001525879
2020-09-25,USDTHB,31.542999267578125
2020-09-28,USDTHB,31.597999572753906
2020-09-29,USDTHB,31.604000091552734
2020-09-30,USDTHB,31.562999725341797
2020-10-01,USDTHB,31.610000610351562
2020-10-02,USDTHB,31.56999969482422
2020-10-05,USDTHB,31.549999237060547
2020-10-06,USDTHB,31.270000457763672
2020-10-07,USDTHB,31.273000717163086
2020-10-08,USDTHB,31.19300079345703
2020-10-09,USDTHB,31.170000076293945
2020-10-12,USDTHB,31.049999237060547
2020-10-13,USDTHB,31.156999588012695
2020-10-14,USDTHB,31.239999771118164
2020-10-15,USDTHB,31.209999084472656
2020-10-16,USDTHB,31.209999084472656
2020-10-19,USDTHB,31.190000534057617
2020-10-20,USDTHB,31.200000762939453
2020-10-21,USDTHB,31.209999084472656
2020-10-22,USDTHB,31.190000534057617
2020-10-23,USDTHB,31.29199981689453
2020-10-26,USDTHB,31.29199981689453
2020-10-27,USDTHB,31.270000457763672
2020-10-28,USDTHB,31.219999313354492
2020-10-29,USDTHB,31.25
2020-10-30,USDTHB,31.222999572753906
2020-11-02,USDTHB,31.176000595092773
2020-11-03,USDTHB,31.100000381469727
2020-11-04,USDTHB,31.0
2020-11-05,USDTHB,31.0
2020-11-06,USDTHB,30.739999771118164
2020-11-09,USDTHB,30.555999755859375
2020-11-10,USDTHB,30.579999923706055
2020-11-11,USDTHB,30.299999237060547
2020-11-12,USDTHB,30.250999450683594
2020-11-13,USDTHB,30.209999084472656
2020-11-16,USDTHB,30.06999969482422
2020-11-17,USDTHB,30.15999984741211
2020-11-18,USDTHB,30.149999618530273
2020-11-19,USDTHB,30.329999923706055
2020-11-20,USDTHB,30.3700008392334
2020-11-23,USDTHB,30.242000579833984
2020-11-24,USDTHB,30.34000015258789
2020-11-25,USDTHB,30.31999969482422
2020-11-26,USDTHB,30.290000915527344
2020-11-27,USDTHB,30.28499984741211
2020-11-30,USDTHB,30.246000289916992
2020-12-01,USDTHB,30.260000228881836
2020-12-02,USDTHB,30.229999542236328
2020-12-03,USDTHB,30.19300079345703
2020-12-04,USDTHB,30.170000076293945
2020-12-07,USDTHB,30.1560001373291
2020-12-08,USDTHB,30.149999618530273
2020-12-09,USDTHB,30.020000457763672
2020-12-10,USDTHB,30.038999557495117
2020-12-11,USDTHB,30.03700065612793
2020-12-14,USDTHB,30.049999237060547
2020-12-15,USDTHB,30.076000213623047
2020-12-16,USDTHB,30.030000686645508
2020-12-17,USDTHB,29.96500015258789
2020-12-18,USDTHB,29.788999557495117
2020-12-21,USDTHB,29.922000885009766
2020-12-22,USDTHB,30.038999557495117
2020-12-23,USDTHB,30.22100067138672
2020-12-24,USDTHB,30.190000534057617
2020-12-25,USDTHB,30.020000457763672
2020-12-28,USDTHB,30.065000534057617
2020-12-29,USDTHB,30.139999389648438
2020-12-30,USDTHB,30.040000915527344
2020-12-31,USDTHB,29.91900062561035
2021-01-01,USDTHB,29.900999069213867
2021-01-04,USDTHB,29.95400047302246
2021-01-05,USDTHB,29.90999984741211
2021-01-06,USDTHB,29.920000076293945
2021-01-07,USDTHB,29.920000076293945
2021-01-08,USDTHB,30.06999969482422
2021-01-11,USDTHB,30.124000549316406
2021-01-12,USDTHB,30.15999984741211
2021-01-13,USDTHB,30.030000686645508
2021-01-14,USDTHB,29.989999771118164
2021-01-15,USDTHB,29.979999542236328
2021-01-18,USDTHB,30.06100082397461
2021-01-19,USDTHB,30.100000381469727
2021-01-20,USDTHB,29.964000701904297
2021-01-21,USDTHB,29.944000244140625
2021-01-22,USDTHB,29.93000030517578
2021-01-25,USDTHB,29.97800064086914
2021-01-26,USDTHB,29.979999542236328
2021-01-27,USDTHB,29.950000762939453
2021-01-28,USDTHB,30.0
2021-01-29,USDTHB,29.94499969482422
2021-02-01,USDTHB,29.90999984741211
2021-02-02,USDTHB,29.979999542236328
2021-02-03,USDTHB,29.993000030517578
2021-02-04,USDTHB,29.979000091552734
2021-02-05,USDTHB,30.059999465942383
2021-02-08,USDTHB,30.027000427246094
2021-02-09,USDTHB,29.969999313354492
2021-02-10,USDTHB,29.899999618530273
2021-02-11,USDTHB,29.8799991607666
2021-02-12,USDTHB,29.860000610351562
2021-02-15,USDTHB,29.8700008392334
2021-02-16,USDTHB,29.889999389648438
2021-02-17,USDTHB,29.950000762939453
2021-02-18,USDTHB,29.990999221801758
2021-02-19,USDTHB,29.989999771118164
2021-02-22,USDTHB,29.948999404907227
2021-02-23,USDTHB,29.97599983215332
2021-02-24,USDTHB,30.01300048828125
2021-02-25,USDTHB,30.03700065612793
2021-02-26,USDTHB,30.264999389648438
2021-03-01,USDTHB,30.344999313354492
2021-03-02,USDTHB,30.200000762939453
2021-03-03,USDTHB,30.24799919128418
2021-03-04,USDTHB,30.350000381469727
2021-03-05,USDTHB,30.43000030517578
2021-03-08,USDTHB,30.464000701904297
2021-03-09,USDTHB,30.804000854492188
2021-03-10,USDTHB,30.725000381469727
2021-03-11,USDTHB,30.68899917602539
2021-03-12,USDTHB,30.540000915527344
2021-03-15,USDTHB,30.708999633789062
2021-03-16,USDTHB,30.719999313354492
2021-03-17,USDTHB,30.739999771118164
2021-03-18,USDTHB,30.670000076293945
2021-03-19,USDTHB,30.871000289916992
2021-03-22,USDTHB,30.83099937438965
2021-03-23,USDTHB,30.8700008392334
2021-03-24,USDTHB,31.010000228881836
2021-03-25,USDTHB,31.020000457763672
2021-03-26,USDTHB,31.149999618530273
2021-03-29,USDTHB,31.139999389648438
2021-03-30,USDTHB,31.190000534057617
2021-03-31,USDTHB,31.283000946044922
2021-04-01,USDTHB,31.235000610351562
2021-04-02,USDTHB,31.190000534057617
2021-04-05,USDTHB,31.280000686645508
2021-04-06,USDTHB,31.332000732421875
2021-04-07,USDTHB,31.2810001373291
2021-04-08,USDTHB,31.361000061035156
2021-04-09,USDTHB,31.395000457763672
2021-04-12,USDTHB,31.466999053955078
2021-04-13,USDTHB,31.488000869750977
2021-04-14,USDTHB,31.461999893188477
2021-04-15,USDTHB,31.312000274658203
2021-04-16,USDTHB,31.148000717163086
2021-04-19,USDTHB,31.18899917602539
2021-04-20,USDTHB,31.200000762939453
2021-04-21,USDTHB,31.270000457763672
2021-04-22,USDTHB,31.309999465942383
2021-04-23,USDTHB,31.389999389648438
2021-04-26,USDTHB,31.392000198364258
2021-04-27,USDTHB,31.420000076293945
2021-04-28,USDTHB,31.339000701904297
2021-04-29,USDTHB,31.323999404907227
2021-04-30,USDTHB,31.170000076293945
2021-05-03,USDTHB,31.15999984741211
2021-05-04,USDTHB,31.1200008392334
2021-05-05,USDTHB,31.15999984741211
2021-05-06,USDTHB,31.1299991607666
2021-05-07,USDTHB,31.198999404907227
2021-05-10,USDTHB,31.030000686645508
2021-05-11,USDTHB,31.084999084472656
2021-05-12,USDTHB,31.15999984741211
2021-05-13,USDTHB,31.280000686645508
2021-05-14,USDTHB,31.34000015258789
2021-05-17,USDTHB,31.31999969482422
2021-05-18,USDTHB,31.469999313354492
2021-05-19,USDTHB,31.3799991607666
2021-05-20,USDTHB,31.43000030517578
2021-05-21,USDTHB,31.360000610351562
2021-05-24,USDTHB,31.360000610351562
2021-05-25,USDTHB,31.31999969482422
2021-05-26,USDTHB,31.34000015258789
2021-05-27,USDTHB,31.260000228881836
2021-05-28,USDTHB,31.280000686645508
2021-05-31,USDTHB,31.25
2021-06-01,USDTHB,31.170000076293945
2021-06-02,USDTHB,31.166000366210938
2021-06-03,USDTHB,31.110000610351562
2021-06-04,USDTHB,31.209999084472656
2021-06-07,USDTHB,31.139999389648438
2021-06-08,USDTHB,31.170000076293945
2021-06-09,USDTHB,31.20400047302246
2021-06-10,USDTHB,31.149999618530273
2021-06-11,USDTHB,31.1200008392334
2021-06-14,USDTHB,31.059999465942383
2021-06-15,USDTHB,31.107999801635742
2021-06-16,USDTHB,31.15999984741211
2021-06-17,USDTHB,31.298999786376953
2021-06-18,USDTHB,31.399999618530273
2021-06-21,USDTHB,31.469999313354492
2021-06-22,USDTHB,31.614999771118164
2021-06-23,USDTHB,31.690000534057617
2021-06-24,USDTHB,31.81999969482422
2021-06-25,USDTHB,31.89900016784668
2021-06-28,USDTHB,31.79400062561035
2021-06-29,USDTHB,31.899999618530273
2021-06-30,USDTHB,32.124000549316406
2021-07-01,USDTHB,31.98200035095215
2021-07-02,USDTHB,32.077999114990234
2021-07-05,USDTHB,32.13600158691406
2021-07-06,USDTHB,32.09000015258789
2021-07-07,USDTHB,32.28900146484375
2021-07-08,USDTHB,32.34000015258789
2021-07-09,USDTHB,32.529998779296875
2021-07-12,USDTHB,32.5099983215332
2021-07-13,USDTHB,32.65999984741211
2021-07-14,USDTHB,32.65999984741211
2021-07-15,USDTHB,32.60300064086914
2021-07-16,USDTHB,32.698001861572266
2021-07-19,USDTHB,32.810001373291016
2021-07-20,USDTHB,32.84000015258789
2021-07-21,USDTHB,32.81999969482422
2021-07-22,USDTHB,32.849998474121094
2021-07-23,USDTHB,32.87900161743164
2021-07-26,USDTHB,32.939998626708984
2021-07-27,USDTHB,32.880001068115234
2021-07-28,USDTHB,32.926998138427734
2021-07-29,USDTHB,32.810001373291016
2021-07-30,USDTHB,32.84000015258789
2021-08-02,USDTHB,32.91999816894531
2021-08-03,USDTHB,32.93199920654297
2021-08-04,USDTHB,33.0099983215332
2021-08-05,USDTHB,33.13999938964844
2021-08-06,USDTHB,33.255001068115234
2021-08-09,USDTHB,33.41999816894531
2021-08-10,USDTHB,33.459999084472656
2021-08-11,USDTHB,33.45000076293945
2021-08-12,USDTHB,33.097999572753906
2021-08-13,USDTHB,33.06999969482422
2021-08-16,USDTHB,33.310001373291016
2021-08-17,USDTHB,33.38999938964844
2021-08-18,USDTHB,33.34000015258789
2021-08-19,USDTHB,33.30500030517578
2021-08-20,USDTHB,33.35300064086914
2021-08-23,USDTHB,33.29999923706055
2021-08-24,USDTHB,33.2400016784668
2021-08-25,USDTHB,32.87699890136719
2021-08-26,USDTHB,32.73500061035156
2021-08-27,USDTHB,32.7400016784668
2021-08-30,USDTHB,32.52000045776367
2021-08-31,USDTHB,32.46900177001953
2021-09-01,USDTHB,32.16999816894531
2021-09-02,USDTHB,32.279998779296875
2021-09-03,USDTHB,32.441001892089844
2021-09-06,USDTHB,32.459999084472656
2021-09-07,USDTHB,32.470001220703125
2021-09-08,USDTHB,32.65999984741211
2021-09-09,USDTHB,32.75
2021-09-10,USDTHB,32.70000076293945
2021-09-13,USDTHB,32.709999084472656
2021-09-14,USDTHB,32.86000061035156
2021-09-15,USDTHB,32.88999938964844
2021-09-16,USDTHB,32.849998474121094
2021-09-17,USDTHB,33.11800003051758
2021-09-20,USDTHB,33.308998107910156
2021-09-21,USDTHB,33.34000015258789
2021-09-22,USDTHB,33.38999938964844
2021-09-23,USDTHB,33.426998138427734
2021-09-24,USDTHB,33.38999938964844
2021-09-27,USDTHB,33.400001525878906
2021-09-28,USDTHB,33.58000183105469
2021-09-29,USDTHB,33.84000015258789
2021-09-30,USDTHB,33.93600082397461
2021-10-01,USDTHB,33.68000030517578
2021-10-04,USDTHB,33.619998931884766
2021-10-05,USDTHB,33.779998779296875
2021-10-06,USDTHB,33.810001373291016
2021-10-07,USDTHB,33.79999923706055
2021-10-08,USDTHB,33.790000915527344
2021-10-11,USDTHB,33.900001525878906
2021-10-12,USDTHB,33.65700149536133
2021-10-13,USDTHB,33.31999969482422
2021-10-14,USDTHB,33.16999816894531
2021-10-15,USDTHB,33.16999816894531
2021-10-18,USDTHB,33.43000030517578
2021-10-19,USDTHB,33.45000076293945
2021-10-20,USDTHB,33.36000061035156
2021-10-21,USDTHB,33.349998474121094
2021-10-22,USDTHB,33.380001068115234
2021-10-25,USDTHB,33.290000915527344
2021-10-26,USDTHB,33.03900146484375
2021-10-27,USDTHB,33.183998107910156
2021-10-28,USDTHB,33.29199981689453
2021-10-29,USDTHB,33.189998626708984
2021-11-01,USDTHB,33.14799880981445
2021-11-02,USDTHB,33.29999923706055
2021-11-03,USDTHB,33.2599983215332
2021-11-04,USDTHB,33.25
2021-11-05,USDTHB,33.33000183105469
2021-11-08,USDTHB,33.137001037597656
2021-11-09,USDTHB,32.90700149536133
2021-11-10,USDTHB,32.75
2021-11-11,USDTHB,32.83700180053711
2021-11-12,USDTHB,32.83000183105469
2021-11-15,USDTHB,32.715999603271484
2021-11-16,USDTHB,32.7400016784668
2021-11-17,USDTHB,32.73699951171875
2021-11-18,USDTHB,32.62099838256836
2021-11-19,USDTHB,32.58000183105469
2021-11-22,USDTHB,32.79999923706055
2021-11-23,USDTHB,33.02000045776367
2021-11-24,USDTHB,33.12799835205078
2021-11-25,USDTHB,33.369998931884766
2021-11-26,USDTHB,33.40999984741211
2021-11-29,USDTHB,33.56399917602539
2021-11-30,USDTHB,33.665000915527344
2021-12-01,USDTHB,33.66999816894531
2021-12-02,USDTHB,33.72999954223633
2021-12-03,USDTHB,33.85300064086914
2021-12-06,USDTHB,33.779998779296875
2021-12-07,USDTHB,33.83000183105469
2021-12-08,USDTHB,33.61000061035156
2021-12-09,USDTHB,33.439998626708984
2021-12-10,USDTHB,33.58000183105469
2021-12-13,USDTHB,33.15800094604492
2021-12-14,USDTHB,33.41400146484375
2021-12-15,USDTHB,33.41999816894531
2021-12-16,USDTHB,33.395999908447266
2021-12-17,USDTHB,33.400001525878906
2021-12-20,USDTHB,33.27799987792969
2021-12-21,USDTHB,33.61000061035156
2021-12-22,USDTHB,33.62799835205078
2021-12-23,USDTHB,33.55799865722656
2021-12-24,USDTHB,33.512001037597656
2021-12-27,USDTHB,33.37699890136719
2021-12-28,USDTHB,33.51100158691406
2021-12-29,USDTHB,33.50699996948242
2021-12-30,USDTHB,33.44499969482422
2021-12-31,USDTHB,33.32500076293945
2022-01-03,USDTHB,33.111000061035156
2022-01-04,USDTHB,33.24300003051758
2022-01-05,USDTHB,33.24100112915039
2022-01-06,USDTHB,33.24800109863281
2022-01-07,USDTHB,33.553001403808594
2022-01-10,USDTHB,33.58599853515625
2022-01-11,USDTHB,33.61800003051758
2022-01-12,USDTHB,33.301998138427734
2022-01-13,USDTHB,33.250999450683594
2022-01-14,USDTHB,33.20000076293945
2022-01-17,USDTHB,33.16299819946289
2022-01-18,USDTHB,33.084999084472656
2022-01-19,USDTHB,33.095001220703125
2022-01-20,USDTHB,32.90999984741211
2022-01-21,USDTHB,32.91299819946289
2022-01-24,USDTHB,32.935001373291016
2022-01-25,USDTHB,32.99300003051758
2022-01-26,USDTHB,33.00199890136719
2022-01-27,USDTHB,33.10499954223633
2022-01-28,USDTHB,33.284000396728516
2022-01-31,USDTHB,33.39799880981445
2022-02-01,USDTHB,33.194000244140625
2022-02-02,USDTHB,33.17900085449219
2022-02-03,USDTHB,33.1150016784668
2022-02-04,USDTHB,33.073001861572266
2022-02-07,USDTHB,32.93000030517578
2022-02-08,USDTHB,32.970001220703125
2022-02-09,USDTHB,32.856998443603516
2022-02-10,USDTHB,32.70800018310547
2022-02-11,USDTHB,32.70399856567383
2022-02-14,USDTHB,32.68000030517578
2022-02-15,USDTHB,32.426998138427734
2022-02-16,USDTHB,32.345001220703125
2022-02-17,USDTHB,32.29999923706055
2022-02-18,USDTHB,32.10300064086914
2022-02-21,USDTHB,32.13199996948242
2022-02-22,USDTHB,32.257999420166016
2022-02-23,USDTHB,32.41600036621094
2022-02-24,USDTHB,32.270999908447266
2022-02-25,USDTHB,32.49700164794922
2022-02-28,USDTHB,32.678001403808594
2022-03-01,USDTHB,32.64799880981445
2022-03-02,USDTHB,32.72600173950195
2022-03-03,USDTHB,32.474998474121094
2022-03-04,USDTHB,32.55699920654297
2022-03-07,USDTHB,32.69900131225586
2022-03-08,USDTHB,33.007999420166016
2022-03-09,USDTHB,33.19200134277344
2022-03-10,USDTHB,32.972999572753906
2022-03-11,USDTHB,33.12200164794922
2022-03-14,USDTHB,33.262001037597656
2022-03-15,USDTHB,33.395999908447266
2022-03-16,USDTHB,33.5099983215332
2022-03-17,USDTHB,33.34199905395508
2022-03-18,USDTHB,33.21900177001953
2022-03-21,USDTHB,33.310001373291016
2022-03-22,USDTHB,33.582000732421875
2022-03-23,USDTHB,33.481998443603516
2022-03-24,USDTHB,33.625999450683594
2022-03-25,USDTHB,33.520999908447266
2022-03-28,USDTHB,33.6349983215332
2022-03-29,USDTHB,33.784000396728516
2022-03-30,USDTHB,33.49300003051758
2022-03-31,USDTHB,33.319000244140625
2022-04-01,USDTHB,33.237998962402344
2022-04-04,USDTHB,33.47999954223633
2022-04-05,USDTHB,33.43899917602539
2022-04-06,USDTHB,33.547000885009766
2022-04-07,USDTHB,33.57099914550781
2022-04-08,USDTHB,33.48699951171875
2022-04-11,USDTHB,33.542999267578125
2022-04-12,USDTHB,33.630001068115234
2022-04-13,USDTHB,33.547000885009766
2022-04-14,USDTHB,33.45500183105469
2022-04-15,USDTHB,33.659000396728516
2022-04-18,USDTHB,33.597999572753906
2022-04-19,USDTHB,33.68299865722656
2022-04-20,USDTHB,33.77299880981445
2022-04-21,USDTHB,33.78099822998047
2022-04-22,USDTHB,33.89400100708008
2022-04-25,USDTHB,33.94599914550781
2022-04-26,USDTHB,34.06100082397461
2022-04-27,USDTHB,34.23500061035156
2022-04-28,USDTHB,34.3489990234375
2022-04-29,USDTHB,34.433998107910156
2022-05-02,USDTHB,34.18899917602539
2022-05-03,USDTHB,34.46200180053711
2022-05-04,USDTHB,34.31700134277344
2022-05-05,USDTHB,34.04999923706055
2022-05-06,USDTHB,34.29999923706055
2022-05-09,USDTHB,34.361000061035156
2022-05-10,USDTHB,34.59000015258789
2022-05-11,USDTHB,34.64799880981445
2022-05-12,USDTHB,34.62699890136719
2022-05-13,USDTHB,34.73099899291992
2022-05-16,USDTHB,34.64899826049805
2022-05-17,USDTHB,34.698001861572266
2022-05-18,USDTHB,34.47800064086914
2022-05-19,USDTHB,34.573001861572266
2022-05-20,USDTHB,34.37699890136719
2022-05-23,USDTHB,34.32099914550781
2022-05-24,USDTHB,34.1349983215332
2022-05-25,USDTHB,34.09400177001953
2022-05-26,USDTHB,34.2400016784668
2022-05-27,USDTHB,34.21699905395508
2022-05-30,USDTHB,34.07699966430664
2022-05-31,USDTHB,34.0880012512207
2022-06-01,USDTHB,34.231998443603516
2022-06-02,USDTHB,34.362998962402344
2022-06-03,USDTHB,34.23699951171875
2022-06-06,USDTHB,34.34000015258789
2022-06-07,USDTHB,34.43000030517578
2022-06-08,USDTHB,34.40599822998047
2022-06-09,USDTHB,34.48899841308594
2022-06-10,USDTHB,34.55400085449219
2022-06-13,USDTHB,34.80099868774414
2022-06-14,USDTHB,34.84299850463867
2022-06-15,USDTHB,35.029998779296875
2022-06-16,USDTHB,34.83599853515625
2022-06-17,USDTHB,35.00600051879883
2022-06-20,USDTHB,35.22100067138672
2022-06-21,USDTHB,35.33000183105469
2022-06-22,USDTHB,35.28499984741211
2022-06-23,USDTHB,35.349998474121094
2022-06-24,USDTHB,35.48400115966797
2022-06-27,USDTHB,35.45000076293945
2022-06-28,USDTHB,35.35900115966797
2022-06-29,USDTHB,35.15999984741211
2022-06-30,USDTHB,35.077999114990234
2022-07-01,USDTHB,35.32400131225586
2022-07-04,USDTHB,35.58000183105469
2022-07-05,USDTHB,35.702999114990234
2022-07-06,USDTHB,35.96799850463867
2022-07-07,USDTHB,36.154998779296875
2022-07-08,USDTHB,36.07099914550781
2022-07-11,USDTHB,35.86000061035156
2022-07-12,USDTHB,36.231998443603516
2022-07-13,USDTHB,36.19599914550781
2022-07-14,USDTHB,36.231998443603516
2022-07-15,USDTHB,36.529998779296875
2022-07-18,USDTHB,36.560001373291016
2022-07-19,USDTHB,36.689998626708984
2022-07-20,USDTHB,36.573001861572266
2022-07-21,USDTHB,36.665000915527344
2022-07-22,USDTHB,36.75199890136719
2022-07-25,USDTHB,36.638999938964844
2022-07-26,USDTHB,36.65599822998047
2022-07-27,USDTHB,36.698001861572266
2022-07-28,USDTHB,36.637001037597656
2022-07-29,USDTHB,36.3849983215332
2022-08-01,USDTHB,36.292999267578125
2022-08-02,USDTHB,36.10300064086914
2022-08-03,USDTHB,36.202999114990234
2022-08-04,USDTHB,36.2400016784668
2022-08-05,USDTHB,35.81999969482422
2022-08-08,USDTHB,35.75
2022-08-09,USDTHB,35.529998779296875
2022-08-10,USDTHB,35.33000183105469
2022-08-11,USDTHB,35.31999969482422
2022-08-12,USDTHB,35.20000076293945
2022-08-15,USDTHB,35.29999923706055
2022-08-16,USDTHB,35.53900146484375
2022-08-17,USDTHB,35.37300109863281
2022-08-18,USDTHB,35.47999954223633
2022-08-19,USDTHB,35.630001068115234
2022-08-22,USDTHB,35.78499984741211
2022-08-23,USDTHB,36.119998931884766
2022-08-24,USDTHB,36.04499816894531
2022-08-25,USDTHB,36.05699920654297
2022-08-26,USDTHB,35.810001373291016
2022-08-29,USDTHB,36.290000915527344
2022-08-30,USDTHB,36.31999969482422
2022-08-31,USDTHB,36.43899917602539
2022-09-01,USDTHB,36.62200164794922
2022-09-02,USDTHB,36.768001556396484
2022-09-05,USDTHB,36.72999954223633
2022-09-06,USDTHB,36.540000915527344
2022-09-07,USDTHB,36.6879997253418
2022-09-08,USDTHB,36.52000045776367
2022-09-09,USDTHB,36.40999984741211
2022-09-12,USDTHB,36.369998931884766
2022-09-13,USDTHB,36.268001556396484
2022-09-14,USDTHB,36.599998474121094
2022-09-15,USDTHB,36.630001068115234
2022-09-16,USDTHB,36.939998626708984
2022-09-19,USDTHB,36.79999923706055
2022-09-20,USDTHB,36.900001525878906
2022-09-21,USDTHB,36.97999954223633
2022-09-22,USDTHB,37.209999084472656
2022-09-23,USDTHB,37.369998931884766
2022-09-26,USDTHB,37.58000183105469
2022-09-27,USDTHB,37.94900131225586
2022-09-28,USDTHB,37.970001220703125
2022-09-29,USDTHB,37.90999984741211
2022-09-30,USDTHB,37.86199951171875
2022-10-03,USDTHB,37.823001861572266
2022-10-04,USDTHB,37.79600143432617
2022-10-05,USDTHB,37.40599822998047
2022-10-06,USDTHB,37.439998626708984
2022-10-07,USDTHB,37.327999114990234
2022-10-10,USDTHB,37.59000015258789
2022-10-11,USDTHB,37.9900016784668
2022-10-12,USDTHB,38.09000015258789
2022-10-13,USDTHB,37.88999938964844
2022-10-14,USDTHB,38.02000045776367
2022-10-17,USDTHB,38.279998779296875
2022-10-18,USDTHB,38.08000183105469
2022-10-19,USDTHB,38.06999969482422
2022-10-20,USDTHB,38.29999923706055
2022-10-21,USDTHB,38.20000076293945
2022-10-24,USDTHB,38.04999923706055
2022-10-25,USDTHB,38.209999084472656
2022-10-26,USDTHB,37.95000076293945
2022-10-27,USDTHB,37.70000076293945
2022-10-28,USDTHB,37.790000915527344
2022-10-31,USDTHB,37.86800003051758
2022-11-01,USDTHB,38.060001373291016
2022-11-02,USDTHB,37.707000732421875
2022-11-03,USDTHB,37.83300018310547
2022-11-04,USDTHB,38.012001037597656
2022-11-07,USDTHB,37.43299865722656
2022-11-08,USDTHB,37.29999923706055
2022-11-09,USDTHB,36.90999984741211
2022-11-10,USDTHB,36.86000061035156
2022-11-11,USDTHB,36.15999984741211
2022-11-14,USDTHB,36.018001556396484
2022-11-15,USDTHB,35.683998107910156
2022-11-16,USDTHB,35.542999267578125
2022-11-17,USDTHB,35.801998138427734
2022-11-18,USDTHB,35.84000015258789
2022-11-21,USDTHB,35.755001068115234
2022-11-22,USDTHB,36.290000915527344
2022-11-23,USDTHB,36.09000015258789
2022-11-24,USDTHB,35.97999954223633
2022-11-25,USDTHB,35.779998779296875
2022-11-28,USDTHB,35.95600128173828
2022-11-29,USDTHB,35.784000396728516
2022-11-30,USDTHB,35.41699981689453
2022-12-01,USDTHB,35.06999969482422
2022-12-02,USDTHB,34.790000915527344
2022-12-05,USDTHB,34.66999816894531
2022-12-06,USDTHB,35.040000915527344
2022-12-07,USDTHB,35.0369987487793
2022-12-08,USDTHB,34.900001525878906
2022-12-09,USDTHB,34.72999954223633
2022-12-12,USDTHB,34.70800018310547
2022-12-13,USDTHB,34.84000015258789
2022-12-14,USDTHB,34.59000015258789
2022-12-15,USDTHB,34.52000045776367
2022-12-16,USDTHB,35.08399963378906
2022-12-19,USDTHB,34.81999969482422
2022-12-20,USDTHB,34.84000015258789
2022-12-21,USDTHB,34.65999984741211
2022-12-22,USDTHB,34.650001525878906
2022-12-23,USDTHB,34.83000183105469
2022-12-26,USDTHB,34.60900115966797
2022-12-27,USDTHB,34.65999984741211
2022-12-28,USDTHB,34.619998931884766
2022-12-29,USDTHB,34.70000076293945
2022-12-30,USDTHB,34.58000183105469
2023-01-02,USDTHB,34.44300079345703
2023-01-03,USDTHB,34.4900016784668
2023-01-04,USDTHB,34.380001068115234
2023-01-05,USDTHB,33.88800048828125
2023-01-06,USDTHB,34.040000915527344
2023-01-09,USDTHB,33.62799835205078
2023-01-10,USDTHB,33.41699981689453
2023-01-11,USDTHB,33.45000076293945
2023-01-12,USDTHB,33.36199951171875
2023-01-13,USDTHB,33.10200119018555
2023-01-16,USDTHB,32.875999450683594
2023-01-17,USDTHB,33.02000045776367
2023-01-18,USDTHB,33.0
2023-01-19,USDTHB,33.0
2023-01-20,USDTHB,32.880001068115234
2023-01-23,USDTHB,32.7130012512207
2023-01-24,USDTHB,32.709999084472656
2023-01-25,USDTHB,32.77000045776367
2023-01-26,USDTHB,32.73099899291992
2023-01-27,USDTHB,32.779998779296875
2023-01-30,USDTHB,32.76499938964844
2023-01-31,USDTHB,32.7599983215332
2023-02-01,USDTHB,32.8650016784668
2023-02-02,USDTHB,32.72200012207031
2023-02-03,USDTHB,33.04999923706055
2023-02-06,USDTHB,33.53099822998047
2023-02-07,USDTHB,33.75
2023-02-08,USDTHB,33.50600051879883
2023-02-09,USDTHB,33.48500061035156
2023-02-10,USDTHB,33.560001373291016
2023-02-13,USDTHB,33.327999114990234
2023-02-14,USDTHB,33.790000915527344
2023-02-15,USDTHB,33.849998474121094
2023-02-16,USDTHB,34.25899887084961
2023-02-17,USDTHB,34.400001525878906
2023-02-20,USDTHB,34.41699981689453
2023-02-21,USDTHB,34.38600158691406
2023-02-22,USDTHB,34.650001525878906
2023-02-23,USDTHB,34.650001525878906
2023-02-24,USDTHB,34.71200180053711
2023-02-27,USDTHB,34.93899917602539
2023-02-28,USDTHB,34.9900016784668
2023-03-01,USDTHB,35.21099853515625
2023-03-02,USDTHB,34.6879997253418
2023-03-03,USDTHB,34.81999969482422
2023-03-06,USDTHB,34.53300094604492
2023-03-07,USDTHB,34.43299865722656
2023-03-08,USDTHB,35.05400085449219
2023-03-09,USDTHB,35.042999267578125
2023-03-10,USDTHB,35.0
2023-03-13,USDTHB,34.584999084472656
2023-03-14,USDTHB,34.52000045776367
2023-03-15,USDTHB,34.54199981689453
2023-03-16,USDTHB,34.560001373291016
2023-03-17,USDTHB,34.43000030517578
2023-03-20,USDTHB,34.05799865722656
2023-03-21,USDTHB,34.0359992980957
2023-03-22,USDTHB,34.41299819946289
2023-03-23,USDTHB,34.209999084472656
2023-03-24,USDTHB,34.029998779296875
2023-03-27,USDTHB,34.189998626708984
2023-03-28,USDTHB,34.40999984741211
2023-03-29,USDTHB,34.22999954223633
2023-03-30,USDTHB,34.16999816894531
2023-03-31,USDTHB,34.1150016784668
2023-04-03,USDTHB,34.279998779296875
2023-04-04,USDTHB,34.20000076293945
2023-04-05,USDTHB,34.0099983215332
2023-04-06,USDTHB,33.939998626708984
2023-04-07,USDTHB,34.119998931884766
2023-04-10,USDTHB,34.16999816894531
2023-04-11,USDTHB,34.36000061035156
2023-04-12,USDTHB,34.27000045776367
2023-04-13,USDTHB,34.12200164794922
2023-04-14,USDTHB,34.000999450683594
2023-04-17,USDTHB,34.34000015258789
2023-04-18,USDTHB,34.48500061035156
2023-04-19,USDTHB,34.279998779296875
2023-04-20,USDTHB,34.42100143432617
2023-04-21,USDTHB,34.29999923706055
2023-04-24,USDTHB,34.34700012207031
2023-04-25,USDTHB,34.290000915527344
2023-04-26,USDTHB,34.310001373291016
2023-04-27,USDTHB,34.130001068115234
2023-04-28,USDTHB,34.08599853515625
2023-05-01,USDTHB,34.130001068115234
2023-05-02,USDTHB,34.194000244140625
2023-05-03,USDTHB,34.06999969482422
2023-05-04,USDTHB,33.849998474121094
2023-05-05,USDTHB,33.779998779296875
2023-05-08,USDTHB,33.86000061035156
2023-05-09,USDTHB,33.810001373291016
2023-05-10,USDTHB,33.66999816894531
2023-05-11,USDTHB,33.630001068115234
2023-05-12,USDTHB,33.78200149536133
2023-05-15,USDTHB,33.880001068115234
2023-05-16,USDTHB,33.7599983215332
2023-05-17,USDTHB,34.07899856567383
2023-05-18,USDTHB,34.25
2023-05-19,USDTHB,34.40999984741211
2023-05-22,USDTHB,34.27799987792969
2023-05-23,USDTHB,34.459999084472656
2023-05-24,USDTHB,34.61000061035156
2023-05-25,USDTHB,34.65599822998047
2023-05-26,USDTHB,34.729000091552734
2023-05-29,USDTHB,34.72999954223633
2023-05-30,USDTHB,34.709999084472656
2023-05-31,USDTHB,34.70000076293945
2023-06-01,USDTHB,34.630001068115234
2023-06-02,USDTHB,34.58000183105469
2023-06-05,USDTHB,34.84000015258789
2023-06-06,USDTHB,34.7599983215332
2023-06-07,USDTHB,34.733001708984375
2023-06-08,USDTHB,34.803001403808594
2023-06-09,USDTHB,34.60300064086914
2023-06-12,USDTHB,34.59000015258789
2023-06-13,USDTHB,34.61000061035156
2023-06-14,USDTHB,34.66999816894531
2023-06-15,USDTHB,34.63800048828125
2023-06-16,USDTHB,34.58000183105469
2023-06-19,USDTHB,34.68000030517578
2023-06-20,USDTHB,34.73699951171875
2023-06-21,USDTHB,34.81800079345703
2023-06-22,USDTHB,34.770999908447266
2023-06-23,USDTHB,35.10499954223633
2023-06-26,USDTHB,35.20000076293945
2023-06-27,USDTHB,35.220001220703125
2023-06-28,USDTHB,35.27000045776367
2023-06-29,USDTHB,35.59000015258789
2023-06-30,USDTHB,35.619998931884766
2023-07-03,USDTHB,35.29999923706055
2023-07-04,USDTHB,35.029998779296875
2023-07-05,USDTHB,34.8489990234375
2023-07-06,USDTHB,34.9640007019043
2023-07-07,USDTHB,35.18000030517578
2023-07-10,USDTHB,35.130001068115234
2023-07-11,USDTHB,35.040000915527344
2023-07-12,USDTHB,34.75
2023-07-13,USDTHB,34.64400100708008
2023-07-14,USDTHB,34.54999923706055
2023-07-17,USDTHB,34.630001068115234
2023-07-18,USDTHB,34.59000015258789
2023-07-19,USDTHB,34.04999923706055
2023-07-20,USDTHB,33.99399948120117
2023-07-21,USDTHB,34.189998626708984
2023-07-24,USDTHB,34.400001525878906
2023-07-25,USDTHB,34.54999923706055
2023-07-26,USDTHB,34.38800048828125
2023-07-27,USDTHB,34.2239990234375
2023-07-28,USDTHB,34.45399856567383
2023-07-31,USDTHB,34.2400016784668
2023-08-01,USDTHB,34.236000061035156
2023-08-02,USDTHB,34.290000915527344
2023-08-03,USDTHB,34.45000076293945
2023-08-04,USDTHB,34.560001373291016
2023-08-07,USDTHB,34.630001068115234
2023-08-08,USDTHB,34.81999969482422
2023-08-09,USDTHB,35.0
2023-08-10,USDTHB,35.05500030517578
2023-08-11,USDTHB,35.119998931884766
2023-08-14,USDTHB,35.084999084472656
2023-08-15,USDTHB,35.22999954223633
2023-08-16,USDTHB,35.40999984741211
2023-08-17,USDTHB,35.46900177001953
2023-08-18,USDTHB,35.46900177001953
2023-08-21,USDTHB,35.369998931884766
2023-08-22,USDTHB,35.189998626708984
2023-08-23,USDTHB,35.02000045776367
2023-08-24,USDTHB,34.90299987792969
2023-08-25,USDTHB,34.9900016784668
2023-08-28,USDTHB,35.06700134277344
2023-08-29,USDTHB,35.22999954223633
2023-08-30,USDTHB,35.0
2023-08-31,USDTHB,34.994998931884766
2023-09-01,USDTHB,35.00199890136719
2023-09-04,USDTHB,35.099998474121094
2023-09-05,USDTHB,35.26100158691406
2023-09-06,USDTHB,35.44499969482422
2023-09-07,USDTHB,35.55099868774414
2023-09-08,USDTHB,35.63199996948242
2023-09-11,USDTHB,35.5
2023-09-12,USDTHB,35.5
2023-09-13,USDTHB,35.59000015258789
2023-09-14,USDTHB,35.7400016784668
2023-09-15,USDTHB,35.779998779296875
2023-09-18,USDTHB,35.709999084472656
2023-09-19,USDTHB,35.665000915527344
2023-09-20,USDTHB,36.00899887084961
2023-09-21,USDTHB,36.22999954223633
2023-09-22,USDTHB,36.119998931884766
2023-09-25,USDTHB,35.970001220703125
2023-09-26,USDTHB,36.14400100708008
2023-09-27,USDTHB,36.39699935913086
2023-09-28,USDTHB,36.66999816894531
2023-09-29,USDTHB,36.566001892089844
2023-10-02,USDTHB,36.67399978637695
2023-10-03,USDTHB,37.02399826049805
2023-10-04,USDTHB,37.09000015258789
2023-10-05,USDTHB,36.91600036621094
2023-10-06,USDTHB,36.935001373291016
2023-10-09,USDTHB,36.939998626708984
2023-10-10,USDTHB,36.90999984741211
2023-10-11,USDTHB,36.5629997253418
2023-10-12,USDTHB,36.41999816894531
2023-10-13,USDTHB,36.39899826049805
2023-10-16,USDTHB,36.185001373291016
2023-10-17,USDTHB,36.29399871826172
2023-10-18,USDTHB,36.36000061035156
2023-10-19,USDTHB,36.32899856567383
2023-10-20,USDTHB,36.354000091552734
2023-10-23,USDTHB,36.529998779296875
2023-10-24,USDTHB,36.28900146484375
2023-10-25,USDTHB,36.15999984741211
2023-10-26,USDTHB,36.220001220703125
2023-10-27,USDTHB,36.220001220703125
2023-10-30,USDTHB,36.097999572753906
2023-10-31,USDTHB,35.90999984741211
2023-11-01,USDTHB,36.099998474121094
2023-11-02,USDTHB,36.01300048828125
2023-11-03,USDTHB,35.95899963378906
2023-11-06,USDTHB,35.518001556396484
2023-11-07,USDTHB,35.4900016784668
2023-11-08,USDTHB,35.49700164794922
2023-11-09,USDTHB,35.529998779296875
2023-11-10,USDTHB,35.76499938964844
2023-11-13,USDTHB,36.077999114990234
2023-11-14,USDTHB,35.9900016784668
2023-11-15,USDTHB,35.49700164794922
2023-11-16,USDTHB,35.500999450683594
2023-11-17,USDTHB,35.19499969482422
2023-11-20,USDTHB,35.10499954223633
2023-11-21,USDTHB,35.15299987792969
2023-11-22,USDTHB,35.11800003051758
2023-11-23,USDTHB,35.237998962402344
2023-11-24,USDTHB,35.27399826049805
2023-11-27,USDTHB,35.37300109863281
2023-11-28,USDTHB,34.99399948120117
2023-11-29,USDTHB,34.65999984741211
2023-11-30,USDTHB,34.801998138427734
2023-12-01,USDTHB,35.25699996948242
2023-12-04,USDTHB,34.733001708984375
2023-12-05,USDTHB,35.21500015258789
2023-12-06,USDTHB,35.2400016784668
2023-12-07,USDTHB,35.196998596191406
2023-12-08,USDTHB,35.11000061035156
2023-12-11,USDTHB,35.46200180053711
2023-12-12,USDTHB,35.68000030517578
2023-12-13,USDTHB,35.650001525878906
2023-12-14,USDTHB,35.08700180053711
2023-12-15,USDTHB,34.880001068115234
2023-12-18,USDTHB,34.95199966430664
2023-12-19,USDTHB,34.939998626708984
2023-12-20,USDTHB,34.83000183105469
2023-12-21,USDTHB,34.952999114990234
2023-12-22,USDTHB,34.685001373291016
2023-12-25,USDTHB,34.39400100708008
2023-12-26,USDTHB,34.507999420166016
2023-12-27,USDTHB,34.47100067138672
2023-12-28,USDTHB,34.19499969482422
2023-12-29,USDTHB,34.290000915527344
2024-01-01,USDTHB,34.41999816894531
2024-01-02,USDTHB,34.32600021362305
2024-01-03,USDTHB,34.209999084472656
2024-01-04,USDTHB,34.439998626708984
2024-01-05,USDTHB,34.48899841308594
2024-01-08,USDTHB,34.637001037597656
2024-01-09,USDTHB,34.939998626708984
2024-01-10,USDTHB,34.91400146484375
2024-01-11,USDTHB,35.01300048828125
2024-01-12,USDTHB,34.98699951171875
2024-01-15,USDTHB,34.946998596191406
2024-01-16,USDTHB,34.959999084472656
2024-01-17,USDTHB,35.38600158691406
2024-01-18,USDTHB,35.57500076293945
2024-01-19,USDTHB,35.529998779296875
2024-01-22,USDTHB,35.529998779296875
2024-01-23,USDTHB,35.57899856567383
2024-01-24,USDTHB,35.643001556396484
2024-01-25,USDTHB,35.709999084472656
2024-01-26,USDTHB,35.72999954223633
2024-01-29,USDTHB,35.60300064086914
2024-01-30,USDTHB,35.43000030517578
2024-01-31,USDTHB,35.35100173950195
2024-02-01,USDTHB,35.54899978637695
2024-02-02,USDTHB,35.29800033569336
2024-02-05,USDTHB,35.57500076293945
2024-02-06,USDTHB,35.7599983215332
2024-02-07,USDTHB,35.54999923706055
2024-02-08,USDTHB,35.481998443603516
2024-02-09,USDTHB,35.83000183105469
2024-02-12,USDTHB,35.87200164794922
2024-02-13,USDTHB,35.87099838256836
2024-02-14,USDTHB,36.0620002746582
2024-02-15,USDTHB,36.05500030517578
2024-02-16,USDTHB,36.040000915527344
2024-02-19,USDTHB,35.94499969482422
2024-02-20,USDTHB,36.119998931884766
2024-02-21,USDTHB,35.97999954223633
2024-02-22,USDTHB,35.840999603271484
2024-02-23,USDTHB,35.93000030517578
2024-02-26,USDTHB,35.9370002746582
2024-02-27,USDTHB,35.930999755859375
2024-02-28,USDTHB,35.880001068115234
2024-02-29,USDTHB,35.95399856567383
2024-03-01,USDTHB,35.83000183105469
2024-03-04,USDTHB,35.797000885009766
2024-03-05,USDTHB,35.70100021362305
2024-03-06,USDTHB,35.777000427246094
2024-03-07,USDTHB,35.58700180053711
2024-03-08,USDTHB,35.492000579833984
2024-03-11,USDTHB,35.39799880981445
2024-03-12,USDTHB,35.38999938964844
2024-03-13,USDTHB,35.729000091552734
2024-03-14,USDTHB,35.612998962402344
2024-03-15,USDTHB,35.7599983215332
2024-03-18,USDTHB,35.900001525878906
2024-03-19,USDTHB,35.970001220703125
2024-03-20,USDTHB,36.04999923706055
2024-03-21,USDTHB,35.91699981689453
2024-03-22,USDTHB,36.29100036621094
2024-03-25,USDTHB,36.3390007019043
2024-03-26,USDTHB,36.34000015258789
2024-03-27,USDTHB,36.310001373291016
2024-03-28,USDTHB,36.400001525878906
2024-03-29,USDTHB,36.36000061035156
2024-04-01,USDTHB,36.40299987792969
2024-04-02,USDTHB,36.59000015258789
2024-04-03,USDTHB,36.571998596191406
2024-04-04,USDTHB,36.582000732421875
2024-04-05,USDTHB,36.678001403808594
2024-04-08,USDTHB,36.65999984741211
2024-04-09,USDTHB,36.689998626708984
2024-04-10,USDTHB,36.33000183105469
2024-04-11,USDTHB,36.71900177001953
2024-04-12,USDTHB,36.4109992980957
2024-04-15,USDTHB,36.619998931884766
2024-04-16,USDTHB,36.7599983215332
2024-04-17,USDTHB,36.66600036621094
2024-04-18,USDTHB,36.77000045776367
2024-04-19,USDTHB,36.79600143432617
2024-04-22,USDTHB,36.869998931884766
2024-04-23,USDTHB,37.06800079345703
2024-04-24,USDTHB,36.887001037597656
2024-04-25,USDTHB,37.04100036621094
2024-04-26,USDTHB,37.00699996948242
2024-04-29,USDTHB,36.981998443603516
2024-04-30,USDTHB,36.999000549316406
2024-05-01,USDTHB,37.17599868774414
2024-05-02,USDTHB,36.9640007019043
2024-05-03,USDTHB,36.79999923706055
2024-05-06,USDTHB,36.720001220703125
2024-05-07,USDTHB,36.75
2024-05-08,USDTHB,36.939998626708984
2024-05-09,USDTHB,36.917999267578125
2024-05-10,USDTHB,36.70000076293945
2024-05-13,USDTHB,36.790000915527344
2024-05-14,USDTHB,36.7760009765625
2024-05-15,USDTHB,36.55699920654297
2024-05-16,USDTHB,36.2599983215332
2024-05-17,USDTHB,36.189998626708984
2024-05-20,USDTHB,36.119998931884766
2024-05-21,USDTHB,36.125
2024-05-22,USDTHB,36.354000091552734
2024-05-23,USDTHB,36.4900016784668
2024-05-24,USDTHB,36.63199996948242
2024-05-27,USDTHB,36.63999938964844
2024-05-28,USDTHB,36.54999923706055
2024-05-29,USDTHB,36.573001861572266
2024-05-30,USDTHB,36.779998779296875
2024-05-31,USDTHB,36.680999755859375
2024-06-03,USDTHB,36.75
2024-06-04,USDTHB,36.573001861572266
2024-06-05,USDTHB,36.55400085449219
2024-06-06,USDTHB,36.56999969482422
2024-06-07,USDTHB,36.39500045776367
2024-06-10,USDTHB,36.90999984741211
2024-06-11,USDTHB,36.709999084472656
2024-06-12,USDTHB,36.70800018310547
2024-06-13,USDTHB,36.619998931884766
2024-06-14,USDTHB,36.749000549316406
2024-06-17,USDTHB,36.68000030517578
2024-06-18,USDTHB,36.810001373291016
2024-06-19,USDTHB,36.641998291015625
2024-06-20,USDTHB,36.66699981689453
2024-06-21,USDTHB,36.71699905395508
2024-06-24,USDTHB,36.7599983215332
2024-06-25,USDTHB,36.597999572753906
2024-06-26,USDTHB,36.72999954223633
2024-06-27,USDTHB,36.93299865722656
2024-06-28,USDTHB,36.81999969482422
2024-07-01,USDTHB,36.66999816894531
2024-07-02,USDTHB,36.71500015258789
2024-07-03,USDTHB,36.810001373291016
2024-07-04,USDTHB,36.6349983215332
2024-07-05,USDTHB,36.630001068115234
2024-07-08,USDTHB,36.5
2024-07-09,USDTHB,36.38999938964844
2024-07-10,USDTHB,36.40999984741211
2024-07-11,USDTHB,36.31999969482422
2024-07-12,USDTHB,36.02899932861328
2024-07-15,USDTHB,36.18000030517578
2024-07-16,USDTHB,36.11000061035156
2024-07-17,USDTHB,35.97600173950195
2024-07-18,USDTHB,35.867000579833984
2024-07-19,USDTHB,36.13999938964844
2024-07-22,USDTHB,36.279998779296875
2024-07-23,USDTHB,36.29999923706055
2024-07-24,USDTHB,36.13999938964844
2024-07-25,USDTHB,36.097999572753906
2024-07-26,USDTHB,36.209999084472656
2024-07-29,USDTHB,35.970001220703125
2024-07-30,USDTHB,35.93000030517578
2024-07-31,USDTHB,35.8380012512207
2024-08-01,USDTHB,35.5
2024-08-02,USDTHB,35.573001861572266
2024-08-05,USDTHB,35.279998779296875
2024-08-06,USDTHB,35.5
2024-08-07,USDTHB,35.393001556396484
2024-08-08,USDTHB,35.58000183105469
2024-08-09,USDTHB,35.2599983215332
2024-08-12,USDTHB,35.220001220703125
2024-08-13,USDTHB,35.03200149536133
2024-08-14,USDTHB,34.91400146484375
2024-08-15,USDTHB,35.06700134277344
2024-08-16,USDTHB,35.04399871826172
2024-08-19,USDTHB,34.58000183105469
2024-08-20,USDTHB,34.319000244140625
2024-08-21,USDTHB,34.130001068115234
2024-08-22,USDTHB,34.290000915527344
2024-08-23,USDTHB,34.4900016784668
2024-08-26,USDTHB,33.95000076293945
2024-08-27,USDTHB,33.970001220703125
2024-08-28,USDTHB,33.91400146484375
2024-08-29,USDTHB,34.042999267578125
2024-08-30,USDTHB,33.88999938964844
2024-09-02,USDTHB,33.91999816894531
2024-09-03,USDTHB,34.16999816894531
2024-09-04,USDTHB,34.25699996948242
2024-09-05,USDTHB,33.946998596191406
2024-09-06,USDTHB,33.58100128173828
2024-09-09,USDTHB,33.69300079345703
2024-09-10,USDTHB,33.86899948120117
2024-09-11,USDTHB,33.62900161743164
2024-09-12,USDTHB,33.790000915527344
2024-09-13,USDTHB,33.38399887084961
2024-09-16,USDTHB,33.222999572753906
2024-09-17,USDTHB,33.25
2024-09-18,USDTHB,33.375
2024-09-19,USDTHB,33.37300109863281
2024-09-20,USDTHB,33.11000061035156
2024-09-23,USDTHB,32.959999084472656
2024-09-24,USDTHB,32.91999816894531
2024-09-25,USDTHB,32.5629997253418
2024-09-26,USDTHB,32.77000045776367
2024-09-27,USDTHB,32.36600112915039
2024-09-30,USDTHB,32.349998474121094
2024-10-01,USDTHB,32.38999938964844
2024-10-02,USDTHB,32.52899932861328
2024-10-03,USDTHB,32.89099884033203
2024-10-04,USDTHB,33.11000061035156
2024-10-07,USDTHB,33.29999923706055
2024-10-08,USDTHB,33.470001220703125
2024-10-09,USDTHB,33.54999923706055
2024-10-10,USDTHB,33.52000045776367
2024-10-11,USDTHB,33.430999755859375
2024-10-14,USDTHB,33.2599983215332
2024-10-15,USDTHB,33.2239990234375
2024-10-16,USDTHB,33.290000915527344
2024-10-17,USDTHB,33.176998138427734
2024-10-18,USDTHB,33.14400100708008
2024-10-21,USDTHB,33.09000015258789
2024-10-22,USDTHB,33.5099983215332
2024-10-23,USDTHB,33.5099983215332
2024-10-24,USDTHB,33.77799987792969
2024-10-25,USDTHB,33.672000885009766
2024-10-28,USDTHB,33.75400161743164
2024-10-29,USDTHB,33.7599983215332
2024-10-30,USDTHB,33.630001068115234
2024-10-31,USDTHB,33.749000549316406
2024-11-01,USDTHB,33.8129997253418
2024-11-04,USDTHB,33.86399841308594
2024-11-05,USDTHB,33.76300048828125
2024-11-06,USDTHB,33.472999572753906
2024-11-07,USDTHB,34.347999572753906
2024-11-08,USDTHB,33.97999954223633
2024-11-11,USDTHB,34.266998291015625
2024-11-12,USDTHB,34.459999084472656
2024-11-13,USDTHB,34.83000183105469
2024-11-14,USDTHB,34.95000076293945
2024-11-15,USDTHB,34.97200012207031
2024-11-18,USDTHB,34.75699996948242
2024-11-19,USDTHB,34.57899856567383
2024-11-20,USDTHB,34.49300003051758
2024-11-21,USDTHB,34.630001068115234
2024-11-22,USDTHB,34.720001220703125
2024-11-25,USDTHB,34.41999816894531
2024-11-26,USDTHB,34.6510009765625
2024-11-27,USDTHB,34.71200180053711
2024-11-28,USDTHB,34.5099983215332
2024-11-29,USDTHB,34.400001525878906
2024-12-02,USDTHB,34.35100173950195
2024-12-03,USDTHB,34.4739990234375
2024-12-04,USDTHB,34.33000183105469
2024-12-05,USDTHB,34.21200180053711
2024-12-06,USDTHB,34.06999969482422
2024-12-09,USDTHB,34.060001373291016
2024-12-10,USDTHB,33.75400161743164
2024-12-11,USDTHB,33.707000732421875
2024-12-12,USDTHB,33.797000885009766
2024-12-13,USDTHB,33.91999816894531
2024-12-16,USDTHB,34.09199905395508
2024-12-17,USDTHB,34.042999267578125
2024-12-18,USDTHB,34.18000030517578
2024-12-19,USDTHB,34.58000183105469
2024-12-20,USDTHB,34.58000183105469
2024-12-23,USDTHB,34.25699996948242
2024-12-24,USDTHB,34.279998779296875
2024-12-25,USDTHB,34.064998626708984
2024-12-26,USDTHB,34.17599868774414
2024-12-27,USDTHB,34.119998931884766
2024-12-30,USDTHB,33.9900016784668
2024-12-31,USDTHB,34.138999938964844
2025-01-02,USDTHB,34.290000915527344
2025-01-03,USDTHB,34.380001068115234
2025-01-06,USDTHB,34.43299865722656
2025-01-07,USDTHB,34.619998931884766
2025-01-08,USDTHB,34.560001373291016
2025-01-09,USDTHB,34.60300064086914
2025-01-10,USDTHB,34.51300048828125
2025-01-13,USDTHB,34.60499954223633
2025-01-14,USDTHB,34.6510009765625
2025-01-15,USDTHB,34.689998626708984
2025-01-16,USDTHB,34.53799819946289
2025-01-17,USDTHB,34.53799819946289
2025-01-20,USDTHB,34.47200012207031
2025-01-21,USDTHB,34.07400131225586
2025-01-22,USDTHB,33.974998474121094
2025-01-23,USDTHB,33.87099838256836
2025-01-24,USDTHB,33.981998443603516
2025-01-27,USDTHB,33.67300033569336
2025-01-28,USDTHB,33.8650016784668
2025-01-29,USDTHB,33.810001373291016
2025-01-30,USDTHB,33.720001220703125
2025-01-31,USDTHB,33.61000061035156
2025-02-03,USDTHB,34.0
2025-02-04,USDTHB,33.849998474121094
2025-02-05,USDTHB,33.66999816894531
2025-02-06,USDTHB,33.54999923706055
2025-02-07,USDTHB,33.77000045776367
2025-02-10,USDTHB,33.875
2025-02-11,USDTHB,33.941001892089844
2025-02-12,USDTHB,34.03300094604492
2025-02-13,USDTHB,34.0
2025-02-14,USDTHB,33.65999984741211
2025-02-17,USDTHB,33.72200012207031
2025-02-18,USDTHB,33.68000030517578
2025-02-19,USDTHB,33.63999938964844
2025-02-20,USDTHB,33.72999954223633
2025-02-21,USDTHB,33.540000915527344
2025-02-24,USDTHB,33.534000396728516
2025-02-25,USDTHB,33.52000045776367
2025-02-26,USDTHB,33.75600051879883
2025-02-27,USDTHB,33.7400016784668
2025-02-28,USDTHB,34.04999923706055
2025-03-03,USDTHB,34.202999114990234
2025-03-04,USDTHB,34.018001556396484
2025-03-05,USDTHB,33.66999816894531
2025-03-06,USDTHB,33.59000015258789
2025-03-07,USDTHB,33.69900131225586
2025-03-10,USDTHB,33.71799850463867
2025-03-11,USDTHB,33.900001525878906
2025-03-12,USDTHB,33.709999084472656
2025-03-13,USDTHB,33.77000045776367
2025-03-14,USDTHB,33.68000030517578
2025-03-17,USDTHB,33.643001556396484
2025-03-18,USDTHB,33.59000015258789
2025-03-19,USDTHB,33.630001068115234
2025-03-20,USDTHB,33.54999923706055
2025-03-21,USDTHB,33.720001220703125
2025-03-24,USDTHB,33.87699890136719
2025-03-25,USDTHB,33.959999084472656
2025-03-26,USDTHB,33.810001373291016
2025-03-27,USDTHB,34.0099983215332
2025-03-28,USDTHB,33.810001373291016
2025-03-31,USDTHB,34.0099983215332
2025-04-01,USDTHB,33.97999954223633
2025-04-02,USDTHB,34.18000030517578
2025-04-03,USDTHB,34.34000015258789
2025-04-04,USDTHB,34.22999954223633
2025-04-07,USDTHB,34.599998474121094
2025-04-08,USDTHB,34.70000076293945
2025-04-09,USDTHB,34.880001068115234
2025-04-10,USDTHB,34.130001068115234
2025-04-11,USDTHB,33.81999969482422
2025-04-14,USDTHB,33.5
2025-04-15,USDTHB,33.54999923706055
2025-04-16,USDTHB,33.470001220703125
2025-04-17,USDTHB,33.08000183105469
2025-04-22,USDTHB,33.04999923706055
2025-04-23,USDTHB,33.560001373291016
2025-04-24,USDTHB,33.54999923706055
2025-04-25,USDTHB,33.38999938964844
2025-04-28,USDTHB,33.58000183105469
2025-04-29,USDTHB,33.34000015258789
2025-04-30,USDTHB,33.43000030517578
2025-05-01,USDTHB,33.41999816894531
2025-05-02,USDTHB,33.5099983215332
2025-05-05,USDTHB,33.09000015258789
2025-05-06,USDTHB,32.90999984741211
2025-05-07,USDTHB,32.630001068115234
2025-05-08,USDTHB,32.87699890136719
2025-05-09,USDTHB,33.060001373291016
2025-05-12,USDTHB,33.040000915527344
2025-05-13,USDTHB,33.40999984741211
2025-05-14,USDTHB,33.209999084472656
2025-05-15,USDTHB,33.439998626708984
2025-05-16,USDTHB,33.18000030517578
2025-05-19,USDTHB,33.183998107910156
2025-05-20,USDTHB,33.11000061035156
2025-05-21,USDTHB,32.85900115966797
2025-05-22,USDTHB,32.70000076293945
2025-05-23,USDTHB,32.849998474121094
2025-05-26,USDTHB,32.560001373291016
2025-05-27,USDTHB,32.58000183105469
2025-05-28,USDTHB,32.70000076293945
2025-05-29,USDTHB,32.797000885009766
2025-05-30,USDTHB,32.529998779296875
2025-06-02,USDTHB,32.75
2025-06-03,USDTHB,32.5
2025-06-04,USDTHB,32.61000061035156
2025-06-05,USDTHB,32.58000183105469
2025-06-06,USDTHB,32.59000015258789
2025-06-09,USDTHB,32.72999954223633
2025-06-10,USDTHB,32.62900161743164
2025-06-11,USDTHB,32.599998474121094
2025-06-12,USDTHB,32.5260009765625
2025-06-13,USDTHB,32.34000015258789
2025-06-16,USDTHB,32.380001068115234
2025-06-17,USDTHB,32.470001220703125
2025-06-18,USDTHB,32.582000732421875
2025-06-19,USDTHB,32.65800094604492
2025-06-20,USDTHB,32.70000076293945
2025-06-23,USDTHB,33.01900100708008
2025-06-24,USDTHB,32.784000396728516
2025-06-25,USDTHB,32.630001068115234
2025-06-26,USDTHB,32.50600051879883
2025-06-27,USDTHB,32.529998779296875
2025-06-30,USDTHB,32.63600158691406
2025-07-01,USDTHB,32.41999816894531
2025-07-02,USDTHB,32.4370002746582
2025-07-03,USDTHB,32.319000244140625
2025-07-04,USDTHB,32.43000030517578
2025-07-07,USDTHB,32.380001068115234
2025-07-08,USDTHB,32.619998931884766
2025-07-09,USDTHB,32.61000061035156
2025-07-10,USDTHB,32.619998931884766
2025-07-11,USDTHB,32.59000015258789
2025-07-14,USDTHB,32.369998931884766
2025-07-15,USDTHB,32.459999084472656
2025-07-16,USDTHB,32.56999969482422
2025-07-17,USDTHB,32.470001220703125
2025-07-18,USDTHB,32.470001220703125
2025-07-21,USDTHB,32.380001068115234
2025-07-22,USDTHB,32.209999084472656
2025-07-23,USDTHB,32.18000030517578
2025-07-24,USDTHB,32.150001525878906
2025-07-25,USDTHB,32.279998779296875
2025-07-28,USDTHB,32.36000061035156
2025-07-29,USDTHB,32.470001220703125
2025-07-30,USDTHB,32.400001525878906
2025-07-31,USDTHB,32.709999084472656
2025-08-01,USDTHB,32.7400016784668
2025-08-04,USDTHB,32.369998931884766
2025-08-05,USDTHB,32.310001373291016
2025-08-06,USDTHB,32.34000015258789
2025-08-07,USDTHB,32.34000015258789
2025-08-08,USDTHB,32.284000396728516
2025-08-11,USDTHB,32.36000061035156
2025-08-12,USDTHB,32.43000030517578
2025-08-13,USDTHB,32.38999938964844
2025-08-14,USDTHB,32.25199890136719
2025-08-15,USDTHB,32.459999084472656
2025-08-18,USDTHB,32.43000030517578
2025-08-19,USDTHB,32.5099983215332
2025-08-20,USDTHB,32.58000183105469
2025-08-21,USDTHB,32.560001373291016
2025-08-22,USDTHB,32.65999984741211
2025-08-25,USDTHB,32.36000061035156
2025-08-26,USDTHB,32.47999954223633
2025-08-27,USDTHB,32.43000030517578
2025-08-28,USDTHB,32.400001525878906
2025-08-29,USDTHB,32.2599983215332
2025-09-01,USDTHB,32.31999969482422
2025-09-02,USDTHB,32.279998779296875
2025-09-03,USDTHB,32.310001373291016
2025-09-04,USDTHB,32.27000045776367
2025-09-05,USDTHB,32.27000045776367
2025-09-08,USDTHB,32.08000183105469
2025-09-09,USDTHB,31.68000030517578
2025-09-10,USDTHB,31.760000228881836
2025-09-11,USDTHB,31.760000228881836
2025-09-12,USDTHB,31.709999084472656
2025-09-15,USDTHB,31.729999542236328
2025-09-16,USDTHB,31.81999969482422
2025-09-17,USDTHB,31.65999984741211
2025-09-18,USDTHB,31.780000686645508
2025-09-19,USDTHB,31.889999389648438
2025-09-22,USDTHB,31.8799991607666
2025-09-23,USDTHB,31.75
2025-09-24,USDTHB,31.8799991607666
2025-09-25,USDTHB,32.09000015258789
2025-09-26,USDTHB,32.220001220703125
2025-09-29,USDTHB,32.189998626708984
2025-09-30,USDTHB,32.209999084472656
2025-10-01,USDTHB,32.459999084472656
2025-10-02,USDTHB,32.38999938964844
2025-10-03,USDTHB,32.439998626708984
2025-10-06,USDTHB,32.38999938964844
2025-10-07,USDTHB,32.459999084472656
2025-10-08,USDTHB,32.47999954223633
2025-10-09,USDTHB,32.54999923706055
2025-10-10,USDTHB,32.77000045776367
2025-10-13,USDTHB,32.619998931884766
2025-10-14,USDTHB,32.59000015258789
2025-10-15,USDTHB,32.599998474121094
2025-10-16,USDTHB,32.529998779296875
2025-10-17,USDTHB,32.5
2025-10-20,USDTHB,32.75
2025-10-21,USDTHB,32.529998779296875
2025-10-22,USDTHB,32.86000061035156
2025-10-23,USDTHB,32.779998779296875
2025-10-24,USDTHB,32.79999923706055
2025-10-27,USDTHB,32.68000030517578
2025-10-28,USDTHB,32.619998931884766
2025-10-29,USDTHB,32.34000015258789
2025-10-30,USDTHB,32.400001525878906
2025-10-31,USDTHB,32.29999923706055
2025-11-03,USDTHB,32.3650016784668
2025-11-04,USDTHB,32.4900016784668
2025-11-05,USDTHB,32.560001373291016
2025-11-06,USDTHB,32.4900016784668
2025-11-07,USDTHB,32.369998931884766
2025-11-10,USDTHB,32.369998931884766
2025-11-11,USDTHB,32.349998474121094
2025-11-12,USDTHB,32.36000061035156
2025-11-13,USDTHB,32.349998474121094
2025-11-14,USDTHB,32.349998474121094
2025-11-17,USDTHB,32.380001068115234
2025-11-18,USDTHB,32.470001220703125
2025-11-19,USDTHB,32.369998931884766
2025-11-20,USDTHB,32.439998626708984
2025-11-21,USDTHB,32.439998626708984
2025-11-24,USDTHB,32.369998931884766
2025-11-25,USDTHB,32.349998474121094
2025-11-26,USDTHB,32.279998779296875
2025-11-27,USDTHB,32.20000076293945
2025-11-28,USDTHB,32.209999084472656
2025-12-01,USDTHB,32.084999084472656
2025-12-02,USDTHB,32.0099983215332
2025-12-03,USDTHB,32.0099983215332
2025-12-04,USDTHB,31.889999389648438
2025-12-05,USDTHB,32.02000045776367
2025-12-08,USDTHB,31.850000381469727
2025-12-09,USDTHB,31.899999618530273
2025-12-10,USDTHB,31.799999237060547
2025-12-11,USDTHB,31.739999771118164
2025-12-12,USDTHB,31.6299991607666
2025-12-15,USDTHB,31.56999969482422
2025-12-16,USDTHB,31.469999313354492
2025-12-17,USDTHB,31.440000534057617
2025-12-18,USDTHB,31.489999771118164
2025-12-19,USDTHB,31.399999618530273
2025-12-22,USDTHB,31.399999618530273
2025-12-23,USDTHB,31.1200008392334
2025-12-24,USDTHB,31.110000610351562
2025-12-26,USDTHB,31.040000915527344
2025-12-29,USDTHB,31.045000076293945
2025-12-30,USDTHB,31.639999389648438
2025-12-31,USDTHB,31.450000762939453
2026-01-02,USDTHB,31.5
2026-01-05,USDTHB,31.454999923706055
2026-01-06,USDTHB,31.309999465942383
2026-01-07,USDTHB,31.200000762939453
2026-01-08,USDTHB,31.329999923706055
2026-01-09,USDTHB,31.420000076293945
2026-01-12,USDTHB,31.3799991607666
2026-01-13,USDTHB,31.219999313354492
2026-01-14,USDTHB,31.530000686645508
2026-01-15,USDTHB,31.469999313354492
2026-01-16,USDTHB,31.389999389648438
2026-01-19,USDTHB,31.385000228881836
2026-01-20,USDTHB,31.239999771118164
2026-01-21,USDTHB,31.010000228881836
2026-01-22,USDTHB,31.290000915527344
2026-01-23,USDTHB,31.06999969482422
2026-01-26,USDTHB,31.19499969482422
2026-01-27,USDTHB,31.200000762939453
2026-01-28,USDTHB,30.90999984741211
2026-01-29,USDTHB,31.110000610351562
2026-01-30,USDTHB,31.229999542236328
2026-02-02,USDTHB,31.375
2026-02-03,USDTHB,31.479999542236328
2026-02-04,USDTHB,31.649999618530273
2026-02-05,USDTHB,31.719999313354492
2026-02-06,USDTHB,31.829999923706055
2026-02-09,USDTHB,31.510000228881836
2026-02-10,USDTHB,31.170000076293945
2026-02-11,USDTHB,31.229999542236328
2026-02-12,USDTHB,31.06999969482422
2026-02-13,USDTHB,31.079999923706055
2026-02-16,USDTHB,31.05500030517578
2026-02-17,USDTHB,31.110000610351562
2026-02-18,USDTHB,31.309999465942383
2026-02-19,USDTHB,31.25
2026-02-20,USDTHB,31.15999984741211
2026-02-23,USDTHB,31.093000411987305
2026-02-24,USDTHB,30.969999313354492
2026-02-25,USDTHB,31.079999923706055
2026-02-26,USDTHB,31.049999237060547
2026-02-27,USDTHB,31.079999923706055
2026-03-02,USDTHB,31.135000228881836
2026-03-03,USDTHB,31.329999923706055
2026-03-04,USDTHB,31.559999465942383
2026-03-05,USDTHB,31.579999923706055
2026-03-06,USDTHB,31.75
2026-03-09,USDTHB,31.635000228881836
2026-03-10,USDTHB,31.739999771118164
2026-03-11,USDTHB,31.56999969482422
2026-03-12,USDTHB,31.940000534057617
2026-03-13,USDTHB,32.150001525878906
2026-03-16,USDTHB,32.303001403808594
2026-03-17,USDTHB,32.349998474121094
2026-03-18,USDTHB,32.31999969482422
2026-03-19,USDTHB,32.79999923706055
2026-03-20,USDTHB,32.5
2026-03-23,USDTHB,32.882999420166016
2026-03-24,USDTHB,32.40999984741211
2026-03-25,USDTHB,32.470001220703125
2026-03-26,USDTHB,32.77000045776367
2026-03-27,USDTHB,32.959999084472656
2026-03-30,USDTHB,32.959999084472656
2026-03-31,USDTHB,32.849998474121094
2026-04-01,USDTHB,32.5099983215332
2026-04-02,USDTHB,32.599998474121094
2026-04-03,USDTHB,32.599998474121094
2026-04-06,USDTHB,32.689998626708984
2026-04-07,USDTHB,32.58000183105469
2026-04-08,USDTHB,32.06999969482422
2026-04-09,USDTHB,32.06999969482422
2026-04-10,USDTHB,32.04999923706055
2026-04-13,USDTHB,32.31999969482422
2026-04-14,USDTHB,32.0099983215332
2026-04-15,USDTHB,31.979999542236328
2026-04-16,USDTHB,31.989999771118164
2026-04-17,USDTHB,32.040000915527344
2026-04-20,USDTHB,32.130001068115234
2026-04-21,USDTHB,32.0
2026-04-22,USDTHB,32.18000030517578
2026-04-23,USDTHB,32.25
2026-04-24,USDTHB,32.47999954223633
2026-04-27,USDTHB,32.41999816894531
2026-04-28,USDTHB,32.349998474121094
2026-04-29,USDTHB,32.4900016784668
2026-04-30,USDTHB,32.75
2026-05-01,USDTHB,32.5
2026-05-04,USDTHB,32.47999954223633
2026-05-05,USDTHB,32.72999954223633
2026-05-06,USDTHB,32.43000030517578
2026-05-07,USDTHB,32.22999954223633
2026-05-08,USDTHB,32.25
2026-05-11,USDTHB,32.27000045776367
2026-05-12,USDTHB,32.27000045776367
2026-05-13,USDTHB,32.36000061035156
2026-05-14,USDTHB,32.270999908447266
2026-05-15,USDTHB,32.40700149536133
2026-05-18,USDTHB,32.68000030517578
2026-05-19,USDTHB,32.47800064086914
2026-05-20,USDTHB,32.65800094604492
2026-05-21,USDTHB,32.52299880981445
2026-05-22,USDTHB,32.56999969482422
2026-05-25,USDTHB,32.529998779296875
2026-05-26,USDTHB,32.5
2026-05-27,USDTHB,32.62900161743164
2026-05-28,USDTHB,32.650001525878906
2026-05-29,USDTHB,32.540000915527344
2026-06-01,USDTHB,32.58000183105469
2026-06-02,USDTHB,32.55699920654297
2026-06-03,USDTHB,32.689998626708984
2026-06-04,USDTHB,32.645999908447266
2026-06-05,USDTHB,32.62300109863281
2026-06-08,USDTHB,32.849998474121094
2026-06-09,USDTHB,32.8390007019043
2026-06-10,USDTHB,32.93000030517578
2026-06-11,USDTHB,32.91999816894531
2026-06-12,USDTHB,32.70500183105469
2026-06-15,USDTHB,32.630001068115234
2026-06-16,USDTHB,32.529998779296875
2026-06-17,USDTHB,32.5099983215332
2026-06-18,USDTHB,32.659000396728516
2026-06-19,USDTHB,32.770999908447266
2026-06-22,USDTHB,32.91999816894531
2026-06-23,USDTHB,32.9370002746582
2026-06-24,USDTHB,33.27000045776367
2026-06-25,USDTHB,33.37200164794922
2026-06-26,USDTHB,33.29199981689453
2026-06-28,USDTHB,33.29999923706055
2026-06-29,USDTHB,33.400001525878906
2026-06-30,USDTHB,33.25
2026-07-01,USDTHB,33.34000015258789
2016-06-27,USDTRY,2.9411299228668213
2016-06-28,USDTRY,2.9364500045776367
2016-06-29,USDTRY,2.9061100482940674
2016-06-30,USDTRY,2.887860059738159
2016-07-01,USDTRY,2.881779909133911
2016-07-04,USDTRY,2.901520013809204
2016-07-05,USDTRY,2.90487003326416
2016-07-06,USDTRY,2.924870014190674
2016-07-07,USDTRY,2.9371800422668457
2016-07-08,USDTRY,2.932919979095459
2016-07-11,USDTRY,2.891619920730591
2016-07-12,USDTRY,2.903409957885742
2016-07-13,USDTRY,2.8868799209594727
2016-07-14,USDTRY,2.898900032043457
2016-07-15,USDTRY,2.8837599754333496
2016-07-18,USDTRY,2.966259956359864
2016-07-19,USDTRY,2.9803099632263184
2016-07-20,USDTRY,3.0438899993896484
2016-07-21,USDTRY,3.0819098949432373
2016-07-22,USDTRY,3.064169883728028
2016-07-25,USDTRY,3.0570499897003174
2016-07-26,USDTRY,3.0352399349212646
2016-07-27,USDTRY,3.040060043334961
2016-07-28,USDTRY,3.013730049133301
2016-07-29,USDTRY,3.0103600025177
2016-08-01,USDTRY,2.9863901138305664
2016-08-02,USDTRY,2.9887499809265137
2016-08-03,USDTRY,2.9913198947906494
2016-08-04,USDTRY,3.012120008468628
2016-08-05,USDTRY,3.009660005569458
2016-08-08,USDTRY,2.995429992675781
2016-08-09,USDTRY,2.980449914932251
2016-08-10,USDTRY,2.9680299758911133
2016-08-11,USDTRY,2.9553699493408203
2016-08-12,USDTRY,2.9595000743865967
2016-08-15,USDTRY,2.959700107574463
2016-08-16,USDTRY,2.941659927368164
2016-08-17,USDTRY,2.927500009536743
2016-08-18,USDTRY,2.9177000522613525
2016-08-19,USDTRY,2.9267001152038574
2016-08-22,USDTRY,2.9321000576019287
2016-08-23,USDTRY,2.9402201175689697
2016-08-24,USDTRY,2.9488000869750977
2016-08-25,USDTRY,2.950700044631958
2016-08-26,USDTRY,2.933340072631836
2016-08-29,USDTRY,2.9534599781036377
2016-08-30,USDTRY,2.9507501125335693
2016-08-31,USDTRY,2.9632999897003174
2016-09-01,USDTRY,2.9570701122283936
2016-09-02,USDTRY,2.9610300064086914
2016-09-05,USDTRY,2.9502999782562256
2016-09-06,USDTRY,2.945499897003174
2016-09-07,USDTRY,2.9219000339508057
2016-09-08,USDTRY,2.933799982070923
2016-09-09,USDTRY,2.9530999660491943
2016-09-12,USDTRY,2.968300104141236
2016-09-13,USDTRY,2.969500064849853
2016-09-14,USDTRY,2.9815499782562256
2016-09-15,USDTRY,2.979300022125244
2016-09-16,USDTRY,2.9661099910736084
2016-09-19,USDTRY,2.977799892425537
2016-09-20,USDTRY,2.975399971008301
2016-09-21,USDTRY,2.9763600826263428
2016-09-22,USDTRY,2.9540998935699463
2016-09-23,USDTRY,2.941819906234741
2016-09-26,USDTRY,2.9883999824523926
2016-09-27,USDTRY,2.980259895324707
2016-09-28,USDTRY,2.9732298851013184
2016-09-29,USDTRY,2.977999925613404
2016-09-30,USDTRY,2.997080087661743
2016-10-03,USDTRY,3.001569986343384
2016-10-04,USDTRY,3.019599914550781
2016-10-05,USDTRY,3.058069944381714
2016-10-06,USDTRY,3.05162000656128
2016-10-07,USDTRY,3.0421900749206543
2016-10-10,USDTRY,3.0494000911712646
2016-10-11,USDTRY,3.069380044937134
2016-10-12,USDTRY,3.081290006637573
2016-10-13,USDTRY,3.085400104522705
2016-10-14,USDTRY,3.081929922103882
2016-10-17,USDTRY,3.092099905014038
2016-10-18,USDTRY,3.09529995918274
2016-10-19,USDTRY,3.094500064849853
2016-10-20,USDTRY,3.059499979019165
2016-10-21,USDTRY,3.0597000122070312
2016-10-24,USDTRY,3.079969882965088
2016-10-25,USDTRY,3.081779956817627
2016-10-26,USDTRY,3.070199966430664
2016-10-27,USDTRY,3.080300092697144
2016-10-28,USDTRY,3.111299991607666
2016-10-31,USDTRY,3.1063098907470703
2016-11-01,USDTRY,3.0935800075531006
2016-11-02,USDTRY,3.113300085067749
2016-11-03,USDTRY,3.113120079040528
2016-11-04,USDTRY,3.1150999069213867
2016-11-07,USDTRY,3.1507599353790283
2016-11-08,USDTRY,3.16759991645813
2016-11-09,USDTRY,3.162400007247925
2016-11-10,USDTRY,3.2091000080108643
2016-11-11,USDTRY,3.2476999759674072
2016-11-14,USDTRY,3.2357699871063232
2016-11-15,USDTRY,3.289599895477295
2016-11-16,USDTRY,3.2867000102996826
2016-11-17,USDTRY,3.31892991065979
2016-11-18,USDTRY,3.3750600814819336
2016-11-21,USDTRY,3.3758699893951416
2016-11-22,USDTRY,3.3568599224090576
2016-11-23,USDTRY,3.379470109939575
2016-11-24,USDTRY,3.396199941635132
2016-11-25,USDTRY,3.46399998664856
2016-11-28,USDTRY,3.446799993515014
2016-11-29,USDTRY,3.410799980163574
2016-11-30,USDTRY,3.40939998626709
2016-12-01,USDTRY,3.435260057449341
2016-12-02,USDTRY,3.497339963912964
2016-12-05,USDTRY,3.5423500537872314
2016-12-06,USDTRY,3.518610000610352
2016-12-07,USDTRY,3.446579933166504
2016-12-08,USDTRY,3.3886001110076904
2016-12-09,USDTRY,3.4502999782562256
2016-12-12,USDTRY,3.5111000537872314
2016-12-13,USDTRY,3.468329906463623
2016-12-14,USDTRY,3.485780000686645
2016-12-15,USDTRY,3.531500101089477
2016-12-16,USDTRY,3.507699966430664
2016-12-19,USDTRY,3.490730047225952
2016-12-20,USDTRY,3.53279995918274
2016-12-21,USDTRY,3.521699905395508
2016-12-22,USDTRY,3.508229970932007
2016-12-23,USDTRY,3.506380081176758
2016-12-26,USDTRY,3.5090200901031494
2016-12-27,USDTRY,3.51104998588562
2016-12-28,USDTRY,3.5218000411987305
2016-12-29,USDTRY,3.535330057144165
2016-12-30,USDTRY,3.5176000595092773
2017-01-02,USDTRY,3.534899950027466
2017-01-03,USDTRY,3.541899919509888
2017-01-04,USDTRY,3.5922999382019043
2017-01-05,USDTRY,3.5693700313568115
2017-01-06,USDTRY,3.591909885406494
2017-01-09,USDTRY,3.6398301124572754
2017-01-10,USDTRY,3.708489894866944
2017-01-11,USDTRY,3.798249959945679
2017-01-12,USDTRY,3.874099969863892
2017-01-13,USDTRY,3.7634100914001465
2017-01-16,USDTRY,3.737780094146729
2017-01-17,USDTRY,3.806030035018921
2017-01-18,USDTRY,3.760799884796143
2017-01-19,USDTRY,3.806570053100586
2017-01-20,USDTRY,3.82699990272522
2017-01-23,USDTRY,3.765429973602295
2017-01-24,USDTRY,3.754499912261963
2017-01-25,USDTRY,3.781909942626953
2017-01-26,USDTRY,3.833400011062622
2017-01-27,USDTRY,3.859800100326538
2017-01-30,USDTRY,3.868000030517578
2017-01-31,USDTRY,3.776190042495728
2017-02-01,USDTRY,3.7725000381469727
2017-02-02,USDTRY,3.771559953689575
2017-02-03,USDTRY,3.734509944915772
2017-02-06,USDTRY,3.700829982757568
2017-02-07,USDTRY,3.687000036239624
2017-02-08,USDTRY,3.740689992904663
2017-02-09,USDTRY,3.7105000019073486
2017-02-10,USDTRY,3.6842000484466553
2017-02-13,USDTRY,3.6860198974609375
2017-02-14,USDTRY,3.670700073242188
2017-02-15,USDTRY,3.651900053024292
2017-02-16,USDTRY,3.6558799743652335
2017-02-17,USDTRY,3.667399883270264
2017-02-20,USDTRY,3.6305999755859375
2017-02-21,USDTRY,3.6234400272369385
2017-02-22,USDTRY,3.625230073928833
2017-02-23,USDTRY,3.5824999809265137
2017-02-24,USDTRY,3.568300008773804
2017-02-27,USDTRY,3.598989963531494
2017-02-28,USDTRY,3.606899976730346
2017-03-01,USDTRY,3.642199993133545
2017-03-02,USDTRY,3.650500059127808
2017-03-03,USDTRY,3.726759910583496
2017-03-06,USDTRY,3.709779977798462
2017-03-07,USDTRY,3.713330030441284
2017-03-08,USDTRY,3.6786000728607178
2017-03-09,USDTRY,3.744070053100586
2017-03-10,USDTRY,3.773260116577149
2017-03-13,USDTRY,3.739779949188232
2017-03-14,USDTRY,3.740999937057495
2017-03-15,USDTRY,3.740600109100342
2017-03-16,USDTRY,3.673979997634888
2017-03-17,USDTRY,3.62809991836548
2017-03-20,USDTRY,3.628649950027466
2017-03-21,USDTRY,3.623300075531006
2017-03-22,USDTRY,3.6324000358581534
2017-03-23,USDTRY,3.615700006484986
2017-03-24,USDTRY,3.6328999996185294
2017-03-27,USDTRY,3.6015000343322754
2017-03-28,USDTRY,3.6150999069213854
2017-03-29,USDTRY,3.6565499305725098
2017-03-30,USDTRY,3.643699884414673
2017-03-31,USDTRY,3.654299974441528
2017-04-03,USDTRY,3.6284799575805664
2017-04-04,USDTRY,3.644200086593628
2017-04-05,USDTRY,3.6775999069213854
2017-04-06,USDTRY,3.703900098800659
2017-04-07,USDTRY,3.70524001121521
2017-04-10,USDTRY,3.7279999256134033
2017-04-11,USDTRY,3.7281999588012695
2017-04-12,USDTRY,3.6949000358581534
2017-04-13,USDTRY,3.6470000743865967
2017-04-14,USDTRY,3.667769908905029
2017-04-17,USDTRY,3.635699987411499
2017-04-18,USDTRY,3.7009201049804688
2017-04-19,USDTRY,3.655410051345825
2017-04-20,USDTRY,3.6718499660491934
2017-04-21,USDTRY,3.640799999237061
2017-04-24,USDTRY,3.6126999855041504
2017-04-25,USDTRY,3.5751500129699707
2017-04-26,USDTRY,3.57768988609314
2017-04-27,USDTRY,3.57069993019104
2017-04-28,USDTRY,3.5632998943328857
2017-05-01,USDTRY,3.552900075912476
2017-05-02,USDTRY,3.5532000064849854
2017-05-03,USDTRY,3.522599935531616
2017-05-04,USDTRY,3.533799886703491
2017-05-05,USDTRY,3.553709983825684
2017-05-08,USDTRY,3.5404300689697266
2017-05-09,USDTRY,3.58459997177124
2017-05-10,USDTRY,3.6225600242614746
2017-05-11,USDTRY,3.583899974822998
2017-05-12,USDTRY,3.5773000717163086
2017-05-15,USDTRY,3.5724000930786133
2017-05-16,USDTRY,3.5467000007629395
2017-05-17,USDTRY,3.541749954223633
2017-05-18,USDTRY,3.5840001106262207
2017-05-19,USDTRY,3.622469902038574
2017-05-22,USDTRY,3.575659990310669
2017-05-23,USDTRY,3.5659000873565674
2017-05-24,USDTRY,3.573780059814453
2017-05-25,USDTRY,3.558500051498413
2017-05-26,USDTRY,3.567300081253052
2017-05-29,USDTRY,3.577199935913086
2017-05-30,USDTRY,3.5801000595092773
2017-05-31,USDTRY,3.552500009536743
2017-06-01,USDTRY,3.5281999111175537
2017-06-02,USDTRY,3.5297999382019043
2017-06-05,USDTRY,3.505389928817749
2017-06-06,USDTRY,3.524600028991699
2017-06-07,USDTRY,3.5136001110076904
2017-06-08,USDTRY,3.550960063934326
2017-06-09,USDTRY,3.5309200286865234
2017-06-12,USDTRY,3.5387001037597656
2017-06-13,USDTRY,3.515700101852417
2017-06-14,USDTRY,3.517339944839477
2017-06-15,USDTRY,3.48865008354187
2017-06-16,USDTRY,3.513000011444092
2017-06-19,USDTRY,3.500499963760376
2017-06-20,USDTRY,3.522200107574463
2017-06-21,USDTRY,3.543800115585327
2017-06-22,USDTRY,3.530600070953369
2017-06-23,USDTRY,3.512900114059448
2017-06-26,USDTRY,3.505160093307495
2017-06-27,USDTRY,3.500050067901612
2017-06-28,USDTRY,3.5237998962402344
2017-06-29,USDTRY,3.511699914932251
2017-06-30,USDTRY,3.5242300033569336
2017-07-03,USDTRY,3.5192999839782715
2017-07-04,USDTRY,3.5546000003814697
2017-07-05,USDTRY,3.557699918746948
2017-07-06,USDTRY,3.607300043106079
2017-07-07,USDTRY,3.620990037918091
2017-07-10,USDTRY,3.6201000213623047
2017-07-12,USDTRY,3.615600109100342
2017-07-13,USDTRY,3.5692200660705566
2017-07-14,USDTRY,3.5659899711608887
2017-07-17,USDTRY,3.533499956130981
2017-07-18,USDTRY,3.5288000106811523
2017-07-19,USDTRY,3.524310111999512
2017-07-20,USDTRY,3.521199941635132
2017-07-21,USDTRY,3.5267999172210693
2017-07-24,USDTRY,3.531500101089477
2017-07-25,USDTRY,3.5559399127960205
2017-07-26,USDTRY,3.5710999965667725
2017-07-27,USDTRY,3.534250020980835
2017-07-28,USDTRY,3.536520004272461
2017-07-31,USDTRY,3.532299995422364
2017-08-01,USDTRY,3.517699956893921
2017-08-02,USDTRY,3.5285000801086426
2017-08-03,USDTRY,3.537760019302368
2017-08-04,USDTRY,3.539299964904785
2017-08-07,USDTRY,3.5323500633239746
2017-08-08,USDTRY,3.52866005897522
2017-08-09,USDTRY,3.530289888381958
2017-08-10,USDTRY,3.538660049438477
2017-08-11,USDTRY,3.542200088500977
2017-08-14,USDTRY,3.533499956130981
2017-08-15,USDTRY,3.5253000259399414
2017-08-16,USDTRY,3.53629994392395
2017-08-17,USDTRY,3.516040086746216
2017-08-18,USDTRY,3.528899908065796
2017-08-21,USDTRY,3.5164999961853027
2017-08-22,USDTRY,3.49620008468628
2017-08-23,USDTRY,3.4958999156951904
2017-08-24,USDTRY,3.4819600582122803
2017-08-25,USDTRY,3.485300064086914
2017-08-28,USDTRY,3.441699981689453
2017-08-29,USDTRY,3.4558699131011963
2017-08-30,USDTRY,3.448590040206909
2017-08-31,USDTRY,3.4551000595092773
2017-09-01,USDTRY,3.4506499767303467
2017-09-04,USDTRY,3.428319931030273
2017-09-05,USDTRY,3.4309000968933105
2017-09-06,USDTRY,3.4367499351501465
2017-09-07,USDTRY,3.428679943084717
2017-09-08,USDTRY,3.402740001678467
2017-09-11,USDTRY,3.409199953079224
2017-09-12,USDTRY,3.411799907684326
2017-09-13,USDTRY,3.4326000213623047
2017-09-14,USDTRY,3.4584999084472656
2017-09-15,USDTRY,3.4321000576019287
2017-09-18,USDTRY,3.4409499168396
2017-09-19,USDTRY,3.4883999824523926
2017-09-20,USDTRY,3.488149881362915
2017-09-21,USDTRY,3.504800081253052
2017-09-22,USDTRY,3.50600004196167
2017-09-25,USDTRY,3.4992001056671143
2017-09-26,USDTRY,3.5434999465942383
2017-09-27,USDTRY,3.541640043258667
2017-09-28,USDTRY,3.577549934387207
2017-09-29,USDTRY,3.558310031890869
2017-10-02,USDTRY,3.5622000694274902
2017-10-03,USDTRY,3.567179918289185
2017-10-04,USDTRY,3.573699951171875
2017-10-05,USDTRY,3.5732998847961426
2017-10-06,USDTRY,3.586899995803833
2017-10-09,USDTRY,3.706700086593628
2017-10-10,USDTRY,3.706099987030029
2017-10-11,USDTRY,3.706820011138916
2017-10-12,USDTRY,3.64451003074646
2017-10-13,USDTRY,3.6568000316619873
2017-10-16,USDTRY,3.6377999782562256
2017-10-17,USDTRY,3.6454999446868896
2017-10-18,USDTRY,3.665299892425537
2017-10-19,USDTRY,3.673190116882324
2017-10-20,USDTRY,3.652400016784668
2017-10-23,USDTRY,3.688390016555786
2017-10-24,USDTRY,3.713000059127808
2017-10-25,USDTRY,3.737370014190674
2017-10-26,USDTRY,3.7586300373077393
2017-10-27,USDTRY,3.8183999061584473
2017-10-30,USDTRY,3.787100076675415
2017-10-31,USDTRY,3.777250051498413
2017-11-01,USDTRY,3.787300109863281
2017-11-02,USDTRY,3.8111801147460938
2017-11-03,USDTRY,3.7992000579833984
2017-11-06,USDTRY,3.881200075149536
2017-11-07,USDTRY,3.826149940490722
2017-11-08,USDTRY,3.882930040359497
2017-11-09,USDTRY,3.865499973297119
2017-11-10,USDTRY,3.861049890518189
2017-11-13,USDTRY,3.858109951019287
2017-11-14,USDTRY,3.868499994277954
2017-11-15,USDTRY,3.886359930038452
2017-11-17,USDTRY,3.863159894943237
2017-11-20,USDTRY,3.868330001831055
2017-11-21,USDTRY,3.9265999794006334
2017-11-22,USDTRY,3.960400104522705
2017-11-23,USDTRY,3.917700052261353
2017-11-24,USDTRY,3.921299934387207
2017-11-27,USDTRY,3.950700044631958
2017-11-28,USDTRY,3.905100107192993
2017-11-29,USDTRY,3.964499950408936
2017-11-30,USDTRY,3.956049919128418
2017-12-01,USDTRY,3.916440010070801
2017-12-04,USDTRY,3.9244000911712646
2017-12-05,USDTRY,3.874900102615357
2017-12-06,USDTRY,3.8415000438690186
2017-12-07,USDTRY,3.850100040435791
2017-12-08,USDTRY,3.8650500774383545
2017-12-11,USDTRY,3.837100028991699
2017-12-12,USDTRY,3.831069946289064
2017-12-13,USDTRY,3.8457999229431152
2017-12-14,USDTRY,3.812900066375733
2017-12-15,USDTRY,3.884200096130371
2017-12-18,USDTRY,3.8559000492095934
2017-12-19,USDTRY,3.828759908676148
2017-12-20,USDTRY,3.831599950790405
2017-12-21,USDTRY,3.82165002822876
2017-12-22,USDTRY,3.8176000118255615
2017-12-25,USDTRY,3.8097000122070312
2017-12-26,USDTRY,3.806400060653688
2017-12-27,USDTRY,3.807019948959351
2017-12-28,USDTRY,3.814899921417236
2017-12-29,USDTRY,3.776859998703003
2018-01-01,USDTRY,3.794899940490722
2018-01-02,USDTRY,3.791100025177002
2018-01-03,USDTRY,3.7655999660491934
2018-01-04,USDTRY,3.780600070953369
2018-01-05,USDTRY,3.750269889831543
2018-01-08,USDTRY,3.7323501110076895
2018-01-09,USDTRY,3.743900060653688
2018-01-10,USDTRY,3.768419981002808
2018-01-11,USDTRY,3.7987000942230233
2018-01-12,USDTRY,3.773550033569336
2018-01-15,USDTRY,3.7515599727630615
2018-01-16,USDTRY,3.799969911575317
2018-01-17,USDTRY,3.798670053482056
2018-01-18,USDTRY,3.8151700496673584
2018-01-19,USDTRY,3.765480041503906
2018-01-22,USDTRY,3.823230028152466
2018-01-23,USDTRY,3.77649998664856
2018-01-24,USDTRY,3.768199920654297
2018-01-25,USDTRY,3.749399900436402
2018-01-26,USDTRY,3.759680032730103
2018-01-29,USDTRY,3.749979972839356
2018-01-30,USDTRY,3.786400079727173
2018-01-31,USDTRY,3.7757198810577393
2018-02-01,USDTRY,3.75629997253418
2018-02-02,USDTRY,3.733700037002564
2018-02-05,USDTRY,3.771899938583374
2018-02-06,USDTRY,3.7867000102996826
2018-02-07,USDTRY,3.764709949493408
2018-02-08,USDTRY,3.802500009536743
2018-02-09,USDTRY,3.822619915008545
2018-02-12,USDTRY,3.816750049591065
2018-02-13,USDTRY,3.797660112380981
2018-02-14,USDTRY,3.804800033569336
2018-02-15,USDTRY,3.779730081558228
2018-02-16,USDTRY,3.7646000385284415
2018-02-19,USDTRY,3.74685001373291
2018-02-20,USDTRY,3.7581899166107178
2018-02-21,USDTRY,3.797800064086914
2018-02-22,USDTRY,3.7918601036071777
2018-02-23,USDTRY,3.782399892807007
2018-02-26,USDTRY,3.787839889526367
2018-02-27,USDTRY,3.7850899696350098
2018-02-28,USDTRY,3.815200090408325
2018-03-01,USDTRY,3.802900075912476
2018-03-02,USDTRY,3.807699918746948
2018-03-05,USDTRY,3.810100078582764
2018-03-06,USDTRY,3.81060004234314
2018-03-07,USDTRY,3.798799991607666
2018-03-08,USDTRY,3.8062899112701416
2018-03-09,USDTRY,3.823499917984009
2018-03-12,USDTRY,3.812000036239624
2018-03-13,USDTRY,3.8427000045776367
2018-03-14,USDTRY,3.86989998817444
2018-03-15,USDTRY,3.880300045013428
2018-03-16,USDTRY,3.893539905548096
2018-03-19,USDTRY,3.918299913406372
2018-03-20,USDTRY,3.9432899951934814
2018-03-21,USDTRY,3.932149887084961
2018-03-22,USDTRY,3.908770084381104
2018-03-23,USDTRY,3.973880052566528
2018-03-26,USDTRY,3.98140001296997
2018-03-27,USDTRY,3.9655001163482666
2018-03-28,USDTRY,3.979180097579956
2018-03-29,USDTRY,4.013299942016602
2018-03-30,USDTRY,3.9449000358581534
2018-04-02,USDTRY,3.9518399238586426
2018-04-03,USDTRY,3.977099895477295
2018-04-04,USDTRY,3.989350080490112
2018-04-05,USDTRY,3.999109983444214
2018-04-06,USDTRY,4.03941011428833
2018-04-09,USDTRY,4.047100067138672
2018-04-10,USDTRY,4.075500011444092
2018-04-11,USDTRY,4.1095499992370605
2018-04-12,USDTRY,4.1407999992370605
2018-04-13,USDTRY,4.114019870758057
2018-04-16,USDTRY,4.090789794921875
2018-04-17,USDTRY,4.0929999351501465
2018-04-18,USDTRY,4.093090057373047
2018-04-19,USDTRY,4.017000198364258
2018-04-20,USDTRY,4.045820236206055
2018-04-23,USDTRY,4.078499794006348
2018-04-24,USDTRY,4.107699871063232
2018-04-25,USDTRY,4.086480140686035
2018-04-26,USDTRY,4.081099987030029
2018-04-27,USDTRY,4.0658698081970215
2018-04-30,USDTRY,4.051660060882568
2018-05-01,USDTRY,4.056650161743164
2018-05-02,USDTRY,4.109000205993652
2018-05-03,USDTRY,4.182720184326172
2018-05-04,USDTRY,4.223189830780029
2018-05-07,USDTRY,4.241680145263672
2018-05-08,USDTRY,4.26639986038208
2018-05-09,USDTRY,4.349599838256836
2018-05-10,USDTRY,4.28439998626709
2018-05-11,USDTRY,4.238140106201172
2018-05-14,USDTRY,4.314199924468994
2018-05-15,USDTRY,4.350800037384033
2018-05-16,USDTRY,4.453800201416016
2018-05-17,USDTRY,4.428899765014648
2018-05-18,USDTRY,4.461299896240234
2018-05-21,USDTRY,4.493239879608154
2018-05-22,USDTRY,4.577970027923584
2018-05-23,USDTRY,4.734499931335449
2018-05-24,USDTRY,4.572199821472168
2018-05-25,USDTRY,4.756100177764893
2018-05-28,USDTRY,4.703100204467773
2018-05-29,USDTRY,4.582300186157227
2018-05-30,USDTRY,4.56017017364502
2018-05-31,USDTRY,4.468599796295166
2018-06-01,USDTRY,4.527910232543945
2018-06-04,USDTRY,4.646500110626221
2018-06-05,USDTRY,4.585000038146973
2018-06-06,USDTRY,4.594900131225586
2018-06-07,USDTRY,4.559999942779541
2018-06-08,USDTRY,4.480299949645996
2018-06-11,USDTRY,4.472499847412109
2018-06-12,USDTRY,4.520999908447266
2018-06-13,USDTRY,4.586900234222412
2018-06-14,USDTRY,4.662799835205078
2018-06-15,USDTRY,4.739590167999268
2018-06-18,USDTRY,4.740499973297119
2018-06-19,USDTRY,4.706999778747559
2018-06-20,USDTRY,4.743599891662598
2018-06-21,USDTRY,4.743100166320801
2018-06-22,USDTRY,4.735099792480469
2018-06-25,USDTRY,4.606969833374023
2018-06-26,USDTRY,4.686999797821045
2018-06-27,USDTRY,4.613999843597412
2018-06-28,USDTRY,4.621300220489502
2018-06-29,USDTRY,4.590499877929688
2018-07-02,USDTRY,4.589890003204346
2018-07-03,USDTRY,4.616099834442139
2018-07-04,USDTRY,4.675099849700928
2018-07-05,USDTRY,4.669589996337891
2018-07-06,USDTRY,4.604269981384277
2018-07-09,USDTRY,4.578800201416016
2018-07-10,USDTRY,4.712470054626465
2018-07-11,USDTRY,4.714700222015381
2018-07-12,USDTRY,4.889969825744629
2018-07-13,USDTRY,4.867599964141846
2018-07-16,USDTRY,4.854949951171875
2018-07-17,USDTRY,4.852910041809082
2018-07-18,USDTRY,4.800300121307373
2018-07-19,USDTRY,4.796090126037598
2018-07-20,USDTRY,4.801030158996582
2018-07-23,USDTRY,4.777910232543945
2018-07-24,USDTRY,4.7368998527526855
2018-07-25,USDTRY,4.881100177764893
2018-07-26,USDTRY,4.796599864959717
2018-07-27,USDTRY,4.869939804077148
2018-07-30,USDTRY,4.851329803466797
2018-07-31,USDTRY,4.882780075073242
2018-08-01,USDTRY,4.917900085449219
2018-08-02,USDTRY,4.981249809265137
2018-08-03,USDTRY,5.091599941253662
2018-08-06,USDTRY,5.10099983215332
2018-08-07,USDTRY,5.261499881744385
2018-08-08,USDTRY,5.2591400146484375
2018-08-09,USDTRY,5.308899879455566
2018-08-10,USDTRY,5.552000045776367
2018-08-13,USDTRY,6.817800045013428
2018-08-14,USDTRY,6.9532999992370605
2018-08-15,USDTRY,6.374899864196777
2018-08-16,USDTRY,5.956989765167236
2018-08-17,USDTRY,5.85099983215332
2018-08-20,USDTRY,6.007999897003174
2018-08-21,USDTRY,6.098499774932861
2018-08-22,USDTRY,6.079699993133545
2018-08-23,USDTRY,6.027999877929688
2018-08-24,USDTRY,6.093800067901611
2018-08-27,USDTRY,5.980720043182373
2018-08-28,USDTRY,6.155230045318604
2018-08-29,USDTRY,6.26609992980957
2018-08-30,USDTRY,6.473400115966797
2018-08-31,USDTRY,6.734099864959717
2018-09-03,USDTRY,6.583799839019775
2018-09-04,USDTRY,6.633699893951416
2018-09-05,USDTRY,6.666200160980225
2018-09-06,USDTRY,6.58080005645752
2018-09-07,USDTRY,6.583700180053711
2018-09-10,USDTRY,6.42170000076294
2018-09-11,USDTRY,6.468299865722656
2018-09-12,USDTRY,6.434360027313232
2018-09-13,USDTRY,6.348199844360352
2018-09-14,USDTRY,6.128699779510498
2018-09-17,USDTRY,6.161399841308594
2018-09-18,USDTRY,6.323299884796143
2018-09-19,USDTRY,6.39870023727417
2018-09-20,USDTRY,6.247379779815674
2018-09-21,USDTRY,6.221399784088135
2018-09-24,USDTRY,6.300930023193359
2018-09-25,USDTRY,6.153299808502197
2018-09-26,USDTRY,6.191999912261963
2018-09-27,USDTRY,6.107500076293945
2018-09-28,USDTRY,6.00570011138916
2018-10-01,USDTRY,6.044000148773193
2018-10-02,USDTRY,5.937600135803223
2018-10-03,USDTRY,5.987820148468018
2018-10-04,USDTRY,6.051780223846436
2018-10-05,USDTRY,6.185500144958496
2018-10-08,USDTRY,6.163899898529053
2018-10-09,USDTRY,6.117899894714356
2018-10-10,USDTRY,6.105199813842773
2018-10-11,USDTRY,6.0802998542785645
2018-10-12,USDTRY,5.917479991912842
2018-10-15,USDTRY,5.879899978637695
2018-10-16,USDTRY,5.780200004577637
2018-10-17,USDTRY,5.691599845886231
2018-10-18,USDTRY,5.587490081787109
2018-10-19,USDTRY,5.635600090026856
2018-10-22,USDTRY,5.650700092315674
2018-10-23,USDTRY,5.665900230407715
2018-10-24,USDTRY,5.747220039367676
2018-10-25,USDTRY,5.700769901275635
2018-10-26,USDTRY,5.635600090026856
2018-10-29,USDTRY,5.589399814605713
2018-10-30,USDTRY,5.559619903564453
2018-10-31,USDTRY,5.480899810791016
2018-11-01,USDTRY,5.584000110626221
2018-11-02,USDTRY,5.524799823760986
2018-11-05,USDTRY,5.431000232696533
2018-11-06,USDTRY,5.320099830627441
2018-11-07,USDTRY,5.361199855804443
2018-11-08,USDTRY,5.36359977722168
2018-11-09,USDTRY,5.457039833068848
2018-11-12,USDTRY,5.460820198059082
2018-11-13,USDTRY,5.471799850463867
2018-11-14,USDTRY,5.478000164031982
2018-11-15,USDTRY,5.45697021484375
2018-11-16,USDTRY,5.393899917602539
2018-11-19,USDTRY,5.337699890136719
2018-11-20,USDTRY,5.311999797821045
2018-11-21,USDTRY,5.382500171661377
2018-11-22,USDTRY,5.3130202293396
2018-11-23,USDTRY,5.298500061035156
2018-11-26,USDTRY,5.291460037231445
2018-11-27,USDTRY,5.244840145111084
2018-11-28,USDTRY,5.26200008392334
2018-11-29,USDTRY,5.218999862670898
2018-11-30,USDTRY,5.170199871063232
2018-12-03,USDTRY,5.190209865570068
2018-12-04,USDTRY,5.250800132751465
2018-12-05,USDTRY,5.382629871368408
2018-12-06,USDTRY,5.326700210571289
2018-12-07,USDTRY,5.3379998207092285
2018-12-10,USDTRY,5.322400093078613
2018-12-11,USDTRY,5.3282999992370605
2018-12-12,USDTRY,5.360199928283691
2018-12-13,USDTRY,5.34689998626709
2018-12-14,USDTRY,5.341670036315918
2018-12-17,USDTRY,5.367700099945068
2018-12-18,USDTRY,5.373000144958496
2018-12-19,USDTRY,5.336080074310303
2018-12-20,USDTRY,5.297699928283691
2018-12-21,USDTRY,5.264200210571289
2018-12-24,USDTRY,5.310989856719971
2018-12-25,USDTRY,5.289400100708008
2018-12-26,USDTRY,5.284299850463867
2018-12-27,USDTRY,5.274149894714356
2018-12-28,USDTRY,5.293379783630371
2018-12-31,USDTRY,5.274280071258545
2019-01-01,USDTRY,5.269999980926514
2019-01-02,USDTRY,5.288700103759766
2019-01-03,USDTRY,5.5152997970581055
2019-01-04,USDTRY,5.4721999168396
2019-01-07,USDTRY,5.327000141143799
2019-01-08,USDTRY,5.383800029754639
2019-01-09,USDTRY,5.482500076293945
2019-01-10,USDTRY,5.475599765777588
2019-01-11,USDTRY,5.42441987991333
2019-01-14,USDTRY,5.480800151824951
2019-01-15,USDTRY,5.460700035095215
2019-01-16,USDTRY,5.446599960327148
2019-01-17,USDTRY,5.335669994354248
2019-01-18,USDTRY,5.352700233459473
2019-01-21,USDTRY,5.327400207519531
2019-01-22,USDTRY,5.325799942016602
2019-01-23,USDTRY,5.339499950408936
2019-01-24,USDTRY,5.2881999015808105
2019-01-25,USDTRY,5.268899917602539
2019-01-28,USDTRY,5.268899917602539
2019-01-29,USDTRY,5.32289981842041
2019-01-30,USDTRY,5.3084001541137695
2019-01-31,USDTRY,5.227409839630127
2019-02-01,USDTRY,5.180200099945068
2019-02-04,USDTRY,5.211939811706543
2019-02-05,USDTRY,5.210840225219727
2019-02-06,USDTRY,5.196979999542236
2019-02-07,USDTRY,5.218989849090576
2019-02-08,USDTRY,5.271190166473389
2019-02-11,USDTRY,5.250800132751465
2019-02-12,USDTRY,5.272799968719482
2019-02-13,USDTRY,5.251609802246094
2019-02-14,USDTRY,5.287499904632568
2019-02-15,USDTRY,5.275899887084961
2019-02-18,USDTRY,5.286600112915039
2019-02-19,USDTRY,5.298999786376953
2019-02-20,USDTRY,5.282529830932617
2019-02-21,USDTRY,5.323050022125244
2019-02-22,USDTRY,5.31879997253418
2019-02-25,USDTRY,5.319399833679199
2019-02-26,USDTRY,5.302800178527832
2019-02-27,USDTRY,5.303800106048584
2019-02-28,USDTRY,5.309370040893555
2019-03-01,USDTRY,5.341780185699463
2019-03-04,USDTRY,5.371600151062012
2019-03-05,USDTRY,5.389009952545166
2019-03-06,USDTRY,5.386600017547607
2019-03-07,USDTRY,5.431300163269043
2019-03-08,USDTRY,5.459799766540527
2019-03-11,USDTRY,5.432240009307861
2019-03-12,USDTRY,5.4355998039245605
2019-03-13,USDTRY,5.456200122833252
2019-03-14,USDTRY,5.46028995513916
2019-03-15,USDTRY,5.470300197601318
2019-03-18,USDTRY,5.447279930114746
2019-03-19,USDTRY,5.468100070953369
2019-03-20,USDTRY,5.474999904632568
2019-03-21,USDTRY,5.4278998374938965
2019-03-22,USDTRY,5.464280128479004
2019-03-25,USDTRY,5.676819801330566
2019-03-26,USDTRY,5.5596699714660645
2019-03-27,USDTRY,5.3653998374938965
2019-03-28,USDTRY,5.394700050354004
2019-03-29,USDTRY,5.571700096130371
2019-04-01,USDTRY,5.591710090637207
2019-04-02,USDTRY,5.515399932861328
2019-04-03,USDTRY,5.615600109100342
2019-04-04,USDTRY,5.622700214385986
2019-04-05,USDTRY,5.605400085449219
2019-04-08,USDTRY,5.6381001472473145
2019-04-09,USDTRY,5.691400051116943
2019-04-10,USDTRY,5.681950092315674
2019-04-11,USDTRY,5.682700157165527
2019-04-12,USDTRY,5.732089996337891
2019-04-15,USDTRY,5.78410005569458
2019-04-16,USDTRY,5.804200172424316
2019-04-17,USDTRY,5.787909984588623
2019-04-18,USDTRY,5.758800029754639
2019-04-19,USDTRY,5.819900035858154
2019-04-22,USDTRY,5.825399875640869
2019-04-23,USDTRY,5.827199935913086
2019-04-24,USDTRY,5.834000110626221
2019-04-25,USDTRY,5.885499954223633
2019-04-26,USDTRY,5.958499908447266
2019-04-29,USDTRY,5.944699764251709
2019-04-30,USDTRY,5.94890022277832
2019-05-01,USDTRY,5.965000152587891
2019-05-02,USDTRY,5.962100028991699
2019-05-03,USDTRY,5.964799880981445
2019-05-06,USDTRY,5.981729984283447
2019-05-07,USDTRY,6.085549831390381
2019-05-08,USDTRY,6.1570000648498535
2019-05-09,USDTRY,6.160900115966797
2019-05-10,USDTRY,6.1596999168396
2019-05-13,USDTRY,5.992499828338623
2019-05-14,USDTRY,6.095099925994873
2019-05-15,USDTRY,6.035900115966797
2019-05-16,USDTRY,6.0142998695373535
2019-05-17,USDTRY,6.054800033569336
2019-05-20,USDTRY,6.060800075531006
2019-05-21,USDTRY,6.0254998207092285
2019-05-23,USDTRY,6.121200084686279
2019-05-24,USDTRY,6.117300033569336
2019-05-27,USDTRY,6.078100204467773
2019-05-28,USDTRY,6.065700054168701
2019-05-29,USDTRY,6.029620170593262
2019-05-30,USDTRY,6.016600131988525
2019-05-31,USDTRY,5.912499904632568
2019-06-03,USDTRY,5.864099979400635
2019-06-04,USDTRY,5.83489990234375
2019-06-05,USDTRY,5.774720191955566
2019-06-06,USDTRY,5.717870235443115
2019-06-07,USDTRY,5.791399955749512
2019-06-10,USDTRY,5.841800212860107
2019-06-11,USDTRY,5.791299819946289
2019-06-12,USDTRY,5.804500102996826
2019-06-13,USDTRY,5.81279993057251
2019-06-14,USDTRY,5.875899791717529
2019-06-17,USDTRY,5.915999889373779
2019-06-18,USDTRY,5.869900226593018
2019-06-19,USDTRY,5.826159954071045
2019-06-20,USDTRY,5.791269779205322
2019-06-21,USDTRY,5.764200210571289
2019-06-24,USDTRY,5.764400005340576
2019-06-25,USDTRY,5.799139976501465
2019-06-26,USDTRY,5.793499946594238
2019-06-27,USDTRY,5.770899772644043
2019-06-28,USDTRY,5.7718000411987305
2019-07-01,USDTRY,5.733590126037598
2019-07-02,USDTRY,5.651800155639648
2019-07-03,USDTRY,5.65310001373291
2019-07-04,USDTRY,5.622300148010254
2019-07-05,USDTRY,5.595369815826416
2019-07-08,USDTRY,5.742370128631592
2019-07-09,USDTRY,5.730440139770508
2019-07-10,USDTRY,5.725820064544678
2019-07-11,USDTRY,5.6850199699401855
2019-07-12,USDTRY,5.687849998474121
2019-07-15,USDTRY,5.724730014801025
2019-07-16,USDTRY,5.70704984664917
2019-07-17,USDTRY,5.714200019836426
2019-07-18,USDTRY,5.683000087738037
2019-07-19,USDTRY,5.622600078582764
2019-07-22,USDTRY,5.653800010681152
2019-07-23,USDTRY,5.66949987411499
2019-07-24,USDTRY,5.717629909515381
2019-07-25,USDTRY,5.709020137786865
2019-07-26,USDTRY,5.698209762573242
2019-07-29,USDTRY,5.656300067901611
2019-07-30,USDTRY,5.617099761962891
2019-07-31,USDTRY,5.557700157165527
2019-08-01,USDTRY,5.575409889221191
2019-08-02,USDTRY,5.604100227355957
2019-08-05,USDTRY,5.548130035400391
2019-08-06,USDTRY,5.590199947357178
2019-08-07,USDTRY,5.526760101318359
2019-08-08,USDTRY,5.492400169372559
2019-08-09,USDTRY,5.484600067138672
2019-08-12,USDTRY,5.48744010925293
2019-08-13,USDTRY,5.563399791717529
2019-08-14,USDTRY,5.562449932098389
2019-08-15,USDTRY,5.6118998527526855
2019-08-16,USDTRY,5.5690999031066895
2019-08-19,USDTRY,5.58620023727417
2019-08-20,USDTRY,5.649099826812744
2019-08-21,USDTRY,5.731900215148926
2019-08-22,USDTRY,5.724999904632568
2019-08-23,USDTRY,5.768099784851074
2019-08-26,USDTRY,5.828199863433838
2019-08-27,USDTRY,5.828499794006348
2019-08-28,USDTRY,5.830699920654297
2019-08-29,USDTRY,5.822500228881836
2019-08-30,USDTRY,5.832699775695801
2019-09-02,USDTRY,5.834690093994141
2019-09-03,USDTRY,5.80709981918335
2019-09-04,USDTRY,5.722579956054688
2019-09-05,USDTRY,5.671720027923584
2019-09-06,USDTRY,5.691199779510498
2019-09-09,USDTRY,5.704949855804443
2019-09-10,USDTRY,5.74399995803833
2019-09-11,USDTRY,5.766970157623291
2019-09-12,USDTRY,5.747099876403809
2019-09-13,USDTRY,5.660399913787842
2019-09-16,USDTRY,5.727799892425537
2019-09-17,USDTRY,5.728700160980225
2019-09-18,USDTRY,5.7017998695373535
2019-09-19,USDTRY,5.680399894714356
2019-09-20,USDTRY,5.717299938201904
2019-09-23,USDTRY,5.740699768066406
2019-09-24,USDTRY,5.719200134277344
2019-09-25,USDTRY,5.6956000328063965
2019-09-26,USDTRY,5.672399997711182
2019-09-27,USDTRY,5.66519021987915
2019-09-30,USDTRY,5.667699813842773
2019-10-01,USDTRY,5.6483001708984375
2019-10-02,USDTRY,5.717619895935059
2019-10-03,USDTRY,5.702700138092041
2019-10-04,USDTRY,5.694399833679199
2019-10-07,USDTRY,5.71150016784668
2019-10-08,USDTRY,5.840000152587891
2019-10-09,USDTRY,5.833809852600098
2019-10-10,USDTRY,5.876399993896484
2019-10-11,USDTRY,5.842700004577637
2019-10-14,USDTRY,5.894299983978272
2019-10-15,USDTRY,5.9274001121521
2019-10-16,USDTRY,5.921800136566162
2019-10-17,USDTRY,5.884099960327148
2019-10-18,USDTRY,5.817200183868408
2019-10-21,USDTRY,5.797999858856201
2019-10-22,USDTRY,5.858520030975342
2019-10-23,USDTRY,5.799620151519775
2019-10-24,USDTRY,5.735770225524902
2019-10-25,USDTRY,5.76609992980957
2019-10-28,USDTRY,5.771999835968018
2019-10-29,USDTRY,5.728799819946289
2019-10-30,USDTRY,5.750899791717529
2019-10-31,USDTRY,5.701000213623047
2019-11-01,USDTRY,5.7108001708984375
2019-11-04,USDTRY,5.7027997970581055
2019-11-05,USDTRY,5.73330020904541
2019-11-06,USDTRY,5.752999782562256
2019-11-07,USDTRY,5.75029993057251
2019-11-08,USDTRY,5.7657999992370605
2019-11-11,USDTRY,5.765759944915772
2019-11-12,USDTRY,5.7687602043151855
2019-11-13,USDTRY,5.7716898918151855
2019-11-14,USDTRY,5.753429889678955
2019-11-15,USDTRY,5.7494001388549805
2019-11-18,USDTRY,5.744420051574707
2019-11-19,USDTRY,5.725830078125
2019-11-20,USDTRY,5.702300071716309
2019-11-21,USDTRY,5.699100017547607
2019-11-22,USDTRY,5.697100162506104
2019-11-25,USDTRY,5.71504020690918
2019-11-26,USDTRY,5.741700172424316
2019-11-27,USDTRY,5.759300231933594
2019-11-28,USDTRY,5.778600215911865
2019-11-29,USDTRY,5.757999897003174
2019-12-02,USDTRY,5.747600078582764
2019-12-03,USDTRY,5.740230083465576
2019-12-04,USDTRY,5.742499828338623
2019-12-05,USDTRY,5.74567985534668
2019-12-06,USDTRY,5.745329856872559
2019-12-09,USDTRY,5.778709888458252
2019-12-10,USDTRY,5.810400009155273
2019-12-11,USDTRY,5.804900169372559
2019-12-12,USDTRY,5.803899765014648
2019-12-13,USDTRY,5.771999835968018
2019-12-16,USDTRY,5.8070502281188965
2019-12-17,USDTRY,5.848030090332031
2019-12-18,USDTRY,5.8850998878479
2019-12-19,USDTRY,5.926499843597412
2019-12-20,USDTRY,5.940100193023682
2019-12-23,USDTRY,5.935850143432617
2019-12-24,USDTRY,5.947199821472168
2019-12-25,USDTRY,5.947700023651123
2019-12-26,USDTRY,5.934619903564453
2019-12-27,USDTRY,5.932300090789795
2019-12-30,USDTRY,5.948790073394775
2019-12-31,USDTRY,5.9472198486328125
2020-01-01,USDTRY,5.947800159454346
2020-01-02,USDTRY,5.946300029754639
2020-01-03,USDTRY,5.955699920654297
2020-01-06,USDTRY,5.967959880828857
2020-01-07,USDTRY,5.968999862670898
2020-01-08,USDTRY,5.974370002746582
2020-01-09,USDTRY,5.908899784088135
2020-01-10,USDTRY,5.877299785614014
2020-01-13,USDTRY,5.875329971313477
2020-01-14,USDTRY,5.865499973297119
2020-01-15,USDTRY,5.8871002197265625
2020-01-16,USDTRY,5.875349998474121
2020-01-17,USDTRY,5.855100154876709
2020-01-20,USDTRY,5.890769958496094
2020-01-21,USDTRY,5.91077995300293
2020-01-22,USDTRY,5.93310022354126
2020-01-23,USDTRY,5.9196600914001465
2020-01-24,USDTRY,5.929200172424316
2020-01-27,USDTRY,5.944779872894287
2020-01-28,USDTRY,5.942800045013428
2020-01-29,USDTRY,5.940999984741211
2020-01-30,USDTRY,5.95665979385376
2020-01-31,USDTRY,5.97415018081665
2020-02-03,USDTRY,5.975039958953857
2020-02-04,USDTRY,5.98360013961792
2020-02-05,USDTRY,5.977719783782959
2020-02-06,USDTRY,5.980899810791016
2020-02-07,USDTRY,5.98769998550415
2020-02-10,USDTRY,5.986939907073975
2020-02-11,USDTRY,6.00570011138916
2020-02-12,USDTRY,6.015999794006348
2020-02-13,USDTRY,6.0441999435424805
2020-02-14,USDTRY,6.039700031280518
2020-02-17,USDTRY,6.054200172424316
2020-02-18,USDTRY,6.04670000076294
2020-02-19,USDTRY,6.064000129699707
2020-02-20,USDTRY,6.083000183105469
2020-02-21,USDTRY,6.102399826049805
2020-02-24,USDTRY,6.109189987182617
2020-02-25,USDTRY,6.115200042724609
2020-02-26,USDTRY,6.147299766540527
2020-02-27,USDTRY,6.160099983215332
2020-02-28,USDTRY,6.206769943237305
2020-03-02,USDTRY,6.249269962310791
2020-03-03,USDTRY,6.171299934387207
2020-03-04,USDTRY,6.112199783325195
2020-03-05,USDTRY,6.079800128936768
2020-03-06,USDTRY,6.102530002593994
2020-03-09,USDTRY,6.121079921722412
2020-03-10,USDTRY,6.157400131225586
2020-03-11,USDTRY,6.170619964599609
2020-03-12,USDTRY,6.211100101470947
2020-03-13,USDTRY,6.316199779510498
2020-03-16,USDTRY,6.282869815826416
2020-03-17,USDTRY,6.429299831390381
2020-03-18,USDTRY,6.399700164794922
2020-03-19,USDTRY,6.47189998626709
2020-03-20,USDTRY,6.541319847106934
2020-03-23,USDTRY,6.557209968566895
2020-03-24,USDTRY,6.54670000076294
2020-03-25,USDTRY,6.436299800872803
2020-03-26,USDTRY,6.418600082397461
2020-03-27,USDTRY,6.399799823760986
2020-03-30,USDTRY,6.459799766540527
2020-03-31,USDTRY,6.565040111541748
2020-04-01,USDTRY,6.612989902496338
2020-04-02,USDTRY,6.707300186157227
2020-04-03,USDTRY,6.632299900054932
2020-04-06,USDTRY,6.739999771118164
2020-04-07,USDTRY,6.765699863433838
2020-04-08,USDTRY,6.757689952850342
2020-04-09,USDTRY,6.772900104522705
2020-04-10,USDTRY,6.686100006103516
2020-04-13,USDTRY,6.722799777984619
2020-04-14,USDTRY,6.767330169677734
2020-04-15,USDTRY,6.816530227661133
2020-04-16,USDTRY,6.897029876708984
2020-04-17,USDTRY,6.922100067138672
2020-04-20,USDTRY,6.904399871826172
2020-04-21,USDTRY,6.940599918365479
2020-04-22,USDTRY,6.974699974060059
2020-04-23,USDTRY,6.980400085449219
2020-04-24,USDTRY,6.955999851226807
2020-04-27,USDTRY,6.965799808502197
2020-04-28,USDTRY,6.985300064086914
2020-04-29,USDTRY,6.987100124359131
2020-04-30,USDTRY,6.951000213623047
2020-05-01,USDTRY,6.989299774169922
2020-05-04,USDTRY,7.0167999267578125
2020-05-05,USDTRY,7.0446600914001465
2020-05-06,USDTRY,7.083700180053711
2020-05-07,USDTRY,7.197080135345459
2020-05-08,USDTRY,7.0883002281188965
2020-05-11,USDTRY,7.093999862670898
2020-05-12,USDTRY,7.063399791717529
2020-05-13,USDTRY,6.9920501708984375
2020-05-14,USDTRY,6.969860076904297
2020-05-15,USDTRY,6.925300121307373
2020-05-18,USDTRY,6.883339881896973
2020-05-19,USDTRY,6.876999855041504
2020-05-20,USDTRY,6.779789924621582
2020-05-21,USDTRY,6.78410005569458
2020-05-22,USDTRY,6.789999961853027
2020-05-25,USDTRY,6.809100151062012
2020-05-26,USDTRY,6.814000129699707
2020-05-27,USDTRY,6.72553014755249
2020-05-28,USDTRY,6.7754998207092285
2020-05-29,USDTRY,6.811049938201904
2020-06-01,USDTRY,6.804100036621094
2020-06-02,USDTRY,6.804599761962891
2020-06-03,USDTRY,6.696300029754639
2020-06-04,USDTRY,6.724100112915039
2020-06-05,USDTRY,6.748899936676025
2020-06-08,USDTRY,6.76140022277832
2020-06-09,USDTRY,6.775400161743164
2020-06-10,USDTRY,6.787499904632568
2020-06-11,USDTRY,6.769899845123291
2020-06-12,USDTRY,6.835100173950195
2020-06-15,USDTRY,6.813399791717529
2020-06-16,USDTRY,6.822169780731201
2020-06-17,USDTRY,6.830959796905518
2020-06-18,USDTRY,6.831799983978272
2020-06-19,USDTRY,6.853109836578369
2020-06-22,USDTRY,6.84689998626709
2020-06-23,USDTRY,6.842299938201904
2020-06-24,USDTRY,6.844600200653076
2020-06-25,USDTRY,6.850480079650879
2020-06-26,USDTRY,6.852739810943604
2020-06-29,USDTRY,6.8505401611328125
2020-06-30,USDTRY,6.849500179290772
2020-07-01,USDTRY,6.847300052642822
2020-07-02,USDTRY,6.845600128173828
2020-07-03,USDTRY,6.848100185394287
2020-07-06,USDTRY,6.858500003814697
2020-07-07,USDTRY,6.856200218200684
2020-07-08,USDTRY,6.853360176086426
2020-07-09,USDTRY,6.85791015625
2020-07-10,USDTRY,6.857729911804199
2020-07-13,USDTRY,6.859700202941895
2020-07-14,USDTRY,6.855400085449219
2020-07-15,USDTRY,6.863490104675293
2020-07-16,USDTRY,6.85290002822876
2020-07-17,USDTRY,6.855629920959473
2020-07-20,USDTRY,6.851900100708008
2020-07-21,USDTRY,6.853650093078613
2020-07-22,USDTRY,6.826879978179932
2020-07-23,USDTRY,6.840199947357178
2020-07-24,USDTRY,6.83558988571167
2020-07-27,USDTRY,6.840700149536133
2020-07-28,USDTRY,6.879099845886231
2020-07-29,USDTRY,6.938799858093262
2020-07-30,USDTRY,6.970699787139893
2020-07-31,USDTRY,6.969399929046631
2020-08-03,USDTRY,6.969230175018311
2020-08-04,USDTRY,6.960400104522705
2020-08-05,USDTRY,6.92609977722168
2020-08-06,USDTRY,7.04955005645752
2020-08-07,USDTRY,7.223239898681641
2020-08-10,USDTRY,7.29964017868042
2020-08-11,USDTRY,7.328100204467773
2020-08-12,USDTRY,7.224120140075684
2020-08-13,USDTRY,7.319019794464111
2020-08-14,USDTRY,7.332099914550781
2020-08-17,USDTRY,7.366000175476074
2020-08-18,USDTRY,7.373429775238037
2020-08-19,USDTRY,7.3649001121521
2020-08-20,USDTRY,7.277900218963623
2020-08-21,USDTRY,7.296199798583984
2020-08-24,USDTRY,7.284570217132568
2020-08-25,USDTRY,7.372900009155273
2020-08-26,USDTRY,7.393199920654297
2020-08-27,USDTRY,7.348750114440918
2020-08-28,USDTRY,7.35260009765625
2020-08-31,USDTRY,7.324900150299072
2020-09-01,USDTRY,7.35260009765625
2020-09-02,USDTRY,7.359399795532227
2020-09-03,USDTRY,7.363239765167236
2020-09-04,USDTRY,7.4220099449157715
2020-09-07,USDTRY,7.431399822235107
2020-09-08,USDTRY,7.449699878692627
2020-09-09,USDTRY,7.479100227355957
2020-09-10,USDTRY,7.468880176544189
2020-09-11,USDTRY,7.442500114440918
2020-09-14,USDTRY,7.467289924621582
2020-09-15,USDTRY,7.483500003814697
2020-09-16,USDTRY,7.485400199890137
2020-09-17,USDTRY,7.492700099945068
2020-09-18,USDTRY,7.544600009918213
2020-09-21,USDTRY,7.557600021362305
2020-09-22,USDTRY,7.616640090942383
2020-09-23,USDTRY,7.667699813842773
2020-09-24,USDTRY,7.698599815368652
2020-09-25,USDTRY,7.615699768066406
2020-09-28,USDTRY,7.658180236816406
2020-09-29,USDTRY,7.780360221862793
2020-09-30,USDTRY,7.8113298416137695
2020-10-01,USDTRY,7.705870151519775
2020-10-02,USDTRY,7.751399993896484
2020-10-05,USDTRY,7.736629962921143
2020-10-06,USDTRY,7.760000228881836
2020-10-07,USDTRY,7.788269996643066
2020-10-08,USDTRY,7.872690200805664
2020-10-09,USDTRY,7.940299987792969
2020-10-12,USDTRY,7.845250129699707
2020-10-13,USDTRY,7.88539981842041
2020-10-14,USDTRY,7.9207000732421875
2020-10-15,USDTRY,7.906199932098389
2020-10-16,USDTRY,7.9309000968933105
2020-10-19,USDTRY,7.912300109863281
2020-10-20,USDTRY,7.872640132904053
2020-10-21,USDTRY,7.857999801635742
2020-10-22,USDTRY,7.808040142059326
2020-10-23,USDTRY,7.941199779510498
2020-10-26,USDTRY,7.97353982925415
2020-10-27,USDTRY,8.09022045135498
2020-10-28,USDTRY,8.192700386047363
2020-10-29,USDTRY,8.264920234680176
2020-10-30,USDTRY,8.297940254211426
2020-11-02,USDTRY,8.363490104675293
2020-11-03,USDTRY,8.433609962463379
2020-11-04,USDTRY,8.432000160217285
2020-11-05,USDTRY,8.440500259399414
2020-11-06,USDTRY,8.42039966583252
2020-11-09,USDTRY,8.437789916992188
2020-11-10,USDTRY,8.107600212097168
2020-11-11,USDTRY,8.149149894714355
2020-11-12,USDTRY,7.782999992370605
2020-11-13,USDTRY,7.68179988861084
2020-11-16,USDTRY,7.619949817657471
2020-11-17,USDTRY,7.688379764556885
2020-11-18,USDTRY,7.674650192260742
2020-11-19,USDTRY,7.691060066223144
2020-11-20,USDTRY,7.539599895477295
2020-11-23,USDTRY,7.617249965667725
2020-11-24,USDTRY,7.873899936676025
2020-11-25,USDTRY,7.993899822235107
2020-11-26,USDTRY,7.939499855041504
2020-11-27,USDTRY,7.8709001541137695
2020-11-30,USDTRY,7.817319869995117
2020-12-01,USDTRY,7.8225998878479
2020-12-02,USDTRY,7.817500114440918
2020-12-03,USDTRY,7.850490093231201
2020-12-04,USDTRY,7.781199932098389
2020-12-07,USDTRY,7.801380157470703
2020-12-08,USDTRY,7.796760082244873
2020-12-09,USDTRY,7.809669971466064
2020-12-10,USDTRY,7.817659854888916
2020-12-11,USDTRY,7.886300086975098
2020-12-14,USDTRY,7.854340076446533
2020-12-15,USDTRY,7.847099781036377
2020-12-16,USDTRY,7.83050012588501
2020-12-17,USDTRY,7.794710159301758
2020-12-18,USDTRY,7.697700023651123
2020-12-21,USDTRY,7.658549785614014
2020-12-22,USDTRY,7.643249988555908
2020-12-23,USDTRY,7.65749979019165
2020-12-24,USDTRY,7.633299827575684
2020-12-25,USDTRY,7.574100017547607
2020-12-28,USDTRY,7.569499969482422
2020-12-29,USDTRY,7.439400196075439
2020-12-30,USDTRY,7.388800144195557
2020-12-31,USDTRY,7.373730182647705
2021-01-01,USDTRY,7.433800220489502
2021-01-04,USDTRY,7.433420181274414
2021-01-05,USDTRY,7.421500205993652
2021-01-06,USDTRY,7.383790016174316
2021-01-07,USDTRY,7.29971981048584
2021-01-08,USDTRY,7.326600074768066
2021-01-11,USDTRY,7.357649803161621
2021-01-12,USDTRY,7.471950054168701
2021-01-13,USDTRY,7.446959972381592
2021-01-14,USDTRY,7.394269943237305
2021-01-15,USDTRY,7.366099834442139
2021-01-18,USDTRY,7.449079990386963
2021-01-19,USDTRY,7.475180149078369
2021-01-20,USDTRY,7.466300010681152
2021-01-21,USDTRY,7.410600185394287
2021-01-22,USDTRY,7.365699768066406
2021-01-25,USDTRY,7.41772985458374
2021-01-26,USDTRY,7.40749979019165
2021-01-27,USDTRY,7.347300052642822
2021-01-28,USDTRY,7.392240047454834
2021-01-29,USDTRY,7.345779895782471
2021-02-01,USDTRY,7.277699947357178
2021-02-02,USDTRY,7.185070037841797
2021-02-03,USDTRY,7.192599773406982
2021-02-04,USDTRY,7.156599998474121
2021-02-05,USDTRY,7.132900238037109
2021-02-08,USDTRY,7.056900024414063
2021-02-09,USDTRY,7.074900150299072
2021-02-10,USDTRY,7.063980102539063
2021-02-11,USDTRY,7.055480003356934
2021-02-12,USDTRY,7.023900032043457
2021-02-15,USDTRY,7.028900146484375
2021-02-16,USDTRY,6.956900119781494
2021-02-17,USDTRY,6.982399940490723
2021-02-18,USDTRY,6.963210105895996
2021-02-19,USDTRY,6.965590000152588
2021-02-22,USDTRY,6.981400012969971
2021-02-23,USDTRY,7.010000228881836
2021-02-24,USDTRY,7.100299835205078
2021-02-25,USDTRY,7.16379976272583
2021-02-26,USDTRY,7.323100090026855
2021-03-01,USDTRY,7.413090229034424
2021-03-02,USDTRY,7.269370079040527
2021-03-03,USDTRY,7.34499979019165
2021-03-04,USDTRY,7.456699848175049
2021-03-05,USDTRY,7.508900165557861
2021-03-08,USDTRY,7.507740020751953
2021-03-09,USDTRY,7.755760192871094
2021-03-10,USDTRY,7.606659889221191
2021-03-11,USDTRY,7.489699840545654
2021-03-12,USDTRY,7.475100040435791
2021-03-15,USDTRY,7.556000232696533
2021-03-16,USDTRY,7.530720233917236
2021-03-17,USDTRY,7.4882001876831055
2021-03-18,USDTRY,7.49429988861084
2021-03-19,USDTRY,7.320219993591309
2021-03-22,USDTRY,8.095390319824219
2021-03-23,USDTRY,7.825399875640869
2021-03-24,USDTRY,7.939599990844727
2021-03-25,USDTRY,7.911399841308594
2021-03-26,USDTRY,7.947999954223633
2021-03-29,USDTRY,8.118200302124023
2021-03-30,USDTRY,8.243490219116211
2021-03-31,USDTRY,8.324700355529785
2021-04-01,USDTRY,8.241889953613281
2021-04-02,USDTRY,8.106969833374023
2021-04-05,USDTRY,8.184000015258789
2021-04-06,USDTRY,8.11340045928955
2021-04-07,USDTRY,8.14490032196045
2021-04-08,USDTRY,8.14387035369873
2021-04-09,USDTRY,8.12952995300293
2021-04-12,USDTRY,8.170999526977539
2021-04-13,USDTRY,8.154500007629395
2021-04-14,USDTRY,8.107099533081055
2021-04-15,USDTRY,8.080300331115723
2021-04-16,USDTRY,8.028800010681152
2021-04-19,USDTRY,8.076199531555176
2021-04-20,USDTRY,8.090399742126465
2021-04-21,USDTRY,8.10342025756836
2021-04-22,USDTRY,8.190099716186523
2021-04-23,USDTRY,8.301719665527344
2021-04-26,USDTRY,8.406160354614258
2021-04-27,USDTRY,8.290300369262695
2021-04-28,USDTRY,8.205940246582031
2021-04-29,USDTRY,8.184889793395996
2021-04-30,USDTRY,8.184880256652832
2021-05-03,USDTRY,8.274550437927246
2021-05-04,USDTRY,8.258999824523926
2021-05-05,USDTRY,8.319299697875977
2021-05-06,USDTRY,8.329000473022461
2021-05-07,USDTRY,8.276749610900879
2021-05-10,USDTRY,8.23799991607666
2021-05-11,USDTRY,8.271400451660156
2021-05-12,USDTRY,8.28950023651123
2021-05-13,USDTRY,8.432900428771973
2021-05-14,USDTRY,8.49940013885498
2021-05-17,USDTRY,8.445099830627441
2021-05-18,USDTRY,8.302020072937012
2021-05-19,USDTRY,8.35513973236084
2021-05-20,USDTRY,8.410599708557129
2021-05-21,USDTRY,8.36931037902832
2021-05-24,USDTRY,8.416299819946289
2021-05-25,USDTRY,8.377969741821289
2021-05-26,USDTRY,8.452300071716309
2021-05-27,USDTRY,8.451199531555176
2021-05-28,USDTRY,8.48235034942627
2021-05-31,USDTRY,8.573399543762207
2021-06-01,USDTRY,8.487799644470215
2021-06-02,USDTRY,8.601699829101562
2021-06-03,USDTRY,8.580490112304688
2021-06-04,USDTRY,8.70680046081543
2021-06-07,USDTRY,8.67300033569336
2021-06-08,USDTRY,8.597149848937988
2021-06-09,USDTRY,8.599699974060059
2021-06-10,USDTRY,8.582300186157227
2021-06-11,USDTRY,8.425200462341309
2021-06-14,USDTRY,8.378479957580566
2021-06-15,USDTRY,8.45576000213623
2021-06-16,USDTRY,8.555899620056152
2021-06-17,USDTRY,8.619999885559082
2021-06-18,USDTRY,8.71345043182373
2021-06-21,USDTRY,8.754280090332031
2021-06-22,USDTRY,8.779199600219727
2021-06-23,USDTRY,8.63895034790039
2021-06-24,USDTRY,8.634499549865723
2021-06-25,USDTRY,8.69729995727539
2021-06-28,USDTRY,8.747309684753418
2021-06-29,USDTRY,8.683099746704102
2021-06-30,USDTRY,8.72599983215332
2021-07-01,USDTRY,8.704700469970703
2021-07-02,USDTRY,8.664609909057617
2021-07-05,USDTRY,8.688400268554688
2021-07-06,USDTRY,8.65999984741211
2021-07-07,USDTRY,8.680299758911133
2021-07-08,USDTRY,8.678500175476074
2021-07-09,USDTRY,8.681900024414062
2021-07-12,USDTRY,8.65429973602295
2021-07-13,USDTRY,8.632100105285645
2021-07-14,USDTRY,8.619199752807617
2021-07-15,USDTRY,8.584050178527832
2021-07-16,USDTRY,8.560689926147461
2021-07-19,USDTRY,8.532099723815918
2021-07-20,USDTRY,8.580100059509277
2021-07-21,USDTRY,8.57040023803711
2021-07-22,USDTRY,8.554160118103027
2021-07-23,USDTRY,8.556500434875488
2021-07-26,USDTRY,8.54757022857666
2021-07-27,USDTRY,8.554499626159668
2021-07-28,USDTRY,8.556099891662598
2021-07-29,USDTRY,8.551259994506836
2021-07-30,USDTRY,8.45226001739502
2021-08-02,USDTRY,8.43667984008789
2021-08-03,USDTRY,8.349800109863281
2021-08-04,USDTRY,8.401200294494629
2021-08-05,USDTRY,8.475500106811523
2021-08-06,USDTRY,8.52560043334961
2021-08-09,USDTRY,8.627900123596191
2021-08-10,USDTRY,8.6489896774292
2021-08-11,USDTRY,8.598799705505371
2021-08-12,USDTRY,8.625439643859863
2021-08-13,USDTRY,8.561189651489258
2021-08-16,USDTRY,8.512200355529785
2021-08-17,USDTRY,8.454700469970703
2021-08-18,USDTRY,8.42667007446289
2021-08-19,USDTRY,8.453519821166992
2021-08-20,USDTRY,8.530799865722656
2021-08-23,USDTRY,8.490799903869629
2021-08-24,USDTRY,8.42650032043457
2021-08-25,USDTRY,8.411800384521484
2021-08-26,USDTRY,8.373379707336426
2021-08-27,USDTRY,8.376409530639648
2021-08-30,USDTRY,8.34862995147705
2021-08-31,USDTRY,8.367300033569336
2021-09-01,USDTRY,8.304499626159668
2021-09-02,USDTRY,8.283780097961426
2021-09-03,USDTRY,8.279580116271973
2021-09-06,USDTRY,8.312649726867676
2021-09-07,USDTRY,8.276780128479004
2021-09-08,USDTRY,8.344799995422363
2021-09-09,USDTRY,8.472200393676758
2021-09-10,USDTRY,8.440400123596191
2021-09-13,USDTRY,8.46660041809082
2021-09-14,USDTRY,8.422100067138672
2021-09-15,USDTRY,8.430669784545898
2021-09-16,USDTRY,8.425800323486328
2021-09-17,USDTRY,8.529009819030762
2021-09-20,USDTRY,8.635199546813965
2021-09-21,USDTRY,8.668299674987793
2021-09-22,USDTRY,8.620400428771973
2021-09-23,USDTRY,8.656299591064453
2021-09-24,USDTRY,8.756429672241211
2021-09-27,USDTRY,8.858619689941406
2021-09-28,USDTRY,8.814200401306152
2021-09-29,USDTRY,8.866900444030762
2021-09-30,USDTRY,8.916139602661133
2021-10-01,USDTRY,8.885000228881836
2021-10-04,USDTRY,8.85260009765625
2021-10-05,USDTRY,8.847100257873535
2021-10-06,USDTRY,8.861960411071777
2021-10-07,USDTRY,8.866040229797363
2021-10-08,USDTRY,8.87090015411377
2021-10-11,USDTRY,8.955010414123535
2021-10-12,USDTRY,8.99487018585205
2021-10-13,USDTRY,9.037989616394045
2021-10-14,USDTRY,9.146920204162598
2021-10-15,USDTRY,9.190099716186523
2021-10-18,USDTRY,9.236949920654297
2021-10-19,USDTRY,9.339099884033203
2021-10-20,USDTRY,9.305399894714355
2021-10-21,USDTRY,9.214960098266602
2021-10-22,USDTRY,9.531149864196776
2021-10-25,USDTRY,9.674400329589844
2021-10-26,USDTRY,9.586700439453123
2021-10-27,USDTRY,9.529069900512695
2021-10-28,USDTRY,9.50570011138916
2021-10-29,USDTRY,9.52511978149414
2021-11-01,USDTRY,9.582900047302246
2021-11-02,USDTRY,9.539910316467283
2021-11-03,USDTRY,9.600799560546877
2021-11-04,USDTRY,9.639599800109863
2021-11-05,USDTRY,9.694029808044434
2021-11-08,USDTRY,9.687740325927734
2021-11-09,USDTRY,9.683159828186035
2021-11-10,USDTRY,9.72719955444336
2021-11-11,USDTRY,9.843099594116213
2021-11-12,USDTRY,9.920900344848633
2021-11-15,USDTRY,10.02960968017578
2021-11-16,USDTRY,10.057499885559082
2021-11-17,USDTRY,10.34220027923584
2021-11-18,USDTRY,10.730779647827148
2021-11-19,USDTRY,11.03711986541748
2021-11-22,USDTRY,11.10550022125244
2021-11-23,USDTRY,11.406100273132324
2021-11-24,USDTRY,12.818900108337402
2021-11-25,USDTRY,11.913999557495115
2021-11-26,USDTRY,11.984299659729004
2021-11-29,USDTRY,12.329099655151367
2021-11-30,USDTRY,12.699000358581545
2021-12-01,USDTRY,13.50160026550293
2021-12-02,USDTRY,13.44320011138916
2021-12-03,USDTRY,13.717100143432615
2021-12-06,USDTRY,13.632049560546877
2021-12-07,USDTRY,13.78314971923828
2021-12-08,USDTRY,13.520500183105469
2021-12-09,USDTRY,13.682700157165527
2021-12-10,USDTRY,13.773300170898438
2021-12-13,USDTRY,13.85488986968994
2021-12-14,USDTRY,13.803290367126465
2021-12-15,USDTRY,14.377799987792969
2021-12-16,USDTRY,14.81410026550293
2021-12-17,USDTRY,15.66075038909912
2021-12-20,USDTRY,16.608980178833008
2021-12-21,USDTRY,13.475899696350098
2021-12-22,USDTRY,12.270709991455078
2021-12-23,USDTRY,12.032299995422363
2021-12-24,USDTRY,11.413299560546877
2021-12-27,USDTRY,10.807069778442385
2021-12-28,USDTRY,11.521050453186035
2021-12-29,USDTRY,11.803119659423828
2021-12-30,USDTRY,12.640299797058104
2021-12-31,USDTRY,13.290499687194824
2022-01-03,USDTRY,13.356599807739258
2022-01-04,USDTRY,13.061699867248535
2022-01-05,USDTRY,13.411499977111816
2022-01-06,USDTRY,13.687999725341797
2022-01-07,USDTRY,13.782099723815918
2022-01-10,USDTRY,13.749349594116213
2022-01-11,USDTRY,13.809000015258787
2022-01-12,USDTRY,13.760499954223633
2022-01-13,USDTRY,13.243399620056152
2022-01-14,USDTRY,13.5826997756958
2022-01-17,USDTRY,13.43317985534668
2022-01-18,USDTRY,13.450599670410156
2022-01-19,USDTRY,13.527700424194336
2022-01-20,USDTRY,13.42360019683838
2022-01-21,USDTRY,13.354999542236328
2022-01-24,USDTRY,13.434650421142578
2022-01-25,USDTRY,13.434760093688965
2022-01-26,USDTRY,13.476900100708008
2022-01-27,USDTRY,13.577099800109863
2022-01-28,USDTRY,13.617600440979004
2022-01-31,USDTRY,13.482049942016602
2022-02-01,USDTRY,13.29580020904541
2022-02-02,USDTRY,13.350179672241213
2022-02-03,USDTRY,13.46560001373291
2022-02-04,USDTRY,13.566200256347656
2022-02-07,USDTRY,13.556659698486328
2022-02-08,USDTRY,13.570369720458984
2022-02-09,USDTRY,13.577210426330566
2022-02-10,USDTRY,13.539199829101562
2022-02-11,USDTRY,13.496100425720217
2022-02-14,USDTRY,13.505419731140137
2022-02-15,USDTRY,13.590800285339355
2022-02-16,USDTRY,13.60319995880127
2022-02-17,USDTRY,13.59570026397705
2022-02-18,USDTRY,13.522600173950195
2022-02-21,USDTRY,13.60807991027832
2022-02-22,USDTRY,13.67549991607666
2022-02-23,USDTRY,13.762280464172363
2022-02-24,USDTRY,13.820500373840332
2022-02-25,USDTRY,14.053000450134276
2022-02-28,USDTRY,14.02884006500244
2022-03-01,USDTRY,13.791000366210938
2022-03-02,USDTRY,13.835200309753418
2022-03-03,USDTRY,13.982999801635742
2022-03-04,USDTRY,14.113499641418455
2022-03-07,USDTRY,14.239629745483398
2022-03-08,USDTRY,14.378999710083008
2022-03-09,USDTRY,14.491299629211426
2022-03-10,USDTRY,14.659099578857422
2022-03-11,USDTRY,14.838000297546388
2022-03-14,USDTRY,14.75
2022-03-15,USDTRY,14.774860382080078
2022-03-16,USDTRY,14.700799942016602
2022-03-17,USDTRY,14.557979583740234
2022-03-18,USDTRY,14.703310012817385
2022-03-21,USDTRY,14.806859970092772
2022-03-22,USDTRY,14.82174015045166
2022-03-23,USDTRY,14.818300247192385
2022-03-24,USDTRY,14.826700210571287
2022-03-25,USDTRY,14.836000442504885
2022-03-28,USDTRY,14.82759952545166
2022-03-29,USDTRY,14.821399688720703
2022-03-30,USDTRY,14.569250106811523
2022-03-31,USDTRY,14.651009559631348
2022-04-01,USDTRY,14.666199684143066
2022-04-04,USDTRY,14.674039840698242
2022-04-05,USDTRY,14.691499710083008
2022-04-06,USDTRY,14.717900276184082
2022-04-07,USDTRY,14.699589729309082
2022-04-08,USDTRY,14.753700256347656
2022-04-11,USDTRY,14.74020004272461
2022-04-12,USDTRY,14.664600372314451
2022-04-13,USDTRY,14.581500053405762
2022-04-14,USDTRY,14.59060001373291
2022-04-15,USDTRY,14.622699737548828
2022-04-18,USDTRY,14.621800422668455
2022-04-19,USDTRY,14.640899658203123
2022-04-20,USDTRY,14.652000427246094
2022-04-21,USDTRY,14.666799545288086
2022-04-22,USDTRY,14.70398998260498
2022-04-25,USDTRY,14.747099876403809
2022-04-26,USDTRY,14.771900177001951
2022-04-27,USDTRY,14.799699783325195
2022-04-28,USDTRY,14.809800148010254
2022-04-29,USDTRY,14.78888988494873
2022-05-02,USDTRY,14.854900360107422
2022-05-03,USDTRY,14.886699676513672
2022-05-04,USDTRY,14.80679988861084
2022-05-05,USDTRY,14.739700317382812
2022-05-06,USDTRY,14.865079879760742
2022-05-09,USDTRY,14.940130233764648
2022-05-10,USDTRY,15.098400115966797
2022-05-11,USDTRY,15.32544994354248
2022-05-12,USDTRY,15.285400390625
2022-05-13,USDTRY,15.406800270080566
2022-05-16,USDTRY,15.480199813842772
2022-05-17,USDTRY,15.600299835205078
2022-05-18,USDTRY,15.911999702453612
2022-05-19,USDTRY,15.956299781799316
2022-05-20,USDTRY,15.902649879455566
2022-05-23,USDTRY,15.92990016937256
2022-05-24,USDTRY,15.933099746704102
2022-05-25,USDTRY,16.09749984741211
2022-05-26,USDTRY,16.347999572753906
2022-05-27,USDTRY,16.360700607299805
2022-05-30,USDTRY,16.334299087524414
2022-05-31,USDTRY,16.383499145507812
2022-06-01,USDTRY,16.377729415893555
2022-06-02,USDTRY,16.443700790405273
2022-06-03,USDTRY,16.48349952697754
2022-06-06,USDTRY,16.508699417114258
2022-06-07,USDTRY,16.594329833984375
2022-06-08,USDTRY,16.837099075317383
2022-06-09,USDTRY,17.176990509033203
2022-06-10,USDTRY,17.239599227905273
2022-06-13,USDTRY,17.23390007019043
2022-06-14,USDTRY,17.269100189208984
2022-06-15,USDTRY,17.251279830932617
2022-06-16,USDTRY,17.236400604248047
2022-06-17,USDTRY,17.296600341796875
2022-06-20,USDTRY,17.33650016784668
2022-06-21,USDTRY,17.31220054626465
2022-06-22,USDTRY,17.34600067138672
2022-06-23,USDTRY,17.342599868774414
2022-06-24,USDTRY,17.34589958190918
2022-06-27,USDTRY,16.668899536132812
2022-06-28,USDTRY,16.563800811767578
2022-06-29,USDTRY,16.624500274658203
2022-06-30,USDTRY,16.62820053100586
2022-07-01,USDTRY,16.6919002532959
2022-07-04,USDTRY,16.733539581298828
2022-07-05,USDTRY,16.778430938720703
2022-07-06,USDTRY,17.001399993896484
2022-07-07,USDTRY,17.212499618530273
2022-07-08,USDTRY,17.258899688720703
2022-07-11,USDTRY,17.2716007232666
2022-07-12,USDTRY,17.34469985961914
2022-07-13,USDTRY,17.280500411987305
2022-07-14,USDTRY,17.41119956970215
2022-07-15,USDTRY,17.464099884033203
2022-07-18,USDTRY,17.339599609375
2022-07-19,USDTRY,17.461000442504883
2022-07-20,USDTRY,17.541200637817383
2022-07-21,USDTRY,17.594999313354492
2022-07-22,USDTRY,17.72047996520996
2022-07-25,USDTRY,17.757299423217773
2022-07-26,USDTRY,17.829200744628906
2022-07-27,USDTRY,17.871999740600586
2022-07-28,USDTRY,17.867399215698242
2022-07-29,USDTRY,17.945199966430664
2022-08-01,USDTRY,17.922500610351562
2022-08-02,USDTRY,17.89349937438965
2022-08-03,USDTRY,17.943099975585938
2022-08-04,USDTRY,17.930700302124023
2022-08-05,USDTRY,17.941699981689453
2022-08-08,USDTRY,17.9237003326416
2022-08-09,USDTRY,17.93779945373535
2022-08-10,USDTRY,17.923999786376953
2022-08-11,USDTRY,17.870100021362305
2022-08-12,USDTRY,17.949100494384766
2022-08-15,USDTRY,17.940000534057617
2022-08-16,USDTRY,17.951860427856445
2022-08-17,USDTRY,17.90625
2022-08-18,USDTRY,17.944000244140625
2022-08-19,USDTRY,18.07670021057129
2022-08-22,USDTRY,18.087799072265625
2022-08-23,USDTRY,18.090999603271484
2022-08-24,USDTRY,18.120899200439453
2022-08-25,USDTRY,18.14800071716309
2022-08-26,USDTRY,18.16580009460449
2022-08-29,USDTRY,18.16750907897949
2022-08-30,USDTRY,18.18000030517578
2022-08-31,USDTRY,18.15026092529297
2022-09-01,USDTRY,18.18919944763184
2022-09-02,USDTRY,18.20709991455078
2022-09-05,USDTRY,18.21102905273437
2022-09-06,USDTRY,18.214149475097656
2022-09-07,USDTRY,18.22620964050293
2022-09-08,USDTRY,18.221200942993164
2022-09-09,USDTRY,18.23870086669922
2022-09-12,USDTRY,18.221399307250977
2022-09-13,USDTRY,18.22249984741211
2022-09-14,USDTRY,18.246400833129883
2022-09-15,USDTRY,18.22907066345215
2022-09-16,USDTRY,18.27322006225586
2022-09-19,USDTRY,18.25429916381836
2022-09-20,USDTRY,18.29290008544922
2022-09-21,USDTRY,18.310720443725582
2022-09-22,USDTRY,18.315000534057617
2022-09-23,USDTRY,18.33799934387207
2022-09-26,USDTRY,18.4325008392334
2022-09-27,USDTRY,18.449499130249023
2022-09-28,USDTRY,18.44289970397949
2022-09-29,USDTRY,18.52330017089844
2022-09-30,USDTRY,18.497499465942383
2022-10-03,USDTRY,18.51619911193848
2022-10-04,USDTRY,18.523700714111328
2022-10-05,USDTRY,18.569700241088867
2022-10-06,USDTRY,18.54833984375
2022-10-07,USDTRY,18.575300216674805
2022-10-10,USDTRY,18.577999114990234
2022-10-11,USDTRY,18.58309936523437
2022-10-12,USDTRY,18.5841007232666
2022-10-13,USDTRY,18.509899139404297
2022-10-14,USDTRY,18.55290031433105
2022-10-17,USDTRY,18.58690071105957
2022-10-18,USDTRY,18.54891014099121
2022-10-19,USDTRY,18.57990074157715
2022-10-20,USDTRY,18.59309959411621
2022-10-21,USDTRY,18.5856990814209
2022-10-24,USDTRY,18.554330825805664
2022-10-25,USDTRY,18.59079933166504
2022-10-26,USDTRY,18.606800079345703
2022-10-27,USDTRY,18.59040069580078
2022-10-28,USDTRY,18.60890007019043
2022-10-31,USDTRY,18.572969436645508
2022-11-01,USDTRY,18.616670608520508
2022-11-02,USDTRY,18.60429954528809
2022-11-03,USDTRY,18.614999771118164
2022-11-04,USDTRY,18.60919952392578
2022-11-07,USDTRY,18.60007095336914
2022-11-08,USDTRY,18.444000244140625
2022-11-09,USDTRY,18.54050064086914
2022-11-10,USDTRY,18.585039138793945
2022-11-11,USDTRY,18.482650756835938
2022-11-14,USDTRY,18.491619110107425
2022-11-15,USDTRY,18.591100692749023
2022-11-16,USDTRY,18.60770034790039
2022-11-17,USDTRY,18.603679656982425
2022-11-18,USDTRY,18.599199295043945
2022-11-21,USDTRY,18.610429763793945
2022-11-22,USDTRY,18.60059928894043
2022-11-23,USDTRY,18.61210060119629
2022-11-24,USDTRY,18.608999252319336
2022-11-25,USDTRY,18.62680053710937
2022-11-28,USDTRY,18.59602928161621
2022-11-29,USDTRY,18.61849975585937
2022-11-30,USDTRY,18.63990020751953
2022-12-01,USDTRY,18.6299991607666
2022-12-02,USDTRY,18.63260078430176
2022-12-05,USDTRY,18.630699157714844
2022-12-06,USDTRY,18.62459945678711
2022-12-07,USDTRY,18.62660026550293
2022-12-08,USDTRY,18.62697982788086
2022-12-09,USDTRY,18.63853073120117
2022-12-12,USDTRY,18.635610580444336
2022-12-13,USDTRY,18.617900848388672
2022-12-14,USDTRY,18.629499435424805
2022-12-15,USDTRY,18.607770919799805
2022-12-16,USDTRY,18.64459991455078
2022-12-19,USDTRY,18.62290000915528
2022-12-20,USDTRY,18.64520072937012
2022-12-21,USDTRY,18.636680603027344
2022-12-22,USDTRY,18.654800415039062
2022-12-23,USDTRY,18.66963005065918
2022-12-26,USDTRY,18.623430252075195
2022-12-27,USDTRY,18.65679931640625
2022-12-28,USDTRY,18.65699958801269
2022-12-29,USDTRY,18.69367027282715
2022-12-30,USDTRY,18.70298957824707
2023-01-02,USDTRY,18.64472961425781
2023-01-03,USDTRY,18.74329948425293
2023-01-04,USDTRY,18.70686912536621
2023-01-05,USDTRY,18.735950469970703
2023-01-06,USDTRY,18.766599655151367
2023-01-09,USDTRY,18.768489837646484
2023-01-10,USDTRY,18.75849914550781
2023-01-11,USDTRY,18.75445938110352
2023-01-12,USDTRY,18.773399353027344
2023-01-13,USDTRY,18.77869987487793
2023-01-16,USDTRY,18.783069610595703
2023-01-17,USDTRY,18.779090881347656
2023-01-18,USDTRY,18.75263023376465
2023-01-19,USDTRY,18.763029098510746
2023-01-20,USDTRY,18.792699813842773
2023-01-23,USDTRY,18.79335021972656
2023-01-24,USDTRY,18.71924018859864
2023-01-25,USDTRY,18.79523086547852
2023-01-26,USDTRY,18.804000854492188
2023-01-27,USDTRY,18.81049919128418
2023-01-30,USDTRY,18.798599243164062
2023-01-31,USDTRY,18.808000564575195
2023-02-01,USDTRY,18.804000854492188
2023-02-02,USDTRY,18.807449340820312
2023-02-03,USDTRY,18.80525016784668
2023-02-06,USDTRY,18.825319290161133
2023-02-07,USDTRY,18.829099655151367
2023-02-08,USDTRY,18.831600189208984
2023-02-09,USDTRY,18.832359313964844
2023-02-10,USDTRY,18.829700469970703
2023-02-13,USDTRY,18.82975959777832
2023-02-14,USDTRY,18.837459564208984
2023-02-15,USDTRY,18.84394073486328
2023-02-16,USDTRY,18.85038948059082
2023-02-17,USDTRY,18.854820251464844
2023-02-20,USDTRY,18.85346031188965
2023-02-21,USDTRY,18.863500595092773
2023-02-22,USDTRY,18.862699508666992
2023-02-23,USDTRY,18.875200271606445
2023-02-24,USDTRY,18.86302947998047
2023-02-27,USDTRY,18.882020950317383
2023-02-28,USDTRY,18.88419914245605
2023-03-01,USDTRY,18.882400512695312
2023-03-02,USDTRY,18.883399963378903
2023-03-03,USDTRY,18.88570022583008
2023-03-06,USDTRY,18.88681983947754
2023-03-07,USDTRY,18.86989021301269
2023-03-08,USDTRY,18.918100357055664
2023-03-09,USDTRY,18.94079971313477
2023-03-10,USDTRY,18.95190048217773
2023-03-13,USDTRY,18.961389541625977
2023-03-14,USDTRY,18.97100067138672
2023-03-15,USDTRY,18.974899291992188
2023-03-16,USDTRY,18.98699951171875
2023-03-17,USDTRY,19.00200080871582
2023-03-20,USDTRY,19.00787925720215
2023-03-21,USDTRY,19.00881004333496
2023-03-22,USDTRY,19.03319931030273
2023-03-23,USDTRY,19.04389953613281
2023-03-24,USDTRY,19.05719947814941
2023-03-27,USDTRY,19.0802001953125
2023-03-28,USDTRY,19.09258079528809
2023-03-29,USDTRY,19.12070083618164
2023-03-30,USDTRY,19.14689064025879
2023-03-31,USDTRY,19.17569923400879
2023-04-03,USDTRY,19.193479537963867
2023-04-04,USDTRY,19.20479965209961
2023-04-05,USDTRY,19.21699905395508
2023-04-06,USDTRY,19.250099182128903
2023-04-07,USDTRY,19.25069999694824
2023-04-10,USDTRY,19.245399475097656
2023-04-11,USDTRY,19.265300750732425
2023-04-12,USDTRY,19.291040420532227
2023-04-13,USDTRY,19.30875968933105
2023-04-14,USDTRY,19.335100173950195
2023-04-17,USDTRY,19.37829971313477
2023-04-18,USDTRY,19.385299682617188
2023-04-19,USDTRY,19.399599075317383
2023-04-20,USDTRY,19.3981990814209
2023-04-21,USDTRY,19.404260635375977
2023-04-24,USDTRY,19.405170440673828
2023-04-25,USDTRY,19.402700424194336
2023-04-26,USDTRY,19.41783905029297
2023-04-27,USDTRY,19.423099517822266
2023-04-28,USDTRY,19.43549919128418
2023-05-01,USDTRY,19.449499130249023
2023-05-02,USDTRY,19.452049255371094
2023-05-03,USDTRY,19.473539352416992
2023-05-04,USDTRY,19.474889755249023
2023-05-05,USDTRY,19.487199783325195
2023-05-08,USDTRY,19.499000549316406
2023-05-09,USDTRY,19.50189971923828
2023-05-10,USDTRY,19.520000457763672
2023-05-11,USDTRY,19.53969955444336
2023-05-12,USDTRY,19.56579971313477
2023-05-15,USDTRY,19.62800025939941
2023-05-16,USDTRY,19.67970085144043
2023-05-17,USDTRY,19.731300354003903
2023-05-18,USDTRY,19.76440048217773
2023-05-19,USDTRY,19.806859970092773
2023-05-22,USDTRY,19.815900802612305
2023-05-23,USDTRY,19.84454917907715
2023-05-24,USDTRY,19.86392974853516
2023-05-25,USDTRY,19.907100677490234
2023-05-26,USDTRY,19.97439956665039
2023-05-29,USDTRY,19.989200592041016
2023-05-30,USDTRY,20.1270809173584
2023-05-31,USDTRY,20.61160087585449
2023-06-01,USDTRY,20.7863998413086
2023-06-02,USDTRY,20.890199661254883
2023-06-05,USDTRY,21.080299377441406
2023-06-06,USDTRY,21.269500732421875
2023-06-07,USDTRY,21.93440055847168
2023-06-08,USDTRY,23.295530319213867
2023-06-09,USDTRY,23.498699188232425
2023-06-12,USDTRY,23.645999908447266
2023-06-13,USDTRY,23.66010093688965
2023-06-14,USDTRY,23.638500213623047
2023-06-15,USDTRY,23.568500518798828
2023-06-16,USDTRY,23.65080070495605
2023-06-19,USDTRY,23.54850006103516
2023-06-20,USDTRY,23.60149955749512
2023-06-21,USDTRY,23.572099685668945
2023-06-22,USDTRY,23.554800033569336
2023-06-23,USDTRY,24.885099411010746
2023-06-26,USDTRY,25.317800521850582
2023-06-27,USDTRY,25.96015930175781
2023-06-28,USDTRY,25.989990234375
2023-06-29,USDTRY,26.05550003051757
2023-06-30,USDTRY,26.03860092163086
2023-07-03,USDTRY,25.422399520874023
2023-07-04,USDTRY,25.864200592041016
2023-07-05,USDTRY,25.978099822998047
2023-07-06,USDTRY,26.085599899291992
2023-07-07,USDTRY,26.12980079650879
2023-07-10,USDTRY,26.137800216674805
2023-07-11,USDTRY,26.03718948364257
2023-07-12,USDTRY,26.11000061035156
2023-07-13,USDTRY,26.19960021972656
2023-07-14,USDTRY,26.05719947814941
2023-07-17,USDTRY,26.25
2023-07-18,USDTRY,26.382200241088867
2023-07-19,USDTRY,26.947799682617188
2023-07-20,USDTRY,26.820499420166016
2023-07-21,USDTRY,26.850500106811523
2023-07-24,USDTRY,26.95199966430664
2023-07-25,USDTRY,26.96940040588379
2023-07-26,USDTRY,26.92350006103516
2023-07-27,USDTRY,26.89570045471192
2023-07-28,USDTRY,26.9552001953125
2023-07-31,USDTRY,26.84040069580078
2023-08-01,USDTRY,26.92597961425781
2023-08-02,USDTRY,26.973499298095703
2023-08-03,USDTRY,26.962299346923828
2023-08-04,USDTRY,26.96328926086425
2023-08-07,USDTRY,26.99430084228516
2023-08-08,USDTRY,27.00539970397949
2023-08-09,USDTRY,26.925180435180664
2023-08-10,USDTRY,26.94700050354004
2023-08-11,USDTRY,27.05120086669922
2023-08-14,USDTRY,27.112199783325195
2023-08-15,USDTRY,27.055400848388672
2023-08-16,USDTRY,27.047889709472656
2023-08-17,USDTRY,27.073659896850582
2023-08-18,USDTRY,27.125
2023-08-21,USDTRY,27.138399124145508
2023-08-22,USDTRY,27.20549964904785
2023-08-23,USDTRY,27.20490074157715
2023-08-24,USDTRY,27.19339942932129
2023-08-25,USDTRY,25.90539932250977
2023-08-28,USDTRY,26.353700637817383
2023-08-29,USDTRY,26.309499740600582
2023-08-30,USDTRY,26.54829978942871
2023-08-31,USDTRY,26.681299209594727
2023-09-01,USDTRY,26.68790054321289
2023-09-04,USDTRY,26.577299118041992
2023-09-05,USDTRY,26.77120018005371
2023-09-06,USDTRY,26.78059959411621
2023-09-07,USDTRY,26.816499710083008
2023-09-08,USDTRY,26.85810089111328
2023-09-11,USDTRY,26.66509056091309
2023-09-12,USDTRY,26.86687088012696
2023-09-13,USDTRY,26.9192008972168
2023-09-14,USDTRY,26.88549995422364
2023-09-15,USDTRY,26.94440078735352
2023-09-18,USDTRY,26.786020278930664
2023-09-19,USDTRY,26.987499237060547
2023-09-20,USDTRY,27.018299102783203
2023-09-21,USDTRY,27.02280044555664
2023-09-22,USDTRY,27.104780197143555
2023-09-25,USDTRY,27.178089141845703
2023-09-26,USDTRY,27.207380294799805
2023-09-27,USDTRY,27.34280014038086
2023-09-28,USDTRY,27.332799911499023
2023-09-29,USDTRY,27.45890045166016
2023-10-02,USDTRY,27.48110008239746
2023-10-03,USDTRY,27.46199989318848
2023-10-04,USDTRY,27.5275993347168
2023-10-05,USDTRY,27.55459976196289
2023-10-06,USDTRY,27.58259963989257
2023-10-09,USDTRY,27.71269989013672
2023-10-10,USDTRY,27.71969985961914
2023-10-11,USDTRY,27.727500915527344
2023-10-12,USDTRY,27.718799591064453
2023-10-13,USDTRY,27.842300415039062
2023-10-16,USDTRY,27.70630073547364
2023-10-17,USDTRY,27.87019920349121
2023-10-18,USDTRY,27.96139907836914
2023-10-19,USDTRY,28.01955986022949
2023-10-20,USDTRY,28.02429962158203
2023-10-23,USDTRY,28.04990005493164
2023-10-24,USDTRY,28.081710815429688
2023-10-25,USDTRY,28.122499465942383
2023-10-26,USDTRY,28.1481990814209
2023-10-27,USDTRY,28.16670036315918
2023-10-30,USDTRY,28.20282936096192
2023-10-31,USDTRY,28.257369995117188
2023-11-01,USDTRY,28.30240058898925
2023-11-02,USDTRY,28.32309913635254
2023-11-03,USDTRY,28.35890007019043
2023-11-06,USDTRY,28.383150100708008
2023-11-07,USDTRY,28.447599411010746
2023-11-08,USDTRY,28.49519920349121
2023-11-09,USDTRY,28.517309188842773
2023-11-10,USDTRY,28.52580070495605
2023-11-13,USDTRY,28.513660430908203
2023-11-14,USDTRY,28.60610008239746
2023-11-15,USDTRY,28.64119911193848
2023-11-16,USDTRY,28.67968940734864
2023-11-17,USDTRY,28.70190048217773
2023-11-20,USDTRY,28.647829055786133
2023-11-21,USDTRY,28.777830123901367
2023-11-22,USDTRY,28.79397964477539
2023-11-23,USDTRY,28.83180046081543
2023-11-24,USDTRY,28.840700149536133
2023-11-27,USDTRY,28.842559814453125
2023-11-28,USDTRY,28.909400939941406
2023-11-29,USDTRY,28.91860008239746
2023-11-30,USDTRY,28.94091987609864
2023-12-01,USDTRY,28.88640022277832
2023-12-04,USDTRY,28.89620018005371
2023-12-05,USDTRY,28.917800903320312
2023-12-06,USDTRY,28.91469955444336
2023-12-07,USDTRY,28.914899826049805
2023-12-08,USDTRY,28.91069984436035
2023-12-11,USDTRY,28.876100540161133
2023-12-12,USDTRY,28.96109962463379
2023-12-13,USDTRY,29.027099609375
2023-12-14,USDTRY,28.99180030822754
2023-12-15,USDTRY,28.976600646972656
2023-12-18,USDTRY,28.84041976928711
2023-12-19,USDTRY,29.0386905670166
2023-12-20,USDTRY,29.08872032165528
2023-12-21,USDTRY,29.1254997253418
2023-12-22,USDTRY,29.10354995727539
2023-12-25,USDTRY,28.833330154418945
2023-12-26,USDTRY,29.311399459838867
2023-12-27,USDTRY,29.30590057373047
2023-12-28,USDTRY,29.38789939880371
2023-12-29,USDTRY,29.519800186157227
2024-01-01,USDTRY,29.018070220947266
2024-01-02,USDTRY,29.428199768066406
2024-01-03,USDTRY,29.74485969543457
2024-01-04,USDTRY,29.77907943725586
2024-01-05,USDTRY,29.84090042114257
2024-01-08,USDTRY,29.78428077697754
2024-01-09,USDTRY,29.91390037536621
2024-01-10,USDTRY,29.96179962158203
2024-01-11,USDTRY,29.85420036315918
2024-01-12,USDTRY,30.06089973449707
2024-01-15,USDTRY,30.06355094909668
2024-01-16,USDTRY,30.07284927368164
2024-01-17,USDTRY,30.118099212646484
2024-01-18,USDTRY,30.137819290161133
2024-01-19,USDTRY,30.153600692749023
2024-01-22,USDTRY,30.19136047363281
2024-01-23,USDTRY,30.2587890625
2024-01-24,USDTRY,30.27949905395508
2024-01-25,USDTRY,30.24799919128418
2024-01-26,USDTRY,30.29730033874512
2024-01-29,USDTRY,30.324670791625977
2024-01-30,USDTRY,30.34501075744629
2024-01-31,USDTRY,30.35840034484864
2024-02-01,USDTRY,30.35980033874512
2024-02-02,USDTRY,30.44300079345703
2024-02-05,USDTRY,30.300920486450195
2024-02-06,USDTRY,30.536800384521484
2024-02-07,USDTRY,30.541120529174805
2024-02-08,USDTRY,30.59149932861328
2024-02-09,USDTRY,30.668399810791016
2024-02-12,USDTRY,30.64838981628418
2024-02-13,USDTRY,30.712900161743164
2024-02-14,USDTRY,30.722900390625
2024-02-15,USDTRY,30.750099182128903
2024-02-16,USDTRY,30.815000534057617
2024-02-19,USDTRY,30.80282974243164
2024-02-20,USDTRY,30.867900848388672
2024-02-21,USDTRY,30.904909133911133
2024-02-22,USDTRY,31.01650047302246
2024-02-23,USDTRY,31.07349967956543
2024-02-26,USDTRY,31.09312057495117
2024-02-27,USDTRY,31.11552047729492
2024-02-28,USDTRY,31.14579963684082
2024-02-29,USDTRY,31.208839416503903
2024-03-01,USDTRY,31.279409408569336
2024-03-04,USDTRY,31.390369415283203
2024-03-05,USDTRY,31.5713005065918
2024-03-06,USDTRY,31.688119888305664
2024-03-07,USDTRY,31.79730987548828
2024-03-08,USDTRY,31.93320083618164
2024-03-11,USDTRY,31.9963607788086
2024-03-12,USDTRY,32.03739929199219
2024-03-13,USDTRY,32.093780517578125
2024-03-14,USDTRY,32.1185302734375
2024-03-15,USDTRY,32.19306945800781
2024-03-18,USDTRY,32.28765106201172
2024-03-19,USDTRY,32.33330154418945
2024-03-20,USDTRY,32.373348236083984
2024-03-21,USDTRY,32.41749954223633
2024-03-22,USDTRY,32.15650177001953
2024-03-25,USDTRY,32.08531188964844
2024-03-26,USDTRY,32.16780090332031
2024-03-27,USDTRY,32.208499908447266
2024-03-28,USDTRY,32.29970169067383
2024-03-29,USDTRY,32.449100494384766
2024-04-01,USDTRY,32.42340087890625
2024-04-02,USDTRY,32.26240158081055
2024-04-03,USDTRY,32.052101135253906
2024-04-04,USDTRY,31.94529914855957
2024-04-05,USDTRY,31.94499015808105
2024-04-08,USDTRY,32.007598876953125
2024-04-09,USDTRY,32.15650177001953
2024-04-10,USDTRY,32.22426986694336
2024-04-11,USDTRY,32.2859992980957
2024-04-12,USDTRY,32.4182014465332
2024-04-15,USDTRY,32.39690017700195
2024-04-16,USDTRY,32.40700912475586
2024-04-17,USDTRY,32.51139831542969
2024-04-18,USDTRY,32.47119903564453
2024-04-19,USDTRY,32.56330108642578
2024-04-22,USDTRY,32.60334014892578
2024-04-23,USDTRY,32.56460189819336
2024-04-24,USDTRY,32.510520935058594
2024-04-25,USDTRY,32.56671905517578
2024-04-26,USDTRY,32.535301208496094
2024-04-29,USDTRY,32.53120040893555
2024-04-30,USDTRY,32.36991882324219
2024-05-01,USDTRY,32.40330123901367
2024-05-02,USDTRY,32.27299880981445
2024-05-03,USDTRY,32.40330123901367
2024-05-06,USDTRY,32.302398681640625
2024-05-07,USDTRY,32.28260040283203
2024-05-08,USDTRY,32.25619888305664
2024-05-09,USDTRY,32.3484992980957
2024-05-10,USDTRY,32.28310012817383
2024-05-13,USDTRY,32.18122863769531
2024-05-14,USDTRY,32.25170135498047
2024-05-15,USDTRY,32.28120040893555
2024-05-16,USDTRY,32.160499572753906
2024-05-17,USDTRY,32.262901306152344
2024-05-20,USDTRY,32.232601165771484
2024-05-21,USDTRY,32.212100982666016
2024-05-22,USDTRY,32.19089889526367
2024-05-23,USDTRY,32.15095138549805
2024-05-24,USDTRY,32.22200012207031
2024-05-27,USDTRY,32.220001220703125
2024-05-28,USDTRY,32.108001708984375
2024-05-29,USDTRY,32.24089813232422
2024-05-30,USDTRY,32.260101318359375
2024-05-31,USDTRY,32.24380111694336
2024-06-03,USDTRY,32.235801696777344
2024-06-04,USDTRY,32.1786003112793
2024-06-05,USDTRY,32.6338005065918
2024-06-06,USDTRY,32.27439880371094
2024-06-07,USDTRY,32.28879928588867
2024-06-10,USDTRY,32.40610122680664
2024-06-11,USDTRY,32.3828010559082
2024-06-12,USDTRY,32.364898681640625
2024-06-13,USDTRY,32.32870101928711
2024-06-14,USDTRY,32.4901008605957
2024-06-17,USDTRY,32.65732955932617
2024-06-18,USDTRY,32.81940078735352
2024-06-19,USDTRY,32.55110168457031
2024-06-20,USDTRY,32.513301849365234
2024-06-21,USDTRY,32.829498291015625
2024-06-24,USDTRY,32.82630157470703
2024-06-25,USDTRY,32.92097091674805
2024-06-26,USDTRY,32.94459915161133
2024-06-27,USDTRY,32.8385009765625
2024-06-28,USDTRY,32.88779830932617
2024-07-01,USDTRY,32.77050018310547
2024-07-02,USDTRY,32.64820098876953
2024-07-03,USDTRY,32.54359817504883
2024-07-04,USDTRY,32.53403854370117
2024-07-05,USDTRY,32.63800048828125
2024-07-08,USDTRY,32.674598693847656
2024-07-09,USDTRY,32.71730041503906
2024-07-10,USDTRY,32.90380096435547
2024-07-11,USDTRY,32.87979888916016
2024-07-12,USDTRY,32.94902038574219
2024-07-15,USDTRY,33.084800720214844
2024-07-16,USDTRY,33.01750183105469
2024-07-17,USDTRY,33.04050064086914
2024-07-18,USDTRY,33.07957077026367
2024-07-19,USDTRY,33.088138580322266
2024-07-22,USDTRY,32.997840881347656
2024-07-23,USDTRY,32.92620086669922
2024-07-24,USDTRY,32.84090042114258
2024-07-25,USDTRY,32.856300354003906
2024-07-26,USDTRY,33.11650085449219
2024-07-29,USDTRY,33.02399826049805
2024-07-30,USDTRY,33.05550003051758
2024-07-31,USDTRY,33.0984992980957
2024-08-01,USDTRY,33.17599868774414
2024-08-02,USDTRY,33.1593017578125
2024-08-05,USDTRY,33.24509811401367
2024-08-06,USDTRY,33.39419937133789
2024-08-07,USDTRY,33.61920166015625
2024-08-08,USDTRY,33.5123291015625
2024-08-09,USDTRY,33.532649993896484
2024-08-12,USDTRY,33.523101806640625
2024-08-13,USDTRY,33.453819274902344
2024-08-14,USDTRY,33.509498596191406
2024-08-15,USDTRY,33.5921516418457
2024-08-16,USDTRY,33.638179779052734
2024-08-19,USDTRY,33.6880989074707
2024-08-20,USDTRY,33.7588005065918
2024-08-21,USDTRY,33.8985595703125
2024-08-22,USDTRY,33.92499923706055
2024-08-23,USDTRY,33.95750045776367
2024-08-26,USDTRY,34.02239990234375
2024-08-27,USDTRY,34.025299072265625
2024-08-28,USDTRY,34.01723098754883
2024-08-29,USDTRY,34.139400482177734
2024-08-30,USDTRY,34.07733917236328
2024-09-02,USDTRY,34.07080078125
2024-09-03,USDTRY,33.91339874267578
2024-09-04,USDTRY,33.99760055541992
2024-09-05,USDTRY,34.03670120239258
2024-09-06,USDTRY,33.98500061035156
2024-09-09,USDTRY,33.99654006958008
2024-09-10,USDTRY,34.095699310302734
2024-09-11,USDTRY,34.04439926147461
2024-09-12,USDTRY,33.99919891357422
2024-09-13,USDTRY,33.97460174560547
2024-09-16,USDTRY,33.95515823364258
2024-09-17,USDTRY,33.979469299316406
2024-09-18,USDTRY,34.06909942626953
2024-09-19,USDTRY,34.07080078125
2024-09-20,USDTRY,34.08000183105469
2024-09-23,USDTRY,34.05575180053711
2024-09-24,USDTRY,34.14970016479492
2024-09-25,USDTRY,34.112300872802734
2024-09-26,USDTRY,34.16070938110352
2024-09-27,USDTRY,34.17539978027344
2024-09-30,USDTRY,34.1490592956543
2024-10-01,USDTRY,34.20399856567383
2024-10-02,USDTRY,34.18619918823242
2024-10-03,USDTRY,34.23059844970703
2024-10-04,USDTRY,34.22679901123047
2024-10-07,USDTRY,34.22624969482422
2024-10-08,USDTRY,34.24570846557617
2024-10-09,USDTRY,34.26350021362305
2024-10-10,USDTRY,34.25619888305664
2024-10-11,USDTRY,34.25233840942383
2024-10-14,USDTRY,34.27619934082031
2024-10-15,USDTRY,34.25215148925781
2024-10-16,USDTRY,34.19478988647461
2024-10-17,USDTRY,34.16460037231445
2024-10-18,USDTRY,34.19219970703125
2024-10-21,USDTRY,34.276100158691406
2024-10-22,USDTRY,34.24570083618164
2024-10-23,USDTRY,34.25310134887695
2024-10-24,USDTRY,34.26839828491211
2024-10-25,USDTRY,34.28770065307617
2024-10-28,USDTRY,34.28334045410156
2024-10-29,USDTRY,34.28770065307617
2024-10-30,USDTRY,34.27479934692383
2024-10-31,USDTRY,34.283199310302734
2024-11-01,USDTRY,34.29376983642578
2024-11-04,USDTRY,34.32815170288086
2024-11-05,USDTRY,34.34980010986328
2024-11-06,USDTRY,34.307498931884766
2024-11-07,USDTRY,34.20090103149414
2024-11-08,USDTRY,34.340030670166016
2024-11-11,USDTRY,34.35115051269531
2024-11-12,USDTRY,34.32659912109375
2024-11-13,USDTRY,34.37080001831055
2024-11-14,USDTRY,34.34519958496094
2024-11-15,USDTRY,34.29668045043945
2024-11-18,USDTRY,34.34925842285156
2024-11-19,USDTRY,34.571998596191406
2024-11-20,USDTRY,34.499298095703125
2024-11-21,USDTRY,34.4692497253418
2024-11-22,USDTRY,34.527099609375
2024-11-25,USDTRY,34.420040130615234
2024-11-26,USDTRY,34.597530364990234
2024-11-27,USDTRY,34.65359878540039
2024-11-28,USDTRY,34.63650131225586
2024-11-29,USDTRY,34.64836883544922
2024-12-02,USDTRY,34.693389892578125
2024-12-03,USDTRY,34.74789810180664
2024-12-04,USDTRY,34.74760055541992
2024-12-05,USDTRY,34.73649978637695
2024-12-06,USDTRY,34.76679992675781
2024-12-09,USDTRY,34.77888107299805
2024-12-10,USDTRY,34.81956100463867
2024-12-11,USDTRY,34.84510040283203
2024-12-12,USDTRY,34.86470031738281
2024-12-13,USDTRY,34.94660186767578
2024-12-16,USDTRY,34.95014953613281
2024-12-17,USDTRY,34.956600189208984
2024-12-18,USDTRY,35.009300231933594
2024-12-19,USDTRY,35.04899978637695
2024-12-20,USDTRY,35.1396484375
2024-12-23,USDTRY,35.13113021850586
2024-12-24,USDTRY,35.23160171508789
2024-12-25,USDTRY,34.883888244628906
2024-12-26,USDTRY,35.11949157714844
2024-12-27,USDTRY,35.23429870605469
2024-12-30,USDTRY,35.1602897644043
2024-12-31,USDTRY,35.30524826049805
2025-01-02,USDTRY,35.374000549316406
2025-01-03,USDTRY,35.3922004699707
2025-01-06,USDTRY,35.28929901123047
2025-01-07,USDTRY,35.34479904174805
2025-01-08,USDTRY,35.32183074951172
2025-01-09,USDTRY,35.34980010986328
2025-01-10,USDTRY,35.38059997558594
2025-01-13,USDTRY,35.39105987548828
2025-01-14,USDTRY,35.48419952392578
2025-01-15,USDTRY,35.46939849853516
2025-01-16,USDTRY,35.472900390625
2025-01-17,USDTRY,35.54610061645508
2025-01-20,USDTRY,35.547271728515625
2025-01-21,USDTRY,35.580101013183594
2025-01-22,USDTRY,35.6348991394043
2025-01-23,USDTRY,35.64469909667969
2025-01-24,USDTRY,35.67430114746094
2025-01-27,USDTRY,35.59360122680664
2025-01-28,USDTRY,35.75226974487305
2025-01-29,USDTRY,35.702980041503906
2025-01-30,USDTRY,35.79267120361328
2025-01-31,USDTRY,35.853031158447266
2025-02-03,USDTRY,35.87181854248047
2025-02-04,USDTRY,35.9734001159668
2025-02-05,USDTRY,35.96950149536133
2025-02-06,USDTRY,35.910301208496094
2025-02-07,USDTRY,35.95558166503906
2025-02-10,USDTRY,35.89970016479492
2025-02-11,USDTRY,35.99263000488281
2025-02-12,USDTRY,35.99468994140625
2025-02-13,USDTRY,36.11600112915039
2025-02-14,USDTRY,36.1963005065918
2025-02-17,USDTRY,36.20355987548828
2025-02-18,USDTRY,36.233280181884766
2025-02-19,USDTRY,36.29280090332031
2025-02-20,USDTRY,36.30720138549805
2025-02-21,USDTRY,36.3856315612793
2025-02-24,USDTRY,36.446998596191406
2025-02-25,USDTRY,36.45434188842773
2025-02-26,USDTRY,36.46129989624024
2025-02-27,USDTRY,36.45940017700195
2025-02-28,USDTRY,36.517799377441406
2025-03-03,USDTRY,36.50695037841797
2025-03-04,USDTRY,36.43709945678711
2025-03-05,USDTRY,36.432498931884766
2025-03-06,USDTRY,36.4114990234375
2025-03-07,USDTRY,36.487701416015625
2025-03-10,USDTRY,36.48583984375
2025-03-11,USDTRY,36.571380615234375
2025-03-12,USDTRY,36.59619903564453
2025-03-13,USDTRY,36.59230041503906
2025-03-14,USDTRY,36.67959976196289
2025-03-17,USDTRY,36.6391716003418
2025-03-18,USDTRY,36.63199996948242
2025-03-19,USDTRY,36.69559860229492
2025-03-20,USDTRY,37.99319839477539
2025-03-21,USDTRY,37.94593811035156
2025-03-24,USDTRY,37.976688385009766
2025-03-25,USDTRY,37.848541259765625
2025-03-26,USDTRY,37.98720169067383
2025-03-27,USDTRY,38.022098541259766
2025-03-28,USDTRY,38.003299713134766
2025-03-31,USDTRY,37.97510147094727
2025-04-01,USDTRY,37.89859008789063
2025-04-02,USDTRY,37.96049880981445
2025-04-03,USDTRY,37.944618225097656
2025-04-04,USDTRY,38.00569915771485
2025-04-07,USDTRY,38.00090026855469
2025-04-08,USDTRY,38.00479888916016
2025-04-09,USDTRY,38.007999420166016
2025-04-10,USDTRY,37.96289825439453
2025-04-11,USDTRY,38.03559875488281
2025-04-14,USDTRY,37.98509979248047
2025-04-15,USDTRY,38.03839874267578
2025-04-16,USDTRY,38.17060089111328
2025-04-17,USDTRY,38.14339828491211
2025-04-22,USDTRY,38.235801696777344
2025-04-23,USDTRY,38.280399322509766
2025-04-24,USDTRY,38.285621643066406
2025-04-25,USDTRY,38.415000915527344
2025-04-28,USDTRY,38.42399978637695
2025-04-29,USDTRY,38.44160079956055
2025-04-30,USDTRY,38.4994010925293
2025-05-01,USDTRY,38.5017204284668
2025-05-02,USDTRY,38.55839920043945
2025-05-05,USDTRY,38.57176971435547
2025-05-06,USDTRY,38.61050033569336
2025-05-07,USDTRY,38.63290023803711
2025-05-08,USDTRY,38.64410018920898
2025-05-09,USDTRY,38.7244987487793
2025-05-12,USDTRY,38.74020004272461
2025-05-13,USDTRY,38.78990173339844
2025-05-14,USDTRY,38.75848007202149
2025-05-15,USDTRY,38.7677001953125
2025-05-16,USDTRY,38.83620071411133
2025-05-19,USDTRY,38.85630035400391
2025-05-20,USDTRY,38.846099853515625
2025-05-21,USDTRY,38.83530044555664
2025-05-22,USDTRY,38.8301010131836
2025-05-23,USDTRY,39.033329010009766
2025-05-26,USDTRY,39.00040054321289
2025-05-27,USDTRY,38.993900299072266
2025-05-28,USDTRY,39.05950164794922
2025-05-29,USDTRY,39.09429168701172
2025-05-30,USDTRY,39.20848846435547
2025-06-02,USDTRY,39.25439834594727
2025-06-03,USDTRY,39.145301818847656
2025-06-04,USDTRY,39.14459991455078
2025-06-05,USDTRY,39.26440048217773
2025-06-06,USDTRY,39.282501220703125
2025-06-09,USDTRY,39.24409866333008
2025-06-10,USDTRY,39.29912185668945
2025-06-11,USDTRY,39.19559860229492
2025-06-12,USDTRY,39.129539489746094
2025-06-13,USDTRY,39.395599365234375
2025-06-16,USDTRY,39.36800003051758
2025-06-17,USDTRY,39.38759994506836
2025-06-18,USDTRY,39.52090072631836
2025-06-19,USDTRY,39.53409957885742
2025-06-20,USDTRY,39.663700103759766
2025-06-23,USDTRY,39.72050094604492
2025-06-24,USDTRY,39.67070007324219
2025-06-25,USDTRY,39.6245002746582
2025-06-26,USDTRY,39.75859832763672
2025-06-27,USDTRY,39.85430145263672
2025-06-30,USDTRY,39.89059829711914
2025-07-01,USDTRY,39.82659912109375
2025-07-02,USDTRY,39.83879852294922
2025-07-03,USDTRY,39.90470123291016
2025-07-04,USDTRY,39.82059860229492
2025-07-07,USDTRY,39.95100021362305
2025-07-08,USDTRY,40.00320053100586
2025-07-09,USDTRY,40.02954864501953
2025-07-10,USDTRY,40.04629898071289
2025-07-11,USDTRY,40.15909957885742
2025-07-14,USDTRY,40.19459915161133
2025-07-15,USDTRY,40.226898193359375
2025-07-16,USDTRY,40.25429916381836
2025-07-17,USDTRY,40.240699768066406
2025-07-18,USDTRY,40.33599853515625
2025-07-21,USDTRY,40.39450073242188
2025-07-22,USDTRY,40.40439987182617
2025-07-23,USDTRY,40.43399810791016
2025-07-24,USDTRY,40.45109939575195
2025-07-25,USDTRY,40.5359992980957
2025-07-28,USDTRY,40.54029846191406
2025-07-29,USDTRY,40.56169891357422
2025-07-30,USDTRY,40.571998596191406
2025-07-31,USDTRY,40.58700180053711
2025-08-01,USDTRY,40.66279983520508
2025-08-04,USDTRY,40.67779922485352
2025-08-05,USDTRY,40.67490005493164
2025-08-06,USDTRY,40.66899871826172
2025-08-07,USDTRY,40.659400939941406
2025-08-08,USDTRY,40.656009674072266
2025-08-11,USDTRY,40.74729919433594
2025-08-12,USDTRY,40.70849990844727
2025-08-13,USDTRY,40.755001068115234
2025-08-14,USDTRY,40.78189849853516
2025-08-15,USDTRY,40.846900939941406
2025-08-18,USDTRY,40.89889907836914
2025-08-19,USDTRY,40.88309860229492
2025-08-20,USDTRY,40.86960983276367
2025-08-21,USDTRY,40.91180038452149
2025-08-22,USDTRY,41.007598876953125
2025-08-25,USDTRY,40.96030044555664
2025-08-26,USDTRY,41.00350189208984
2025-08-27,USDTRY,41.03749847412109
2025-08-28,USDTRY,41.05189895629883
2025-08-29,USDTRY,41.14049911499024
2025-09-01,USDTRY,41.14239883422852
2025-09-02,USDTRY,41.14289855957031
2025-09-03,USDTRY,41.16619873046875
2025-09-04,USDTRY,41.158599853515625
2025-09-05,USDTRY,41.247501373291016
2025-09-08,USDTRY,41.25559997558594
2025-09-09,USDTRY,41.26139068603516
2025-09-10,USDTRY,41.257301330566406
2025-09-11,USDTRY,41.27539825439453
2025-09-12,USDTRY,41.34280014038086
2025-09-15,USDTRY,41.27825927734375
2025-09-16,USDTRY,41.30770111083984
2025-09-17,USDTRY,41.30730056762695
2025-09-18,USDTRY,41.30110168457031
2025-09-19,USDTRY,41.39720153808594
2025-09-22,USDTRY,41.407901763916016
2025-09-23,USDTRY,41.39189910888672
2025-09-24,USDTRY,41.418701171875
2025-09-25,USDTRY,41.46960067749024
2025-09-26,USDTRY,41.56399917602539
2025-09-29,USDTRY,41.56108856201172
2025-09-30,USDTRY,41.57659912109375
2025-10-01,USDTRY,41.58269882202149
2025-10-02,USDTRY,41.59410095214844
2025-10-03,USDTRY,41.64179992675781
2025-10-06,USDTRY,41.68830108642578
2025-10-07,USDTRY,41.703800201416016
2025-10-08,USDTRY,41.71736145019531
2025-10-09,USDTRY,41.73080062866211
2025-10-10,USDTRY,41.82247161865234
2025-10-13,USDTRY,41.8129997253418
2025-10-14,USDTRY,41.81230163574219
2025-10-15,USDTRY,41.81919860839844
2025-10-16,USDTRY,41.851200103759766
2025-10-17,USDTRY,41.89630126953125
2025-10-20,USDTRY,41.93040084838867
2025-10-21,USDTRY,41.92890167236328
2025-10-22,USDTRY,41.96820068359375
2025-10-23,USDTRY,41.97639846801758
2025-10-24,USDTRY,42.03110122680664
2025-10-27,USDTRY,41.99216079711914
2025-10-28,USDTRY,41.95940017700195
2025-10-29,USDTRY,41.94852066040039
2025-10-30,USDTRY,41.89762878417969
2025-10-31,USDTRY,42.026798248291016
2025-11-03,USDTRY,42.03961944580078
2025-11-04,USDTRY,42.06949996948242
2025-11-05,USDTRY,42.071998596191406
2025-11-06,USDTRY,42.11119842529297
2025-11-07,USDTRY,42.16474151611328
2025-11-10,USDTRY,42.23031997680664
2025-11-11,USDTRY,42.23410034179688
2025-11-12,USDTRY,42.23789978027344
2025-11-13,USDTRY,42.2484016418457
2025-11-14,USDTRY,42.28519821166992
2025-11-17,USDTRY,42.31201171875
2025-11-18,USDTRY,42.31859970092773
2025-11-19,USDTRY,42.32690048217773
2025-11-20,USDTRY,42.342899322509766
2025-11-21,USDTRY,42.43870162963867
2025-11-24,USDTRY,42.39574813842773
2025-11-25,USDTRY,42.442501068115234
2025-11-26,USDTRY,42.46220016479492
2025-11-27,USDTRY,42.44240188598633
2025-11-28,USDTRY,42.48509979248047
2025-12-01,USDTRY,42.46950149536133
2025-12-02,USDTRY,42.41801071166992
2025-12-03,USDTRY,42.45227813720703
2025-12-04,USDTRY,42.446998596191406
2025-12-05,USDTRY,42.500099182128906
2025-12-08,USDTRY,42.51499938964844
2025-12-09,USDTRY,42.55390167236328
2025-12-10,USDTRY,42.54940032958984
2025-12-11,USDTRY,42.61159896850586
2025-12-12,USDTRY,42.63240051269531
2025-12-15,USDTRY,42.68220138549805
2025-12-16,USDTRY,42.69390106201172
2025-12-17,USDTRY,42.70759963989258
2025-12-18,USDTRY,42.72959899902344
2025-12-19,USDTRY,42.785301208496094
2025-12-22,USDTRY,42.80688095092773
2025-12-23,USDTRY,42.815799713134766
2025-12-24,USDTRY,42.84799957275391
2025-12-26,USDTRY,42.85449981689453
2025-12-29,USDTRY,42.90407943725586
2025-12-30,USDTRY,42.93569946289063
2025-12-31,USDTRY,42.95198059082031
2026-01-02,USDTRY,42.99399948120117
2026-01-05,USDTRY,43.01118850708008
2026-01-06,USDTRY,43.03919982910156
2026-01-07,USDTRY,43.04059982299805
2026-01-08,USDTRY,43.036598205566406
2026-01-09,USDTRY,43.12889862060547
2026-01-12,USDTRY,43.10540008544922
2026-01-13,USDTRY,43.14179992675781
2026-01-14,USDTRY,43.15240097045898
2026-01-15,USDTRY,43.16960144042969
2026-01-16,USDTRY,43.27220153808594
2026-01-19,USDTRY,43.26826858520508
2026-01-20,USDTRY,43.276100158691406
2026-01-21,USDTRY,43.289398193359375
2026-01-22,USDTRY,43.29579925537109
2026-01-23,USDTRY,43.33990097045898
2026-01-26,USDTRY,43.38639831542969
2026-01-27,USDTRY,43.38180160522461
2026-01-28,USDTRY,43.41460037231445
2026-01-29,USDTRY,43.40729904174805
2026-01-30,USDTRY,43.4551010131836
2026-02-02,USDTRY,43.48197937011719
2026-02-03,USDTRY,43.47489929199219
2026-02-04,USDTRY,43.49100112915039
2026-02-05,USDTRY,43.51950073242188
2026-02-06,USDTRY,43.60929870605469
2026-02-09,USDTRY,43.46875
2026-02-10,USDTRY,43.58409881591797
2026-02-11,USDTRY,43.62749862670898
2026-02-12,USDTRY,43.63610076904297
2026-02-13,USDTRY,43.72809982299805
2026-02-16,USDTRY,43.69063186645508
2026-02-17,USDTRY,43.722801208496094
2026-02-18,USDTRY,43.734500885009766
2026-02-19,USDTRY,43.76399993896485
2026-02-20,USDTRY,43.83829879760742
2026-02-23,USDTRY,43.80820083618164
2026-02-24,USDTRY,43.84659957885742
2026-02-25,USDTRY,43.85480117797852
2026-02-26,USDTRY,43.8650016784668
2026-02-27,USDTRY,43.95539855957031
2026-03-02,USDTRY,43.9486083984375
2026-03-03,USDTRY,43.96500015258789
2026-03-04,USDTRY,43.948001861572266
2026-03-05,USDTRY,43.93980026245117
2026-03-06,USDTRY,44.03340148925781
2026-03-09,USDTRY,44.08309173583984
2026-03-10,USDTRY,44.07979965209961
2026-03-11,USDTRY,44.0884017944336
2026-03-12,USDTRY,44.0984001159668
2026-03-13,USDTRY,44.18539810180664
2026-03-16,USDTRY,44.17097091674805
2026-03-17,USDTRY,44.18349838256836
2026-03-18,USDTRY,44.21540069580078
2026-03-19,USDTRY,44.31900024414063
2026-03-20,USDTRY,44.3036994934082
2026-03-23,USDTRY,44.29280090332031
2026-03-24,USDTRY,44.338600158691406
2026-03-25,USDTRY,44.339298248291016
2026-03-26,USDTRY,44.35459899902344
2026-03-27,USDTRY,44.45555114746094
2026-03-30,USDTRY,44.4452018737793
2026-03-31,USDTRY,44.473899841308594
2026-04-01,USDTRY,44.45489883422852
2026-04-02,USDTRY,44.48640060424805
2026-04-03,USDTRY,44.55580139160156
2026-04-06,USDTRY,44.58409881591797
2026-04-07,USDTRY,44.605098724365234
2026-04-08,USDTRY,44.567901611328125
2026-04-09,USDTRY,44.48469924926758
2026-04-10,USDTRY,44.63809967041016
2026-04-13,USDTRY,44.69960021972656
2026-04-14,USDTRY,44.70299911499024
2026-04-15,USDTRY,44.7317008972168
2026-04-16,USDTRY,44.72779846191406
2026-04-17,USDTRY,44.8484992980957
2026-04-20,USDTRY,44.85419845581055
2026-04-21,USDTRY,44.885501861572266
2026-04-22,USDTRY,44.9192008972168
2026-04-23,USDTRY,44.92010116577149
2026-04-24,USDTRY,44.97579956054688
2026-04-27,USDTRY,45.01279830932617
2026-04-28,USDTRY,45.02980041503906
2026-04-29,USDTRY,45.060691833496094
2026-04-30,USDTRY,45.16600036621094
2026-05-01,USDTRY,45.14099884033203
2026-05-04,USDTRY,45.18529891967773
2026-05-05,USDTRY,45.21440124511719
2026-05-06,USDTRY,45.22959899902344
2026-05-07,USDTRY,45.22790145874024
2026-05-08,USDTRY,45.223751068115234
2026-05-11,USDTRY,45.352500915527344
2026-05-12,USDTRY,45.38529968261719
2026-05-13,USDTRY,45.40019989013672
2026-05-14,USDTRY,45.43050003051758
2026-05-15,USDTRY,45.54199981689453
2026-05-18,USDTRY,45.49235916137695
2026-05-19,USDTRY,45.57270050048828
2026-05-20,USDTRY,45.58430099487305
2026-05-21,USDTRY,45.59130096435547
2026-05-22,USDTRY,45.71379852294922
2026-05-25,USDTRY,45.72740173339844
2026-05-26,USDTRY,45.897499084472656
2026-05-27,USDTRY,45.893699645996094
2026-05-28,USDTRY,45.892799377441406
2026-05-29,USDTRY,45.89179992675781
2026-06-01,USDTRY,45.89770126342773
2026-06-02,USDTRY,45.92539978027344
2026-06-03,USDTRY,45.945098876953125
2026-06-04,USDTRY,45.97380065917969
2026-06-05,USDTRY,46.06439971923828
2026-06-08,USDTRY,46.09109878540039
2026-06-09,USDTRY,46.10660171508789
2026-06-10,USDTRY,46.119998931884766
2026-06-11,USDTRY,46.1509017944336
2026-06-12,USDTRY,46.24079895019531
2026-06-15,USDTRY,46.26443862915039
2026-06-16,USDTRY,46.284400939941406
2026-06-17,USDTRY,46.30540084838867
2026-06-18,USDTRY,46.44004821777344
2026-06-19,USDTRY,46.41989135742188
2026-06-22,USDTRY,46.45209884643555
2026-06-23,USDTRY,46.46657180786133
2026-06-24,USDTRY,46.47090148925781
2026-06-25,USDTRY,46.50558853149414
2026-06-26,USDTRY,46.57929992675781
2026-06-28,USDTRY,46.54629898071289
2016-06-27,USDZAR,15.201919555664062
2016-06-28,USDZAR,15.393250465393066
2016-06-29,USDZAR,15.143879890441896
2016-06-30,USDZAR,14.771249771118164
2016-07-01,USDZAR,14.73550033569336
2016-07-04,USDZAR,14.590880393981934
2016-07-05,USDZAR,14.574749946594238
2016-07-06,USDZAR,14.764479637145996
2016-07-07,USDZAR,14.720000267028809
2016-07-08,USDZAR,14.768890380859375
2016-07-11,USDZAR,14.548649787902832
2016-07-12,USDZAR,14.446279525756836
2016-07-13,USDZAR,14.3412504196167
2016-07-14,USDZAR,14.476539611816406
2016-07-15,USDZAR,14.257080078125
2016-07-18,USDZAR,14.398880004882812
2016-07-19,USDZAR,14.236949920654297
2016-07-20,USDZAR,14.331450462341309
2016-07-21,USDZAR,14.289999961853027
2016-07-22,USDZAR,14.220749855041504
2016-07-25,USDZAR,14.288370132446289
2016-07-26,USDZAR,14.35846996307373
2016-07-27,USDZAR,14.33174991607666
2016-07-28,USDZAR,14.207679748535156
2016-07-29,USDZAR,14.133899688720703
2016-08-01,USDZAR,13.89365005493164
2016-08-02,USDZAR,13.922249794006348
2016-08-03,USDZAR,14.007089614868164
2016-08-04,USDZAR,13.905500411987305
2016-08-05,USDZAR,13.691579818725586
2016-08-08,USDZAR,13.751890182495117
2016-08-09,USDZAR,13.587499618530273
2016-08-10,USDZAR,13.426819801330566
2016-08-11,USDZAR,13.240169525146484
2016-08-12,USDZAR,13.393699645996094
2016-08-15,USDZAR,13.446999549865723
2016-08-16,USDZAR,13.288000106811523
2016-08-17,USDZAR,13.408900260925293
2016-08-18,USDZAR,13.36240005493164
2016-08-19,USDZAR,13.353500366210938
2016-08-22,USDZAR,13.483699798583984
2016-08-23,USDZAR,13.560799598693848
2016-08-24,USDZAR,13.886750221252441
2016-08-25,USDZAR,14.155099868774414
2016-08-26,USDZAR,14.191800117492676
2016-08-29,USDZAR,14.291799545288086
2016-08-30,USDZAR,14.395899772644043
2016-08-31,USDZAR,14.469499588012695
2016-09-01,USDZAR,14.679300308227539
2016-09-02,USDZAR,14.576199531555176
2016-09-05,USDZAR,14.475210189819336
2016-09-06,USDZAR,14.379300117492676
2016-09-07,USDZAR,13.990570068359375
2016-09-08,USDZAR,13.996399879455566
2016-09-09,USDZAR,14.117050170898438
2016-09-12,USDZAR,14.378979682922363
2016-09-13,USDZAR,14.244680404663086
2016-09-14,USDZAR,14.430859565734863
2016-09-15,USDZAR,14.306920051574707
2016-09-16,USDZAR,14.191900253295898
2016-09-19,USDZAR,14.195699691772461
2016-09-20,USDZAR,13.997300148010254
2016-09-21,USDZAR,13.894200325012207
2016-09-22,USDZAR,13.577199935913086
2016-09-23,USDZAR,13.613450050354004
2016-09-26,USDZAR,13.749070167541504
2016-09-27,USDZAR,13.696279525756836
2016-09-28,USDZAR,13.440299987792969
2016-09-29,USDZAR,13.623200416564941
2016-09-30,USDZAR,13.918100357055664
2016-10-03,USDZAR,13.736800193786621
2016-10-04,USDZAR,13.596699714660645
2016-10-05,USDZAR,13.820300102233887
2016-10-06,USDZAR,13.721280097961426
2016-10-07,USDZAR,13.883379936218262
2016-10-10,USDZAR,13.784299850463867
2016-10-11,USDZAR,13.776700019836426
2016-10-12,USDZAR,14.333700180053711
2016-10-13,USDZAR,14.228400230407715
2016-10-14,USDZAR,14.249799728393555
2016-10-17,USDZAR,14.295000076293945
2016-10-18,USDZAR,14.128000259399414
2016-10-19,USDZAR,13.866600036621094
2016-10-20,USDZAR,13.818400382995605
2016-10-21,USDZAR,13.93280029296875
2016-10-24,USDZAR,13.930680274963379
2016-10-25,USDZAR,13.906570434570312
2016-10-26,USDZAR,13.745800018310547
2016-10-27,USDZAR,13.872400283813477
2016-10-28,USDZAR,13.84469985961914
2016-10-31,USDZAR,13.776599884033203
2016-11-01,USDZAR,13.461999893188477
2016-11-02,USDZAR,13.612139701843262
2016-11-03,USDZAR,13.444199562072754
2016-11-04,USDZAR,13.431400299072266
2016-11-07,USDZAR,13.528300285339355
2016-11-08,USDZAR,13.375200271606445
2016-11-09,USDZAR,13.231209754943848
2016-11-10,USDZAR,13.478500366210938
2016-11-11,USDZAR,14.069499969482422
2016-11-14,USDZAR,14.239299774169922
2016-11-15,USDZAR,14.401800155639648
2016-11-16,USDZAR,14.161499977111816
2016-11-17,USDZAR,14.280500411987305
2016-11-18,USDZAR,14.424449920654297
2016-11-21,USDZAR,14.423399925231934
2016-11-22,USDZAR,14.208900451660156
2016-11-23,USDZAR,14.062379837036133
2016-11-24,USDZAR,14.126700401306152
2016-11-25,USDZAR,14.137999534606934
2016-11-28,USDZAR,14.022979736328125
2016-11-29,USDZAR,13.724180221557617
2016-11-30,USDZAR,13.872599601745605
2016-12-01,USDZAR,14.089380264282227
2016-12-02,USDZAR,14.09179973602295
2016-12-05,USDZAR,13.907779693603516
2016-12-06,USDZAR,13.709110260009766
2016-12-07,USDZAR,13.634499549865723
2016-12-08,USDZAR,13.458869934082031
2016-12-09,USDZAR,13.640979766845703
2016-12-12,USDZAR,13.806900024414062
2016-12-13,USDZAR,13.600099563598633
2016-12-14,USDZAR,13.580900192260742
2016-12-15,USDZAR,13.952489852905273
2016-12-16,USDZAR,13.957500457763672
2016-12-19,USDZAR,14.005000114440918
2016-12-20,USDZAR,14.130780220031738
2016-12-21,USDZAR,13.918379783630371
2016-12-22,USDZAR,13.966699600219727
2016-12-23,USDZAR,14.031700134277344
2016-12-26,USDZAR,14.027600288391113
2016-12-27,USDZAR,13.993800163269043
2016-12-28,USDZAR,13.916399955749512
2016-12-29,USDZAR,13.854599952697754
2016-12-30,USDZAR,13.574299812316895
2017-01-02,USDZAR,13.735690116882324
2017-01-03,USDZAR,13.710399627685547
2017-01-04,USDZAR,13.796589851379395
2017-01-05,USDZAR,13.597399711608887
2017-01-06,USDZAR,13.571499824523926
2017-01-09,USDZAR,13.74489974975586
2017-01-10,USDZAR,13.644499778747559
2017-01-11,USDZAR,13.726900100708008
2017-01-12,USDZAR,13.718199729919434
2017-01-13,USDZAR,13.52299976348877
2017-01-16,USDZAR,13.52614974975586
2017-01-17,USDZAR,13.662980079650879
2017-01-18,USDZAR,13.454360008239746
2017-01-19,USDZAR,13.617500305175781
2017-01-20,USDZAR,13.541999816894531
2017-01-23,USDZAR,13.606889724731445
2017-01-24,USDZAR,13.453900337219238
2017-01-25,USDZAR,13.361869812011719
2017-01-26,USDZAR,13.230799674987793
2017-01-27,USDZAR,13.339469909667969
2017-01-30,USDZAR,13.468170166015625
2017-01-31,USDZAR,13.508079528808594
2017-02-01,USDZAR,13.46735954284668
2017-02-02,USDZAR,13.456500053405762
2017-02-03,USDZAR,13.37339973449707
2017-02-06,USDZAR,13.253899574279785
2017-02-07,USDZAR,13.282620429992676
2017-02-08,USDZAR,13.426799774169922
2017-02-09,USDZAR,13.406900405883789
2017-02-10,USDZAR,13.418190002441406
2017-02-13,USDZAR,13.368880271911621
2017-02-14,USDZAR,13.315199851989746
2017-02-15,USDZAR,13.076600074768066
2017-02-16,USDZAR,12.900699615478516
2017-02-17,USDZAR,13.00879955291748
2017-02-20,USDZAR,13.06583023071289
2017-02-21,USDZAR,13.05247974395752
2017-02-22,USDZAR,13.14441967010498
2017-02-23,USDZAR,12.99800968170166
2017-02-24,USDZAR,12.853500366210938
2017-02-27,USDZAR,12.923500061035156
2017-02-28,USDZAR,12.991700172424316
2017-03-01,USDZAR,13.122900009155273
2017-03-02,USDZAR,13.00879955291748
2017-03-03,USDZAR,13.143199920654297
2017-03-06,USDZAR,12.998900413513184
2017-03-07,USDZAR,13.003800392150879
2017-03-08,USDZAR,12.957099914550781
2017-03-09,USDZAR,13.140379905700684
2017-03-10,USDZAR,13.313899993896484
2017-03-13,USDZAR,13.195440292358398
2017-03-14,USDZAR,13.122879981994629
2017-03-15,USDZAR,13.139699935913086
2017-03-16,USDZAR,12.809399604797363
2017-03-17,USDZAR,12.757399559020996
2017-03-20,USDZAR,12.698949813842773
2017-03-21,USDZAR,12.638019561767578
2017-03-22,USDZAR,12.671899795532227
2017-03-23,USDZAR,12.559370040893555
2017-03-24,USDZAR,12.455599784851074
2017-03-27,USDZAR,12.39896011352539
2017-03-28,USDZAR,12.738900184631348
2017-03-29,USDZAR,12.976579666137695
2017-03-30,USDZAR,13.040800094604492
2017-03-31,USDZAR,13.432600021362305
2017-04-03,USDZAR,13.355690002441406
2017-04-04,USDZAR,13.690699577331543
2017-04-05,USDZAR,13.601300239562988
2017-04-06,USDZAR,13.78007984161377
2017-04-07,USDZAR,13.771900177001953
2017-04-10,USDZAR,13.757699966430664
2017-04-11,USDZAR,13.913700103759766
2017-04-12,USDZAR,13.805150032043457
2017-04-13,USDZAR,13.461799621582031
2017-04-14,USDZAR,13.43809986114502
2017-04-17,USDZAR,13.392680168151855
2017-04-18,USDZAR,13.291999816894531
2017-04-19,USDZAR,13.263279914855957
2017-04-20,USDZAR,13.26509952545166
2017-04-21,USDZAR,13.131400108337402
2017-04-24,USDZAR,12.980899810791016
2017-04-25,USDZAR,13.019499778747559
2017-04-26,USDZAR,13.070679664611816
2017-04-27,USDZAR,13.247420310974121
2017-04-28,USDZAR,13.33899974822998
2017-05-01,USDZAR,13.333800315856934
2017-05-02,USDZAR,13.3858003616333
2017-05-03,USDZAR,13.337800025939941
2017-05-04,USDZAR,13.43280029296875
2017-05-05,USDZAR,13.632499694824219
2017-05-08,USDZAR,13.451080322265625
2017-05-09,USDZAR,13.607020378112793
2017-05-10,USDZAR,13.621500015258789
2017-05-11,USDZAR,13.488300323486328
2017-05-12,USDZAR,13.355799674987793
2017-05-15,USDZAR,13.366800308227539
2017-05-16,USDZAR,13.168000221252441
2017-05-17,USDZAR,13.070699691772461
2017-05-18,USDZAR,13.257200241088867
2017-05-19,USDZAR,13.409250259399414
2017-05-22,USDZAR,13.20110034942627
2017-05-23,USDZAR,13.233699798583984
2017-05-24,USDZAR,13.092000007629395
2017-05-25,USDZAR,12.889699935913086
2017-05-26,USDZAR,12.916099548339844
2017-05-29,USDZAR,12.819910049438477
2017-05-30,USDZAR,12.991439819335938
2017-05-31,USDZAR,13.110179901123047
2017-06-01,USDZAR,13.075499534606934
2017-06-02,USDZAR,12.88739013671875
2017-06-05,USDZAR,12.814000129699707
2017-06-06,USDZAR,12.690529823303223
2017-06-07,USDZAR,12.809000015258789
2017-06-08,USDZAR,12.815699577331543
2017-06-09,USDZAR,12.917169570922852
2017-06-12,USDZAR,12.911120414733887
2017-06-13,USDZAR,12.819860458374023
2017-06-14,USDZAR,12.773039817810059
2017-06-15,USDZAR,12.627610206604004
2017-06-16,USDZAR,12.868599891662598
2017-06-19,USDZAR,12.793009757995605
2017-06-20,USDZAR,12.977569580078125
2017-06-21,USDZAR,13.058500289916992
2017-06-22,USDZAR,13.058699607849121
2017-06-23,USDZAR,12.962300300598145
2017-06-26,USDZAR,12.911800384521484
2017-06-27,USDZAR,12.865300178527832
2017-06-28,USDZAR,13.009110450744629
2017-06-29,USDZAR,12.925600051879883
2017-06-30,USDZAR,12.986499786376953
2017-07-03,USDZAR,13.049500465393066
2017-07-04,USDZAR,13.19480037689209
2017-07-05,USDZAR,13.183199882507324
2017-07-06,USDZAR,13.385600090026855
2017-07-07,USDZAR,13.409500122070312
2017-07-10,USDZAR,13.376899719238281
2017-07-12,USDZAR,13.533599853515625
2017-07-13,USDZAR,13.2431001663208
2017-07-14,USDZAR,13.199999809265137
2017-07-17,USDZAR,13.020600318908691
2017-07-18,USDZAR,12.94159984588623
2017-07-19,USDZAR,12.9028902053833
2017-07-20,USDZAR,12.928279876708984
2017-07-21,USDZAR,13.0201997756958
2017-07-24,USDZAR,12.912300109863281
2017-07-25,USDZAR,12.951899528503418
2017-07-26,USDZAR,13.064900398254395
2017-07-27,USDZAR,12.893099784851074
2017-07-28,USDZAR,13.000289916992188
2017-07-31,USDZAR,12.98900032043457
2017-08-01,USDZAR,13.161399841308594
2017-08-02,USDZAR,13.248559951782227
2017-08-03,USDZAR,13.213600158691406
2017-08-04,USDZAR,13.36769962310791
2017-08-07,USDZAR,13.401100158691406
2017-08-08,USDZAR,13.21737003326416
2017-08-09,USDZAR,13.356100082397461
2017-08-10,USDZAR,13.42590045928955
2017-08-11,USDZAR,13.447979927062988
2017-08-14,USDZAR,13.431400299072266
2017-08-15,USDZAR,13.292900085449219
2017-08-16,USDZAR,13.30739974975586
2017-08-17,USDZAR,13.168899536132812
2017-08-18,USDZAR,13.2847900390625
2017-08-21,USDZAR,13.15939998626709
2017-08-22,USDZAR,13.149399757385254
2017-08-23,USDZAR,13.20460033416748
2017-08-24,USDZAR,13.14780044555664
2017-08-25,USDZAR,13.196260452270508
2017-08-28,USDZAR,13.00100040435791
2017-08-29,USDZAR,13.074150085449219
2017-08-30,USDZAR,12.989100456237793
2017-08-31,USDZAR,13.006500244140625
2017-09-01,USDZAR,12.985899925231934
2017-09-04,USDZAR,12.942449569702148
2017-09-05,USDZAR,12.935400009155273
2017-09-06,USDZAR,12.901100158691406
2017-09-07,USDZAR,12.788200378417969
2017-09-08,USDZAR,12.798419952392578
2017-09-11,USDZAR,12.902999877929688
2017-09-12,USDZAR,12.964240074157715
2017-09-13,USDZAR,12.97737979888916
2017-09-14,USDZAR,13.140899658203125
2017-09-15,USDZAR,13.116499900817871
2017-09-18,USDZAR,13.151000022888184
2017-09-19,USDZAR,13.284600257873535
2017-09-20,USDZAR,13.324480056762695
2017-09-21,USDZAR,13.319499969482422
2017-09-22,USDZAR,13.283980369567871
2017-09-25,USDZAR,13.234399795532227
2017-09-26,USDZAR,13.32509994506836
2017-09-27,USDZAR,13.359100341796875
2017-09-28,USDZAR,13.57390022277832
2017-09-29,USDZAR,13.510100364685059
2017-10-02,USDZAR,13.547300338745117
2017-10-03,USDZAR,13.582099914550781
2017-10-04,USDZAR,13.64210033416748
2017-10-05,USDZAR,13.565600395202637
2017-10-06,USDZAR,13.664139747619629
2017-10-09,USDZAR,13.756199836730957
2017-10-10,USDZAR,13.790499687194824
2017-10-11,USDZAR,13.683899879455566
2017-10-12,USDZAR,13.512299537658691
2017-10-13,USDZAR,13.463800430297852
2017-10-16,USDZAR,13.26360034942627
2017-10-17,USDZAR,13.327879905700684
2017-10-18,USDZAR,13.380900382995605
2017-10-19,USDZAR,13.553999900817871
2017-10-20,USDZAR,13.503999710083008
2017-10-23,USDZAR,13.691900253295898
2017-10-24,USDZAR,13.687000274658203
2017-10-25,USDZAR,13.738499641418457
2017-10-26,USDZAR,14.072600364685059
2017-10-27,USDZAR,14.237279891967773
2017-10-30,USDZAR,14.099519729614258
2017-10-31,USDZAR,14.046099662780762
2017-11-01,USDZAR,14.11929988861084
2017-11-02,USDZAR,14.052300453186035
2017-11-03,USDZAR,13.972000122070312
2017-11-06,USDZAR,14.192700386047363
2017-11-07,USDZAR,14.10258960723877
2017-11-08,USDZAR,14.208600044250488
2017-11-09,USDZAR,14.147939682006836
2017-11-10,USDZAR,14.248149871826172
2017-11-13,USDZAR,14.381999969482422
2017-11-14,USDZAR,14.457900047302246
2017-11-15,USDZAR,14.360199928283691
2017-11-17,USDZAR,14.138299942016602
2017-11-20,USDZAR,13.993200302124023
2017-11-21,USDZAR,14.035099983215332
2017-11-22,USDZAR,13.963899612426758
2017-11-23,USDZAR,13.81779956817627
2017-11-24,USDZAR,13.872099876403809
2017-11-27,USDZAR,14.049619674682617
2017-11-28,USDZAR,13.749090194702148
2017-11-29,USDZAR,13.663820266723633
2017-11-30,USDZAR,13.64883041381836
2017-12-01,USDZAR,13.712499618530273
2017-12-04,USDZAR,13.749600410461426
2017-12-05,USDZAR,13.517499923706055
2017-12-06,USDZAR,13.447879791259766
2017-12-07,USDZAR,13.521599769592285
2017-12-08,USDZAR,13.719499588012695
2017-12-11,USDZAR,13.664299964904785
2017-12-12,USDZAR,13.599599838256836
2017-12-13,USDZAR,13.658499717712402
2017-12-14,USDZAR,13.461199760437012
2017-12-15,USDZAR,13.487600326538086
2017-12-18,USDZAR,13.085399627685547
2017-12-19,USDZAR,12.728320121765137
2017-12-20,USDZAR,12.724069595336914
2017-12-21,USDZAR,12.730259895324707
2017-12-22,USDZAR,12.746000289916992
2017-12-25,USDZAR,12.592100143432617
2017-12-26,USDZAR,12.59160041809082
2017-12-27,USDZAR,12.487500190734863
2017-12-28,USDZAR,12.252400398254395
2017-12-29,USDZAR,12.395500183105469
2018-01-01,USDZAR,12.319990158081055
2018-01-02,USDZAR,12.38700008392334
2018-01-03,USDZAR,12.435620307922363
2018-01-04,USDZAR,12.361000061035156
2018-01-05,USDZAR,12.287199974060059
2018-01-08,USDZAR,12.295539855957031
2018-01-09,USDZAR,12.372400283813477
2018-01-10,USDZAR,12.331500053405762
2018-01-11,USDZAR,12.418999671936035
2018-01-12,USDZAR,12.378390312194824
2018-01-15,USDZAR,12.368619918823242
2018-01-16,USDZAR,12.287300109863281
2018-01-17,USDZAR,12.254340171813965
2018-01-18,USDZAR,12.305780410766602
2018-01-19,USDZAR,12.11400032043457
2018-01-22,USDZAR,12.075499534606934
2018-01-23,USDZAR,12.042099952697754
2018-01-24,USDZAR,12.025099754333496
2018-01-25,USDZAR,11.873600006103516
2018-01-26,USDZAR,11.908499717712402
2018-01-29,USDZAR,11.851900100708008
2018-01-30,USDZAR,11.93649959564209
2018-01-31,USDZAR,11.961099624633789
2018-02-01,USDZAR,11.838399887084961
2018-02-02,USDZAR,11.836199760437012
2018-02-05,USDZAR,12.060770034790039
2018-02-06,USDZAR,12.104900360107422
2018-02-07,USDZAR,11.928799629211426
2018-02-08,USDZAR,12.060179710388184
2018-02-09,USDZAR,12.144969940185547
2018-02-12,USDZAR,12.020520210266113
2018-02-13,USDZAR,11.8927001953125
2018-02-14,USDZAR,11.959199905395508
2018-02-15,USDZAR,11.716500282287598
2018-02-16,USDZAR,11.617600440979004
2018-02-19,USDZAR,11.615099906921387
2018-02-20,USDZAR,11.673179626464844
2018-02-21,USDZAR,11.717499732971191
2018-02-22,USDZAR,11.661700248718262
2018-02-23,USDZAR,11.65060043334961
2018-02-26,USDZAR,11.567290306091309
2018-02-27,USDZAR,11.563799858093262
2018-02-28,USDZAR,11.699299812316895
2018-03-01,USDZAR,11.776000022888184
2018-03-02,USDZAR,11.845999717712402
2018-03-05,USDZAR,11.917449951171875
2018-03-06,USDZAR,11.832220077514648
2018-03-07,USDZAR,11.844799995422363
2018-03-08,USDZAR,11.838390350341797
2018-03-09,USDZAR,11.907649993896484
2018-03-12,USDZAR,11.810219764709473
2018-03-13,USDZAR,11.809000015258789
2018-03-14,USDZAR,11.779199600219727
2018-03-15,USDZAR,11.762700080871582
2018-03-16,USDZAR,11.897100448608398
2018-03-19,USDZAR,11.97677993774414
2018-03-20,USDZAR,12.008099555969238
2018-03-21,USDZAR,11.949600219726562
2018-03-22,USDZAR,11.822469711303711
2018-03-23,USDZAR,11.877400398254395
2018-03-26,USDZAR,11.695500373840332
2018-03-27,USDZAR,11.63659954071045
2018-03-28,USDZAR,11.64468002319336
2018-03-29,USDZAR,11.768199920654297
2018-03-30,USDZAR,11.831080436706543
2018-04-02,USDZAR,11.834179878234863
2018-04-03,USDZAR,11.851960182189941
2018-04-04,USDZAR,11.81659984588623
2018-04-05,USDZAR,11.862199783325195
2018-04-06,USDZAR,11.988479614257812
2018-04-09,USDZAR,12.02455997467041
2018-04-10,USDZAR,12.08782958984375
2018-04-11,USDZAR,12.02649974822998
2018-04-12,USDZAR,11.94320011138916
2018-04-13,USDZAR,12.04170036315918
2018-04-16,USDZAR,12.078510284423828
2018-04-17,USDZAR,12.032999992370605
2018-04-18,USDZAR,11.981200218200684
2018-04-19,USDZAR,11.924180030822754
2018-04-20,USDZAR,11.966899871826172
2018-04-23,USDZAR,12.091699600219727
2018-04-24,USDZAR,12.337200164794922
2018-04-25,USDZAR,12.313400268554688
2018-04-26,USDZAR,12.431099891662598
2018-04-27,USDZAR,12.37660026550293
2018-04-30,USDZAR,12.318699836730957
2018-05-01,USDZAR,12.442970275878906
2018-05-02,USDZAR,12.660499572753906
2018-05-03,USDZAR,12.689800262451172
2018-05-04,USDZAR,12.587599754333496
2018-05-07,USDZAR,12.497099876403809
2018-05-08,USDZAR,12.529970169067383
2018-05-09,USDZAR,12.577420234680176
2018-05-10,USDZAR,12.553560256958008
2018-05-11,USDZAR,12.30681037902832
2018-05-14,USDZAR,12.245499610900879
2018-05-15,USDZAR,12.315299987792969
2018-05-16,USDZAR,12.570489883422852
2018-05-17,USDZAR,12.428750038146973
2018-05-18,USDZAR,12.606120109558105
2018-05-21,USDZAR,12.750699996948242
2018-05-22,USDZAR,12.66901969909668
2018-05-23,USDZAR,12.556900024414062
2018-05-24,USDZAR,12.454400062561035
2018-05-25,USDZAR,12.415399551391602
2018-05-28,USDZAR,12.474499702453613
2018-05-29,USDZAR,12.451760292053223
2018-05-30,USDZAR,12.68988037109375
2018-05-31,USDZAR,12.517900466918945
2018-06-01,USDZAR,12.700719833374023
2018-06-04,USDZAR,12.668100357055664
2018-06-05,USDZAR,12.567350387573242
2018-06-06,USDZAR,12.747320175170898
2018-06-07,USDZAR,12.700599670410156
2018-06-08,USDZAR,12.965499877929688
2018-06-11,USDZAR,13.056400299072266
2018-06-12,USDZAR,13.146100044250488
2018-06-13,USDZAR,13.292900085449219
2018-06-14,USDZAR,13.307330131530762
2018-06-15,USDZAR,13.437100410461426
2018-06-18,USDZAR,13.413599967956543
2018-06-19,USDZAR,13.648799896240234
2018-06-20,USDZAR,13.734310150146484
2018-06-21,USDZAR,13.656339645385742
2018-06-22,USDZAR,13.581979751586914
2018-06-25,USDZAR,13.404580116271973
2018-06-26,USDZAR,13.511199951171875
2018-06-27,USDZAR,13.515700340270996
2018-06-28,USDZAR,13.849200248718262
2018-06-29,USDZAR,13.76710033416748
2018-07-02,USDZAR,13.709099769592285
2018-07-03,USDZAR,13.827500343322754
2018-07-04,USDZAR,13.677379608154297
2018-07-05,USDZAR,13.668899536132812
2018-07-06,USDZAR,13.531100273132324
2018-07-09,USDZAR,13.446200370788574
2018-07-10,USDZAR,13.39780044555664
2018-07-11,USDZAR,13.36970043182373
2018-07-12,USDZAR,13.547100067138672
2018-07-13,USDZAR,13.304100036621094
2018-07-16,USDZAR,13.250699996948242
2018-07-17,USDZAR,13.211580276489258
2018-07-18,USDZAR,13.269800186157227
2018-07-19,USDZAR,13.267849922180176
2018-07-20,USDZAR,13.53617000579834
2018-07-23,USDZAR,13.382800102233887
2018-07-24,USDZAR,13.448399543762207
2018-07-25,USDZAR,13.268500328063965
2018-07-26,USDZAR,13.09749984741211
2018-07-27,USDZAR,13.23270034790039
2018-07-30,USDZAR,13.175000190734863
2018-07-31,USDZAR,13.155269622802734
2018-08-01,USDZAR,13.23289966583252
2018-08-02,USDZAR,13.214380264282227
2018-08-03,USDZAR,13.432499885559082
2018-08-06,USDZAR,13.339079856872559
2018-08-07,USDZAR,13.430399894714355
2018-08-08,USDZAR,13.315799713134766
2018-08-09,USDZAR,13.393500328063965
2018-08-10,USDZAR,13.684800148010254
2018-08-13,USDZAR,14.237649917602539
2018-08-14,USDZAR,14.3774995803833
2018-08-15,USDZAR,14.268199920654297
2018-08-16,USDZAR,14.591560363769531
2018-08-17,USDZAR,14.710800170898438
2018-08-20,USDZAR,14.742799758911133
2018-08-21,USDZAR,14.500800132751465
2018-08-22,USDZAR,14.384300231933594
2018-08-23,USDZAR,14.159199714660645
2018-08-24,USDZAR,14.383500099182129
2018-08-27,USDZAR,14.241800308227539
2018-08-28,USDZAR,14.159299850463867
2018-08-29,USDZAR,14.19279956817627
2018-08-30,USDZAR,14.337730407714844
2018-08-31,USDZAR,14.698380470275879
2018-09-03,USDZAR,14.715250015258789
2018-09-04,USDZAR,14.850000381469727
2018-09-05,USDZAR,15.318699836730957
2018-09-06,USDZAR,15.401100158691406
2018-09-07,USDZAR,15.311599731445312
2018-09-10,USDZAR,15.25
2018-09-11,USDZAR,15.188199996948242
2018-09-12,USDZAR,15.058699607849121
2018-09-13,USDZAR,14.94260025024414
2018-09-14,USDZAR,14.76550006866455
2018-09-17,USDZAR,14.934700012207031
2018-09-18,USDZAR,14.967940330505371
2018-09-19,USDZAR,14.858799934387207
2018-09-20,USDZAR,14.637499809265137
2018-09-21,USDZAR,14.297900199890137
2018-09-24,USDZAR,14.340100288391113
2018-09-25,USDZAR,14.355500221252441
2018-09-26,USDZAR,14.330699920654297
2018-09-27,USDZAR,14.132630348205566
2018-09-28,USDZAR,14.104299545288086
2018-10-01,USDZAR,14.10159969329834
2018-10-02,USDZAR,14.20740032196045
2018-10-03,USDZAR,14.34846019744873
2018-10-04,USDZAR,14.629500389099121
2018-10-05,USDZAR,14.8302001953125
2018-10-08,USDZAR,14.811400413513184
2018-10-09,USDZAR,14.844799995422363
2018-10-10,USDZAR,14.5649995803833
2018-10-11,USDZAR,14.754599571228027
2018-10-12,USDZAR,14.57960033416748
2018-10-15,USDZAR,14.527199745178223
2018-10-16,USDZAR,14.33240032196045
2018-10-17,USDZAR,14.17477035522461
2018-10-18,USDZAR,14.240699768066406
2018-10-19,USDZAR,14.427599906921387
2018-10-22,USDZAR,14.413800239562988
2018-10-23,USDZAR,14.321849822998047
2018-10-24,USDZAR,14.218700408935547
2018-10-25,USDZAR,14.548399925231934
2018-10-26,USDZAR,14.605859756469727
2018-10-29,USDZAR,14.562999725341797
2018-10-30,USDZAR,14.697400093078613
2018-10-31,USDZAR,14.595000267028809
2018-11-01,USDZAR,14.755000114440918
2018-11-02,USDZAR,14.398300170898438
2018-11-05,USDZAR,14.261300086975098
2018-11-06,USDZAR,14.138799667358398
2018-11-07,USDZAR,14.097399711608887
2018-11-08,USDZAR,13.910599708557129
2018-11-09,USDZAR,14.115839958190918
2018-11-12,USDZAR,14.33489990234375
2018-11-13,USDZAR,14.452699661254883
2018-11-14,USDZAR,14.422200202941895
2018-11-15,USDZAR,14.357789993286133
2018-11-16,USDZAR,14.189900398254395
2018-11-19,USDZAR,13.971799850463867
2018-11-20,USDZAR,14.014679908752441
2018-11-21,USDZAR,14.091400146484375
2018-11-22,USDZAR,13.924400329589844
2018-11-23,USDZAR,13.731200218200684
2018-11-26,USDZAR,13.845319747924805
2018-11-27,USDZAR,13.905500411987305
2018-11-28,USDZAR,13.90880012512207
2018-11-29,USDZAR,13.766200065612793
2018-11-30,USDZAR,13.65310001373291
2018-12-03,USDZAR,13.71720027923584
2018-12-04,USDZAR,13.683799743652344
2018-12-05,USDZAR,13.824600219726562
2018-12-06,USDZAR,13.831199645996094
2018-12-07,USDZAR,14.038900375366211
2018-12-10,USDZAR,14.176300048828125
2018-12-11,USDZAR,14.35159969329834
2018-12-12,USDZAR,14.317500114440918
2018-12-13,USDZAR,14.095999717712402
2018-12-14,USDZAR,14.172900199890137
2018-12-17,USDZAR,14.375100135803223
2018-12-18,USDZAR,14.380000114440918
2018-12-19,USDZAR,14.333049774169922
2018-12-20,USDZAR,14.361900329589844
2018-12-21,USDZAR,14.37975025177002
2018-12-24,USDZAR,14.6318998336792
2018-12-25,USDZAR,14.509499549865723
2018-12-26,USDZAR,14.581000328063965
2018-12-27,USDZAR,14.499799728393555
2018-12-28,USDZAR,14.493200302124023
2018-12-31,USDZAR,14.415300369262695
2019-01-01,USDZAR,14.125800132751465
2019-01-02,USDZAR,14.387649536132812
2019-01-03,USDZAR,14.558300018310547
2019-01-04,USDZAR,14.309000015258789
2019-01-07,USDZAR,13.98069953918457
2019-01-08,USDZAR,13.860699653625488
2019-01-09,USDZAR,13.94629955291748
2019-01-10,USDZAR,13.843899726867676
2019-01-11,USDZAR,13.854559898376465
2019-01-14,USDZAR,13.85669994354248
2019-01-15,USDZAR,13.762700080871582
2019-01-16,USDZAR,13.720199584960938
2019-01-17,USDZAR,13.678999900817871
2019-01-18,USDZAR,13.710399627685547
2019-01-21,USDZAR,13.819000244140625
2019-01-22,USDZAR,13.809800148010254
2019-01-23,USDZAR,13.954400062561035
2019-01-24,USDZAR,13.807700157165527
2019-01-25,USDZAR,13.708100318908691
2019-01-28,USDZAR,13.603639602661133
2019-01-29,USDZAR,13.65725040435791
2019-01-30,USDZAR,13.607999801635742
2019-01-31,USDZAR,13.327899932861328
2019-02-01,USDZAR,13.248800277709961
2019-02-04,USDZAR,13.315299987792969
2019-02-05,USDZAR,13.410200119018555
2019-02-06,USDZAR,13.364999771118164
2019-02-07,USDZAR,13.528030395507812
2019-02-08,USDZAR,13.608599662780762
2019-02-11,USDZAR,13.607799530029297
2019-02-12,USDZAR,13.781700134277344
2019-02-13,USDZAR,13.750300407409668
2019-02-14,USDZAR,14.039520263671875
2019-02-15,USDZAR,14.114899635314941
2019-02-18,USDZAR,14.080100059509277
2019-02-19,USDZAR,14.074000358581543
2019-02-20,USDZAR,14.03030014038086
2019-02-21,USDZAR,14.008700370788574
2019-02-22,USDZAR,14.010700225830078
2019-02-25,USDZAR,13.953969955444336
2019-02-26,USDZAR,13.816399574279785
2019-02-27,USDZAR,13.828049659729004
2019-02-28,USDZAR,13.916600227355957
2019-03-01,USDZAR,14.059200286865234
2019-03-04,USDZAR,14.173500061035156
2019-03-05,USDZAR,14.1875
2019-03-06,USDZAR,14.166099548339844
2019-03-07,USDZAR,14.256099700927734
2019-03-08,USDZAR,14.500980377197266
2019-03-11,USDZAR,14.411600112915039
2019-03-12,USDZAR,14.29740047454834
2019-03-13,USDZAR,14.348799705505371
2019-03-14,USDZAR,14.407899856567383
2019-03-15,USDZAR,14.512399673461914
2019-03-18,USDZAR,14.421299934387207
2019-03-19,USDZAR,14.428500175476074
2019-03-20,USDZAR,14.500619888305664
2019-03-21,USDZAR,14.221699714660645
2019-03-22,USDZAR,14.199399948120117
2019-03-25,USDZAR,14.47130012512207
2019-03-26,USDZAR,14.300399780273438
2019-03-27,USDZAR,14.407099723815918
2019-03-28,USDZAR,14.599100112915039
2019-03-29,USDZAR,14.584600448608398
2019-04-01,USDZAR,14.327099800109863
2019-04-02,USDZAR,14.176799774169922
2019-04-03,USDZAR,14.20259952545166
2019-04-04,USDZAR,14.125699996948242
2019-04-05,USDZAR,14.104399681091309
2019-04-08,USDZAR,14.096199989318848
2019-04-09,USDZAR,14.117799758911133
2019-04-10,USDZAR,14.075300216674805
2019-04-11,USDZAR,13.893799781799316
2019-04-12,USDZAR,14.007800102233887
2019-04-15,USDZAR,13.952500343322754
2019-04-16,USDZAR,14.035400390625
2019-04-17,USDZAR,14.018899917602539
2019-04-18,USDZAR,13.962400436401367
2019-04-19,USDZAR,14.038900375366211
2019-04-22,USDZAR,14.074700355529785
2019-04-23,USDZAR,14.150099754333496
2019-04-24,USDZAR,14.253199577331543
2019-04-25,USDZAR,14.437999725341797
2019-04-26,USDZAR,14.407500267028809
2019-04-29,USDZAR,14.35260009765625
2019-04-30,USDZAR,14.307499885559082
2019-05-01,USDZAR,14.28909969329834
2019-05-02,USDZAR,14.435099601745605
2019-05-03,USDZAR,14.515800476074219
2019-05-06,USDZAR,14.45149040222168
2019-05-07,USDZAR,14.452500343322754
2019-05-08,USDZAR,14.427499771118164
2019-05-09,USDZAR,14.368300437927246
2019-05-10,USDZAR,14.331399917602539
2019-05-13,USDZAR,14.19480037689209
2019-05-14,USDZAR,14.322999954223633
2019-05-15,USDZAR,14.238800048828125
2019-05-16,USDZAR,14.20460033416748
2019-05-17,USDZAR,14.280019760131836
2019-05-20,USDZAR,14.419899940490723
2019-05-21,USDZAR,14.373169898986816
2019-05-23,USDZAR,14.359700202941895
2019-05-24,USDZAR,14.486040115356445
2019-05-27,USDZAR,14.418299674987793
2019-05-28,USDZAR,14.427499771118164
2019-05-29,USDZAR,14.698800086975098
2019-05-30,USDZAR,14.62909984588623
2019-05-31,USDZAR,14.769000053405762
2019-06-03,USDZAR,14.599699974060059
2019-06-04,USDZAR,14.446100234985352
2019-06-05,USDZAR,14.627300262451172
2019-06-06,USDZAR,14.835200309753418
2019-06-07,USDZAR,15.003700256347656
2019-06-10,USDZAR,14.918499946594238
2019-06-11,USDZAR,14.807900428771973
2019-06-12,USDZAR,14.653200149536133
2019-06-13,USDZAR,14.86139965057373
2019-06-14,USDZAR,14.856109619140625
2019-06-17,USDZAR,14.791000366210938
2019-06-18,USDZAR,14.795999526977539
2019-06-19,USDZAR,14.510499954223633
2019-06-20,USDZAR,14.322199821472168
2019-06-21,USDZAR,14.333900451660156
2019-06-24,USDZAR,14.314279556274414
2019-06-25,USDZAR,14.353400230407715
2019-06-26,USDZAR,14.325200080871582
2019-06-27,USDZAR,14.220100402832031
2019-06-28,USDZAR,14.157899856567383
2019-07-01,USDZAR,14.07040023803711
2019-07-02,USDZAR,14.129300117492676
2019-07-03,USDZAR,14.074299812316895
2019-07-04,USDZAR,14.052900314331055
2019-07-05,USDZAR,14.038470268249512
2019-07-08,USDZAR,14.195199966430664
2019-07-09,USDZAR,14.179499626159668
2019-07-10,USDZAR,14.180800437927246
2019-07-11,USDZAR,13.974599838256836
2019-07-12,USDZAR,13.95259952545166
2019-07-15,USDZAR,13.957799911499023
2019-07-16,USDZAR,13.900639533996582
2019-07-17,USDZAR,13.941300392150879
2019-07-18,USDZAR,13.996700286865234
2019-07-19,USDZAR,13.862700462341309
2019-07-22,USDZAR,13.912400245666504
2019-07-23,USDZAR,13.853099822998047
2019-07-24,USDZAR,13.923700332641602
2019-07-25,USDZAR,13.866900444030762
2019-07-26,USDZAR,14.078499794006348
2019-07-29,USDZAR,14.242300033569336
2019-07-30,USDZAR,14.162839889526367
2019-07-31,USDZAR,14.178790092468262
2019-08-01,USDZAR,14.330599784851074
2019-08-02,USDZAR,14.6048002243042
2019-08-05,USDZAR,14.727700233459473
2019-08-06,USDZAR,14.945899963378906
2019-08-07,USDZAR,14.927200317382812
2019-08-08,USDZAR,15.048500061035156
2019-08-09,USDZAR,15.038700103759766
2019-08-12,USDZAR,15.274999618530273
2019-08-13,USDZAR,15.287199974060059
2019-08-14,USDZAR,15.132699966430664
2019-08-15,USDZAR,15.405200004577637
2019-08-16,USDZAR,15.24590015411377
2019-08-19,USDZAR,15.285300254821777
2019-08-20,USDZAR,15.447199821472168
2019-08-21,USDZAR,15.348699569702148
2019-08-22,USDZAR,15.183899879455566
2019-08-23,USDZAR,15.214300155639648
2019-08-26,USDZAR,15.34611988067627
2019-08-27,USDZAR,15.268099784851074
2019-08-28,USDZAR,15.319700241088867
2019-08-29,USDZAR,15.396599769592285
2019-08-30,USDZAR,15.311699867248535
2019-09-02,USDZAR,15.22029972076416
2019-09-03,USDZAR,15.234199523925781
2019-09-04,USDZAR,15.101499557495117
2019-09-05,USDZAR,14.794300079345703
2019-09-06,USDZAR,14.863800048828125
2019-09-09,USDZAR,14.789600372314453
2019-09-10,USDZAR,14.758000373840332
2019-09-11,USDZAR,14.655099868774414
2019-09-12,USDZAR,14.67609977722168
2019-09-13,USDZAR,14.587699890136719
2019-09-16,USDZAR,14.622099876403809
2019-09-17,USDZAR,14.654199600219727
2019-09-18,USDZAR,14.692500114440918
2019-09-19,USDZAR,14.67650032043457
2019-09-20,USDZAR,14.802399635314941
2019-09-23,USDZAR,14.906399726867676
2019-09-24,USDZAR,14.881799697875977
2019-09-25,USDZAR,14.851699829101562
2019-09-26,USDZAR,14.9822998046875
2019-09-27,USDZAR,15.018099784851074
2019-09-30,USDZAR,15.121700286865234
2019-10-01,USDZAR,15.136980056762695
2019-10-02,USDZAR,15.32229995727539
2019-10-03,USDZAR,15.266900062561035
2019-10-04,USDZAR,15.120400428771973
2019-10-07,USDZAR,15.067000389099121
2019-10-08,USDZAR,15.1673002243042
2019-10-09,USDZAR,15.273650169372559
2019-10-10,USDZAR,15.201299667358398
2019-10-11,USDZAR,15.016400337219238
2019-10-14,USDZAR,14.772899627685547
2019-10-15,USDZAR,14.804100036621094
2019-10-16,USDZAR,14.868900299072266
2019-10-17,USDZAR,14.928899765014648
2019-10-18,USDZAR,14.818900108337402
2019-10-21,USDZAR,14.752300262451172
2019-10-22,USDZAR,14.754500389099121
2019-10-23,USDZAR,14.577799797058105
2019-10-24,USDZAR,14.639189720153809
2019-10-25,USDZAR,14.67650032043457
2019-10-28,USDZAR,14.619799613952637
2019-10-29,USDZAR,14.565099716186523
2019-10-30,USDZAR,14.619999885559082
2019-10-31,USDZAR,14.970999717712402
2019-11-01,USDZAR,15.093400001525879
2019-11-04,USDZAR,14.840399742126465
2019-11-05,USDZAR,14.768799781799316
2019-11-06,USDZAR,14.746800422668457
2019-11-07,USDZAR,14.804900169372559
2019-11-08,USDZAR,14.71500015258789
2019-11-11,USDZAR,14.853460311889648
2019-11-12,USDZAR,14.882499694824219
2019-11-13,USDZAR,14.926300048828125
2019-11-14,USDZAR,14.898500442504883
2019-11-15,USDZAR,14.820050239562988
2019-11-18,USDZAR,14.707209587097168
2019-11-19,USDZAR,14.80739974975586
2019-11-20,USDZAR,14.755999565124512
2019-11-21,USDZAR,14.782999992370605
2019-11-22,USDZAR,14.673100471496582
2019-11-25,USDZAR,14.699399948120117
2019-11-26,USDZAR,14.75730037689209
2019-11-27,USDZAR,14.779199600219727
2019-11-28,USDZAR,14.759400367736816
2019-11-29,USDZAR,14.700699806213379
2019-12-02,USDZAR,14.648770332336426
2019-12-03,USDZAR,14.546090126037598
2019-12-04,USDZAR,14.632599830627441
2019-12-05,USDZAR,14.580300331115723
2019-12-06,USDZAR,14.624899864196777
2019-12-09,USDZAR,14.611289978027344
2019-12-10,USDZAR,14.66670036315918
2019-12-11,USDZAR,14.774069786071777
2019-12-12,USDZAR,14.676199913024902
2019-12-13,USDZAR,14.412699699401855
2019-12-16,USDZAR,14.523099899291992
2019-12-17,USDZAR,14.378339767456055
2019-12-18,USDZAR,14.387330055236816
2019-12-19,USDZAR,14.294989585876465
2019-12-20,USDZAR,14.213899612426758
2019-12-23,USDZAR,14.261500358581543
2019-12-24,USDZAR,14.19909954071045
2019-12-25,USDZAR,14.149510383605957
2019-12-26,USDZAR,14.150850296020508
2019-12-27,USDZAR,14.131170272827148
2019-12-30,USDZAR,14.05088996887207
2019-12-31,USDZAR,14.098589897155762
2020-01-01,USDZAR,13.99590015411377
2020-01-02,USDZAR,14.002920150756836
2020-01-03,USDZAR,14.07800006866455
2020-01-06,USDZAR,14.318249702453613
2020-01-07,USDZAR,14.202699661254883
2020-01-08,USDZAR,14.355199813842773
2020-01-09,USDZAR,14.156490325927734
2020-01-10,USDZAR,14.212900161743164
2020-01-13,USDZAR,14.33014965057373
2020-01-14,USDZAR,14.378399848937988
2020-01-15,USDZAR,14.3996000289917
2020-01-16,USDZAR,14.378700256347656
2020-01-17,USDZAR,14.401769638061523
2020-01-20,USDZAR,14.477490425109863
2020-01-21,USDZAR,14.491800308227539
2020-01-22,USDZAR,14.481900215148926
2020-01-23,USDZAR,14.329000473022461
2020-01-24,USDZAR,14.36769962310791
2020-01-27,USDZAR,14.449359893798828
2020-01-28,USDZAR,14.580300331115723
2020-01-29,USDZAR,14.542799949645996
2020-01-30,USDZAR,14.591699600219727
2020-01-31,USDZAR,14.74020004272461
2020-02-03,USDZAR,14.99740982055664
2020-02-04,USDZAR,14.866399765014648
2020-02-05,USDZAR,14.76749038696289
2020-02-06,USDZAR,14.741999626159668
2020-02-07,USDZAR,14.903329849243164
2020-02-10,USDZAR,15.071000099182129
2020-02-11,USDZAR,14.953499794006348
2020-02-12,USDZAR,14.791600227355957
2020-02-13,USDZAR,14.865500450134277
2020-02-14,USDZAR,14.904959678649902
2020-02-17,USDZAR,14.881400108337402
2020-02-18,USDZAR,14.975700378417969
2020-02-19,USDZAR,15.00160026550293
2020-02-20,USDZAR,14.9822998046875
2020-02-21,USDZAR,15.113900184631348
2020-02-24,USDZAR,15.059989929199219
2020-02-25,USDZAR,15.11340045928955
2020-02-26,USDZAR,15.214980125427246
2020-02-27,USDZAR,15.270000457763672
2020-02-28,USDZAR,15.470000267028809
2020-03-02,USDZAR,15.758399963378906
2020-03-03,USDZAR,15.39490032196045
2020-03-04,USDZAR,15.399399757385254
2020-03-05,USDZAR,15.254500389099121
2020-03-06,USDZAR,15.586000442504883
2020-03-09,USDZAR,16.064929962158203
2020-03-10,USDZAR,16.051010131835938
2020-03-11,USDZAR,15.945699691772461
2020-03-12,USDZAR,16.24839973449707
2020-03-13,USDZAR,16.561800003051758
2020-03-16,USDZAR,16.247159957885742
2020-03-17,USDZAR,16.598499298095703
2020-03-18,USDZAR,16.52429962158203
2020-03-19,USDZAR,17.092529296875
2020-03-20,USDZAR,17.341989517211914
2020-03-23,USDZAR,17.672449111938477
2020-03-24,USDZAR,17.755199432373047
2020-03-25,USDZAR,17.495100021362305
2020-03-26,USDZAR,17.276399612426758
2020-03-27,USDZAR,17.299400329589844
2020-03-30,USDZAR,17.901840209960938
2020-03-31,USDZAR,17.920900344848633
2020-04-01,USDZAR,17.742300033569336
2020-04-02,USDZAR,18.1294002532959
2020-04-03,USDZAR,18.471900939941406
2020-04-06,USDZAR,19.248600006103516
2020-04-07,USDZAR,18.58686065673828
2020-04-08,USDZAR,18.23189926147461
2020-04-09,USDZAR,18.20050048828125
2020-04-10,USDZAR,18.031099319458008
2020-04-13,USDZAR,18.027040481567383
2020-04-14,USDZAR,18.096799850463867
2020-04-15,USDZAR,18.290300369262695
2020-04-16,USDZAR,18.656200408935547
2020-04-17,USDZAR,18.662059783935547
2020-04-20,USDZAR,18.798799514770508
2020-04-21,USDZAR,18.77429962158203
2020-04-22,USDZAR,18.956199645996094
2020-04-23,USDZAR,18.984609603881836
2020-04-24,USDZAR,19.1018009185791
2020-04-27,USDZAR,19.020299911499023
2020-04-28,USDZAR,18.801469802856445
2020-04-29,USDZAR,18.58839988708496
2020-04-30,USDZAR,18.144899368286133
2020-05-01,USDZAR,18.534469604492188
2020-05-04,USDZAR,18.914209365844727
2020-05-05,USDZAR,18.454500198364258
2020-05-06,USDZAR,18.472200393676758
2020-05-07,USDZAR,18.811880111694336
2020-05-08,USDZAR,18.521900177001953
2020-05-11,USDZAR,18.320199966430664
2020-05-12,USDZAR,18.40180015563965
2020-05-13,USDZAR,18.406700134277344
2020-05-14,USDZAR,18.467500686645508
2020-05-15,USDZAR,18.42300033569336
2020-05-18,USDZAR,18.567100524902344
2020-05-19,USDZAR,18.336000442504883
2020-05-20,USDZAR,18.32270050048828
2020-05-21,USDZAR,17.917390823364258
2020-05-22,USDZAR,17.571300506591797
2020-05-25,USDZAR,17.557899475097656
2020-05-26,USDZAR,17.63520050048828
2020-05-27,USDZAR,17.380800247192383
2020-05-28,USDZAR,17.34111976623535
2020-05-29,USDZAR,17.4773006439209
2020-06-01,USDZAR,17.563499450683594
2020-06-02,USDZAR,17.38256072998047
2020-06-03,USDZAR,17.1514892578125
2020-06-04,USDZAR,16.89539909362793
2020-06-05,USDZAR,16.875200271606445
2020-06-08,USDZAR,16.750999450683594
2020-06-09,USDZAR,16.65060043334961
2020-06-10,USDZAR,16.583599090576172
2020-06-11,USDZAR,16.491500854492188
2020-06-12,USDZAR,17.1998291015625
2020-06-15,USDZAR,17.173349380493164
2020-06-16,USDZAR,17.089750289916992
2020-06-17,USDZAR,17.166000366210938
2020-06-18,USDZAR,17.181020736694336
2020-06-19,USDZAR,17.370399475097656
2020-06-22,USDZAR,17.38610076904297
2020-06-23,USDZAR,17.255800247192383
2020-06-24,USDZAR,17.18670082092285
2020-06-25,USDZAR,17.392499923706055
2020-06-26,USDZAR,17.127300262451172
2020-06-29,USDZAR,17.298900604248047
2020-06-30,USDZAR,17.219200134277344
2020-07-01,USDZAR,17.341920852661133
2020-07-02,USDZAR,17.0393009185791
2020-07-03,USDZAR,16.955299377441406
2020-07-06,USDZAR,17.041669845581055
2020-07-07,USDZAR,16.979650497436523
2020-07-08,USDZAR,17.16214942932129
2020-07-09,USDZAR,16.90169906616211
2020-07-10,USDZAR,16.824970245361328
2020-07-13,USDZAR,16.807449340820312
2020-07-14,USDZAR,16.78580093383789
2020-07-15,USDZAR,16.683500289916992
2020-07-16,USDZAR,16.572799682617188
2020-07-17,USDZAR,16.72599983215332
2020-07-20,USDZAR,16.66029930114746
2020-07-21,USDZAR,16.61693000793457
2020-07-22,USDZAR,16.383899688720703
2020-07-23,USDZAR,16.47974967956543
2020-07-24,USDZAR,16.634199142456055
2020-07-27,USDZAR,16.66230010986328
2020-07-28,USDZAR,16.388399124145508
2020-07-29,USDZAR,16.47089958190918
2020-07-30,USDZAR,16.548179626464844
2020-07-31,USDZAR,16.725099563598633
2020-08-03,USDZAR,17.022380828857422
2020-08-04,USDZAR,17.18600082397461
2020-08-05,USDZAR,17.35236930847168
2020-08-06,USDZAR,17.324199676513672
2020-08-07,USDZAR,17.417200088500977
2020-08-10,USDZAR,17.668550491333008
2020-08-11,USDZAR,17.65690040588379
2020-08-12,USDZAR,17.491300582885742
2020-08-13,USDZAR,17.451099395751953
2020-08-14,USDZAR,17.408199310302734
2020-08-17,USDZAR,17.362699508666992
2020-08-18,USDZAR,17.499500274658203
2020-08-19,USDZAR,17.307470321655273
2020-08-20,USDZAR,17.250099182128906
2020-08-21,USDZAR,17.243749618530273
2020-08-24,USDZAR,17.140199661254883
2020-08-25,USDZAR,16.9593505859375
2020-08-26,USDZAR,16.81631088256836
2020-08-27,USDZAR,16.853300094604492
2020-08-28,USDZAR,17.033599853515625
2020-08-31,USDZAR,16.570859909057617
2020-09-01,USDZAR,16.947219848632812
2020-09-02,USDZAR,16.628170013427734
2020-09-03,USDZAR,16.805200576782227
2020-09-04,USDZAR,16.75079917907715
2020-09-07,USDZAR,16.620929718017578
2020-09-08,USDZAR,16.70159912109375
2020-09-09,USDZAR,16.95669937133789
2020-09-10,USDZAR,16.58370018005371
2020-09-11,USDZAR,16.838300704956055
2020-09-14,USDZAR,16.702550888061523
2020-09-15,USDZAR,16.64699935913086
2020-09-16,USDZAR,16.411699295043945
2020-09-17,USDZAR,16.264699935913086
2020-09-18,USDZAR,16.13010025024414
2020-09-21,USDZAR,16.285490036010742
2020-09-22,USDZAR,16.759899139404297
2020-09-23,USDZAR,16.765430450439453
2020-09-24,USDZAR,17.064699172973633
2020-09-25,USDZAR,16.900299072265625
2020-09-28,USDZAR,17.11050033569336
2020-09-29,USDZAR,16.996700286865234
2020-09-30,USDZAR,16.926979064941406
2020-10-01,USDZAR,16.73080062866211
2020-10-02,USDZAR,16.448999404907227
2020-10-05,USDZAR,16.458999633789062
2020-10-06,USDZAR,16.54829978942871
2020-10-07,USDZAR,16.68829917907715
2020-10-08,USDZAR,16.614810943603516
2020-10-09,USDZAR,16.575590133666992
2020-10-12,USDZAR,16.49049949645996
2020-10-13,USDZAR,16.49250030517578
2020-10-14,USDZAR,16.462200164794922
2020-10-15,USDZAR,16.529090881347656
2020-10-16,USDZAR,16.5625
2020-10-19,USDZAR,16.50659942626953
2020-10-20,USDZAR,16.51219940185547
2020-10-21,USDZAR,16.448610305786133
2020-10-22,USDZAR,16.33757972717285
2020-10-23,USDZAR,16.178499221801758
2020-10-26,USDZAR,16.218610763549805
2020-10-27,USDZAR,16.17959976196289
2020-10-28,USDZAR,16.18600082397461
2020-10-29,USDZAR,16.349199295043945
2020-10-30,USDZAR,16.358600616455078
2020-11-02,USDZAR,16.272850036621094
2020-11-03,USDZAR,16.175600051879883
2020-11-04,USDZAR,16.009199142456055
2020-11-05,USDZAR,15.864049911499023
2020-11-06,USDZAR,15.67389965057373
2020-11-09,USDZAR,15.592000007629395
2020-11-10,USDZAR,15.367199897766113
2020-11-11,USDZAR,15.589329719543457
2020-11-12,USDZAR,15.625650405883789
2020-11-13,USDZAR,15.640299797058105
2020-11-16,USDZAR,15.501449584960938
2020-11-17,USDZAR,15.287090301513672
2020-11-18,USDZAR,15.33180046081543
2020-11-19,USDZAR,15.451740264892578
2020-11-20,USDZAR,15.429499626159668
2020-11-23,USDZAR,15.425979614257812
2020-11-24,USDZAR,15.357999801635742
2020-11-25,USDZAR,15.177399635314941
2020-11-26,USDZAR,15.118579864501953
2020-11-27,USDZAR,15.208999633789062
2020-11-30,USDZAR,15.235549926757812
2020-12-01,USDZAR,15.436300277709961
2020-12-02,USDZAR,15.243249893188477
2020-12-03,USDZAR,15.276000022888184
2020-12-04,USDZAR,15.167440414428711
2020-12-07,USDZAR,15.206649780273438
2020-12-08,USDZAR,15.144920349121094
2020-12-09,USDZAR,14.970199584960938
2020-12-10,USDZAR,14.962340354919434
2020-12-11,USDZAR,14.956999778747559
2020-12-14,USDZAR,15.042400360107422
2020-12-15,USDZAR,15.001999855041504
2020-12-16,USDZAR,14.882499694824219
2020-12-17,USDZAR,14.816900253295898
2020-12-18,USDZAR,14.629599571228027
2020-12-21,USDZAR,14.716429710388184
2020-12-22,USDZAR,14.600000381469727
2020-12-23,USDZAR,14.678070068359375
2020-12-24,USDZAR,14.592720031738281
2020-12-25,USDZAR,14.535200119018555
2020-12-28,USDZAR,14.60990047454834
2020-12-29,USDZAR,14.622909545898438
2020-12-30,USDZAR,14.715900421142578
2020-12-31,USDZAR,14.641300201416016
2021-01-01,USDZAR,14.481200218200684
2021-01-04,USDZAR,14.649849891662598
2021-01-05,USDZAR,14.675399780273438
2021-01-06,USDZAR,14.950300216674805
2021-01-07,USDZAR,15.030790328979492
2021-01-08,USDZAR,15.418999671936035
2021-01-11,USDZAR,15.304450035095215
2021-01-12,USDZAR,15.509220123291016
2021-01-13,USDZAR,15.192299842834473
2021-01-14,USDZAR,15.245220184326172
2021-01-15,USDZAR,15.082900047302246
2021-01-18,USDZAR,15.22504997253418
2021-01-19,USDZAR,15.13640022277832
2021-01-20,USDZAR,14.988349914550781
2021-01-21,USDZAR,14.882539749145508
2021-01-22,USDZAR,14.945269584655762
2021-01-25,USDZAR,15.13325023651123
2021-01-26,USDZAR,15.214400291442871
2021-01-27,USDZAR,15.042360305786133
2021-01-28,USDZAR,15.262200355529785
2021-01-29,USDZAR,15.18850040435791
2021-02-01,USDZAR,15.17300033569336
2021-02-02,USDZAR,15.05739974975586
2021-02-03,USDZAR,14.910400390625
2021-02-04,USDZAR,14.89109992980957
2021-02-05,USDZAR,14.99413013458252
2021-02-08,USDZAR,14.91765022277832
2021-02-09,USDZAR,14.863960266113281
2021-02-10,USDZAR,14.69849967956543
2021-02-11,USDZAR,14.750900268554688
2021-02-12,USDZAR,14.611100196838379
2021-02-15,USDZAR,14.543450355529785
2021-02-16,USDZAR,14.434599876403809
2021-02-17,USDZAR,14.66759967803955
2021-02-18,USDZAR,14.560600280761719
2021-02-19,USDZAR,14.586999893188477
2021-02-22,USDZAR,14.657050132751465
2021-02-23,USDZAR,14.662199974060059
2021-02-24,USDZAR,14.552740097045898
2021-02-25,USDZAR,14.481599807739258
2021-02-26,USDZAR,14.998100280761719
2021-03-01,USDZAR,15.039480209350586
2021-03-02,USDZAR,14.961700439453125
2021-03-03,USDZAR,14.922800064086914
2021-03-04,USDZAR,15.06190013885498
2021-03-05,USDZAR,15.279399871826172
2021-03-08,USDZAR,15.311450004577637
2021-03-09,USDZAR,15.5246000289917
2021-03-10,USDZAR,15.281990051269531
2021-03-11,USDZAR,15.065899848937988
2021-03-12,USDZAR,14.803099632263184
2021-03-15,USDZAR,14.93529987335205
2021-03-16,USDZAR,14.8548002243042
2021-03-17,USDZAR,14.860300064086914
2021-03-18,USDZAR,14.605600357055664
2021-03-19,USDZAR,14.728309631347656
2021-03-22,USDZAR,14.811630249023438
2021-03-23,USDZAR,14.702500343322754
2021-03-24,USDZAR,14.881199836730957
2021-03-25,USDZAR,14.950360298156738
2021-03-26,USDZAR,14.995719909667969
2021-03-29,USDZAR,14.971949577331543
2021-03-30,USDZAR,14.910730361938477
2021-03-31,USDZAR,14.901180267333984
2021-04-01,USDZAR,14.779199600219727
2021-04-02,USDZAR,14.613900184631348
2021-04-05,USDZAR,14.617690086364746
2021-04-06,USDZAR,14.546079635620117
2021-04-07,USDZAR,14.512399673461914
2021-04-08,USDZAR,14.53909969329834
2021-04-09,USDZAR,14.516819953918457
2021-04-12,USDZAR,14.576310157775879
2021-04-13,USDZAR,14.559100151062012
2021-04-14,USDZAR,14.493000030517578
2021-04-15,USDZAR,14.386899948120117
2021-04-16,USDZAR,14.143400192260742
2021-04-19,USDZAR,14.302220344543457
2021-04-20,USDZAR,14.208200454711914
2021-04-21,USDZAR,14.285499572753906
2021-04-22,USDZAR,14.217499732971191
2021-04-23,USDZAR,14.309280395507812
2021-04-26,USDZAR,14.272890090942383
2021-04-27,USDZAR,14.271679878234863
2021-04-28,USDZAR,14.36868953704834
2021-04-29,USDZAR,14.204099655151367
2021-04-30,USDZAR,14.281800270080566
2021-05-03,USDZAR,14.458600044250488
2021-05-04,USDZAR,14.397700309753418
2021-05-05,USDZAR,14.462200164794922
2021-05-06,USDZAR,14.344590187072754
2021-05-07,USDZAR,14.186490058898926
2021-05-10,USDZAR,14.055299758911133
2021-05-11,USDZAR,14.038029670715332
2021-05-12,USDZAR,13.973600387573242
2021-05-13,USDZAR,14.115599632263184
2021-05-14,USDZAR,14.12930965423584
2021-05-17,USDZAR,14.125439643859863
2021-05-18,USDZAR,14.092610359191895
2021-05-19,USDZAR,14.007519721984863
2021-05-20,USDZAR,14.101300239562988
2021-05-21,USDZAR,13.977970123291016
2021-05-24,USDZAR,13.956450462341309
2021-05-25,USDZAR,13.914199829101562
2021-05-26,USDZAR,13.839099884033203
2021-05-27,USDZAR,13.76078987121582
2021-05-28,USDZAR,13.756460189819336
2021-05-31,USDZAR,13.768500328063965
2021-06-01,USDZAR,13.707300186157227
2021-06-02,USDZAR,13.757229804992676
2021-06-03,USDZAR,13.514869689941406
2021-06-04,USDZAR,13.62108039855957
2021-06-07,USDZAR,13.417940139770508
2021-06-08,USDZAR,13.52865982055664
2021-06-09,USDZAR,13.569510459899902
2021-06-10,USDZAR,13.732290267944336
2021-06-11,USDZAR,13.593299865722656
2021-06-14,USDZAR,13.706999778747559
2021-06-15,USDZAR,13.765080451965332
2021-06-16,USDZAR,13.760100364685059
2021-06-17,USDZAR,13.98270034790039
2021-06-18,USDZAR,14.097999572753906
2021-06-21,USDZAR,14.335399627685547
2021-06-22,USDZAR,14.214500427246094
2021-06-23,USDZAR,14.25802993774414
2021-06-24,USDZAR,14.209600448608398
2021-06-25,USDZAR,14.189339637756348
2021-06-28,USDZAR,14.152139663696289
2021-06-29,USDZAR,14.247400283813477
2021-06-30,USDZAR,14.342399597167969
2021-07-01,USDZAR,14.231499671936035
2021-07-02,USDZAR,14.4241304397583
2021-07-05,USDZAR,14.200530052185059
2021-07-06,USDZAR,14.240699768066406
2021-07-07,USDZAR,14.337030410766602
2021-07-08,USDZAR,14.280179977416992
2021-07-09,USDZAR,14.262539863586426
2021-07-12,USDZAR,14.22677993774414
2021-07-13,USDZAR,14.365519523620605
2021-07-14,USDZAR,14.705220222473145
2021-07-15,USDZAR,14.441499710083008
2021-07-16,USDZAR,14.535639762878418
2021-07-19,USDZAR,14.38949966430664
2021-07-20,USDZAR,14.530679702758789
2021-07-21,USDZAR,14.591569900512695
2021-07-22,USDZAR,14.57448959350586
2021-07-23,USDZAR,14.697600364685059
2021-07-26,USDZAR,14.79343032836914
2021-07-27,USDZAR,14.746520042419434
2021-07-28,USDZAR,14.758099555969238
2021-07-29,USDZAR,14.719400405883789
2021-07-30,USDZAR,14.516799926757812
2021-08-02,USDZAR,14.598600387573242
2021-08-03,USDZAR,14.455599784851074
2021-08-04,USDZAR,14.303600311279297
2021-08-05,USDZAR,14.327730178833008
2021-08-06,USDZAR,14.476420402526855
2021-08-09,USDZAR,14.640910148620605
2021-08-10,USDZAR,14.769000053405762
2021-08-11,USDZAR,14.767849922180176
2021-08-12,USDZAR,14.609199523925781
2021-08-13,USDZAR,14.75979995727539
2021-08-16,USDZAR,14.67140007019043
2021-08-17,USDZAR,14.808600425720215
2021-08-18,USDZAR,14.87304973602295
2021-08-19,USDZAR,14.933850288391113
2021-08-20,USDZAR,15.195699691772461
2021-08-23,USDZAR,15.288350105285645
2021-08-24,USDZAR,15.117899894714355
2021-08-25,USDZAR,14.979399681091309
2021-08-26,USDZAR,14.921250343322754
2021-08-27,USDZAR,14.892900466918945
2021-08-30,USDZAR,14.705699920654297
2021-08-31,USDZAR,14.623749732971191
2021-09-01,USDZAR,14.48843002319336
2021-09-02,USDZAR,14.367349624633789
2021-09-03,USDZAR,14.430800437927246
2021-09-06,USDZAR,14.296299934387207
2021-09-07,USDZAR,14.219400405883789
2021-09-08,USDZAR,14.265399932861328
2021-09-09,USDZAR,14.155850410461426
2021-09-10,USDZAR,14.189900398254395
2021-09-13,USDZAR,14.164999961853027
2021-09-14,USDZAR,14.10949993133545
2021-09-15,USDZAR,14.323399543762207
2021-09-16,USDZAR,14.363300323486328
2021-09-17,USDZAR,14.574549674987793
2021-09-20,USDZAR,14.740050315856934
2021-09-21,USDZAR,14.755200386047363
2021-09-22,USDZAR,14.845499992370605
2021-09-23,USDZAR,14.771499633789062
2021-09-24,USDZAR,14.73390007019043
2021-09-27,USDZAR,14.917810440063477
2021-09-28,USDZAR,14.92158031463623
2021-09-29,USDZAR,15.090800285339355
2021-09-30,USDZAR,15.14330005645752
2021-10-01,USDZAR,15.071700096130371
2021-10-04,USDZAR,14.844799995422363
2021-10-05,USDZAR,15.028200149536133
2021-10-06,USDZAR,14.985819816589355
2021-10-07,USDZAR,14.945099830627441
2021-10-08,USDZAR,14.937399864196777
2021-10-11,USDZAR,14.902600288391113
2021-10-12,USDZAR,15.052399635314941
2021-10-13,USDZAR,14.956100463867188
2021-10-14,USDZAR,14.768899917602539
2021-10-15,USDZAR,14.760299682617188
2021-10-18,USDZAR,14.57919979095459
2021-10-19,USDZAR,14.66450023651123
2021-10-20,USDZAR,14.485210418701172
2021-10-21,USDZAR,14.377120018005371
2021-10-22,USDZAR,14.647299766540527
2021-10-25,USDZAR,14.8125
2021-10-26,USDZAR,14.695099830627441
2021-10-27,USDZAR,14.810680389404297
2021-10-28,USDZAR,15.05620002746582
2021-10-29,USDZAR,15.108960151672363
2021-11-01,USDZAR,15.19124984741211
2021-11-02,USDZAR,15.396109580993652
2021-11-03,USDZAR,15.413200378417969
2021-11-04,USDZAR,15.21310043334961
2021-11-05,USDZAR,15.199600219726562
2021-11-08,USDZAR,15.022760391235352
2021-11-09,USDZAR,14.906499862670898
2021-11-10,USDZAR,15.00529956817627
2021-11-11,USDZAR,15.417699813842773
2021-11-12,USDZAR,15.294300079345703
2021-11-15,USDZAR,15.299099922180176
2021-11-16,USDZAR,15.20259952545166
2021-11-17,USDZAR,15.477499961853027
2021-11-18,USDZAR,15.475700378417969
2021-11-19,USDZAR,15.630800247192383
2021-11-22,USDZAR,15.694600105285645
2021-11-23,USDZAR,15.842900276184082
2021-11-24,USDZAR,15.821040153503418
2021-11-25,USDZAR,15.847800254821777
2021-11-26,USDZAR,16.118999481201172
2021-11-29,USDZAR,16.09939956665039
2021-11-30,USDZAR,16.103120803833008
2021-12-01,USDZAR,15.860010147094727
2021-12-02,USDZAR,16.0137996673584
2021-12-03,USDZAR,15.914899826049805
2021-12-06,USDZAR,16.024999618530273
2021-12-07,USDZAR,15.897100448608398
2021-12-08,USDZAR,15.836299896240234
2021-12-09,USDZAR,15.665749549865723
2021-12-10,USDZAR,15.936300277709961
2021-12-13,USDZAR,15.949959754943848
2021-12-14,USDZAR,15.997099876403809
2021-12-15,USDZAR,16.076499938964844
2021-12-16,USDZAR,15.962499618530273
2021-12-17,USDZAR,15.924500465393066
2021-12-20,USDZAR,15.904500007629395
2021-12-21,USDZAR,15.74370002746582
2021-12-22,USDZAR,15.828700065612793
2021-12-23,USDZAR,15.704700469970703
2021-12-24,USDZAR,15.621870040893555
2021-12-27,USDZAR,15.519700050354004
2021-12-28,USDZAR,15.525400161743164
2021-12-29,USDZAR,15.731579780578613
2021-12-30,USDZAR,15.909749984741211
2021-12-31,USDZAR,15.889100074768066
2022-01-03,USDZAR,15.929900169372559
2022-01-04,USDZAR,15.861499786376953
2022-01-05,USDZAR,15.999119758605957
2022-01-06,USDZAR,15.850629806518555
2022-01-07,USDZAR,15.69729995727539
2022-01-10,USDZAR,15.547329902648926
2022-01-11,USDZAR,15.659299850463867
2022-01-12,USDZAR,15.488479614257812
2022-01-13,USDZAR,15.279669761657715
2022-01-14,USDZAR,15.394599914550781
2022-01-17,USDZAR,15.318750381469727
2022-01-18,USDZAR,15.32960033416748
2022-01-19,USDZAR,15.487099647521973
2022-01-20,USDZAR,15.29738998413086
2022-01-21,USDZAR,15.215700149536133
2022-01-24,USDZAR,15.062060356140137
2022-01-25,USDZAR,15.229999542236328
2022-01-26,USDZAR,15.237500190734863
2022-01-27,USDZAR,15.292719841003418
2022-01-28,USDZAR,15.430660247802734
2022-01-31,USDZAR,15.582269668579102
2022-02-01,USDZAR,15.342020034790039
2022-02-02,USDZAR,15.234999656677246
2022-02-03,USDZAR,15.306610107421875
2022-02-04,USDZAR,15.231550216674805
2022-02-07,USDZAR,15.415300369262695
2022-02-08,USDZAR,15.485899925231934
2022-02-09,USDZAR,15.321149826049805
2022-02-10,USDZAR,15.205599784851074
2022-02-11,USDZAR,15.154999732971191
2022-02-14,USDZAR,15.202779769897461
2022-02-15,USDZAR,15.077569961547852
2022-02-16,USDZAR,15.092399597167969
2022-02-17,USDZAR,15.001199722290039
2022-02-18,USDZAR,14.996399879455566
2022-02-21,USDZAR,15.110179901123047
2022-02-22,USDZAR,15.137499809265137
2022-02-23,USDZAR,15.05780029296875
2022-02-24,USDZAR,15.093500137329102
2022-02-25,USDZAR,15.334150314331055
2022-02-28,USDZAR,15.35280990600586
2022-03-01,USDZAR,15.326199531555176
2022-03-02,USDZAR,15.395999908447266
2022-03-03,USDZAR,15.290200233459473
2022-03-04,USDZAR,15.168230056762695
2022-03-07,USDZAR,15.297900199890137
2022-03-08,USDZAR,15.336600303649902
2022-03-09,USDZAR,15.272100448608398
2022-03-10,USDZAR,15.009699821472168
2022-03-11,USDZAR,15.02258014678955
2022-03-14,USDZAR,15.0
2022-03-15,USDZAR,15.092949867248535
2022-03-16,USDZAR,15.087400436401367
2022-03-17,USDZAR,14.906200408935547
2022-03-18,USDZAR,14.904399871826172
2022-03-21,USDZAR,14.922430038452148
2022-03-22,USDZAR,14.898750305175781
2022-03-23,USDZAR,14.803999900817871
2022-03-24,USDZAR,14.730600357055664
2022-03-25,USDZAR,14.485679626464844
2022-03-28,USDZAR,14.553589820861816
2022-03-29,USDZAR,14.650400161743164
2022-03-30,USDZAR,14.502900123596191
2022-03-31,USDZAR,14.482199668884277
2022-04-01,USDZAR,14.595399856567383
2022-04-04,USDZAR,14.650199890136719
2022-04-05,USDZAR,14.574199676513672
2022-04-06,USDZAR,14.671600341796875
2022-04-07,USDZAR,14.677200317382812
2022-04-08,USDZAR,14.722200393676758
2022-04-11,USDZAR,14.63539981842041
2022-04-12,USDZAR,14.551859855651855
2022-04-13,USDZAR,14.514389991760254
2022-04-14,USDZAR,14.531299591064453
2022-04-15,USDZAR,14.638699531555176
2022-04-18,USDZAR,14.622200012207031
2022-04-19,USDZAR,14.654000282287598
2022-04-20,USDZAR,14.960200309753418
2022-04-21,USDZAR,15.0246000289917
2022-04-22,USDZAR,15.35912036895752
2022-04-25,USDZAR,15.569540023803711
2022-04-26,USDZAR,15.673100471496582
2022-04-27,USDZAR,15.824649810791016
2022-04-28,USDZAR,15.863659858703613
2022-04-29,USDZAR,15.982500076293945
2022-05-02,USDZAR,15.794099807739258
2022-05-03,USDZAR,16.10759925842285
2022-05-04,USDZAR,15.733240127563477
2022-05-05,USDZAR,15.468799591064453
2022-05-06,USDZAR,15.979599952697754
2022-05-09,USDZAR,16.061500549316406
2022-05-10,USDZAR,16.222200393676758
2022-05-11,USDZAR,16.11886978149414
2022-05-12,USDZAR,16.078399658203125
2022-05-13,USDZAR,16.05620002746582
2022-05-16,USDZAR,16.149919509887695
2022-05-17,USDZAR,16.12211036682129
2022-05-18,USDZAR,15.90233039855957
2022-05-19,USDZAR,16.0674991607666
2022-05-20,USDZAR,15.832099914550781
2022-05-23,USDZAR,15.834059715270996
2022-05-24,USDZAR,15.776300430297852
2022-05-25,USDZAR,15.622050285339355
2022-05-26,USDZAR,15.71660041809082
2022-05-27,USDZAR,15.674969673156738
2022-05-30,USDZAR,15.5649995803833
2022-05-31,USDZAR,15.476799964904785
2022-06-01,USDZAR,15.59550952911377
2022-06-02,USDZAR,15.593299865722656
2022-06-03,USDZAR,15.448399543762207
2022-06-06,USDZAR,15.536100387573242
2022-06-07,USDZAR,15.421699523925781
2022-06-08,USDZAR,15.364279747009277
2022-06-09,USDZAR,15.277600288391113
2022-06-10,USDZAR,15.474499702453613
2022-06-13,USDZAR,15.858280181884766
2022-06-14,USDZAR,16.112899780273438
2022-06-15,USDZAR,16.014999389648438
2022-06-16,USDZAR,15.739299774169922
2022-06-17,USDZAR,15.996199607849121
2022-06-20,USDZAR,15.97665023803711
2022-06-21,USDZAR,16.02359962463379
2022-06-22,USDZAR,15.914560317993164
2022-06-23,USDZAR,15.899609565734863
2022-06-24,USDZAR,15.935409545898438
2022-06-27,USDZAR,15.764900207519531
2022-06-28,USDZAR,15.827300071716309
2022-06-29,USDZAR,16.063400268554688
2022-06-30,USDZAR,16.20870018005371
2022-07-01,USDZAR,16.255739212036133
2022-07-04,USDZAR,16.39579963684082
2022-07-05,USDZAR,16.331499099731445
2022-07-06,USDZAR,16.533349990844727
2022-07-07,USDZAR,16.764299392700195
2022-07-08,USDZAR,16.68610954284668
2022-07-11,USDZAR,16.812829971313477
2022-07-12,USDZAR,17.07349967956543
2022-07-13,USDZAR,17.017240524291992
2022-07-14,USDZAR,16.94529914855957
2022-07-15,USDZAR,17.12179946899414
2022-07-18,USDZAR,17.045000076293945
2022-07-19,USDZAR,17.090749740600586
2022-07-20,USDZAR,17.072500228881836
2022-07-21,USDZAR,17.123300552368164
2022-07-22,USDZAR,17.035400390625
2022-07-25,USDZAR,16.78809928894043
2022-07-26,USDZAR,16.779300689697266
2022-07-27,USDZAR,16.858400344848633
2022-07-28,USDZAR,16.66699981689453
2022-07-29,USDZAR,16.526199340820312
2022-08-01,USDZAR,16.605039596557617
2022-08-02,USDZAR,16.476150512695312
2022-08-03,USDZAR,16.806049346923828
2022-08-04,USDZAR,16.739700317382812
2022-08-05,USDZAR,16.575550079345703
2022-08-08,USDZAR,16.772600173950195
2022-08-09,USDZAR,16.62540054321289
2022-08-10,USDZAR,16.566499710083008
2022-08-11,USDZAR,16.17176055908203
2022-08-12,USDZAR,16.236799240112305
2022-08-15,USDZAR,16.235200881958008
2022-08-16,USDZAR,16.421110153198242
2022-08-17,USDZAR,16.36520004272461
2022-08-18,USDZAR,16.645000457763672
2022-08-19,USDZAR,16.8528995513916
2022-08-22,USDZAR,17.007410049438477
2022-08-23,USDZAR,16.989110946655273
2022-08-24,USDZAR,16.959840774536133
2022-08-25,USDZAR,16.910200119018555
2022-08-26,USDZAR,16.70857048034668
2022-08-29,USDZAR,16.9112491607666
2022-08-30,USDZAR,16.809640884399414
2022-08-31,USDZAR,16.957799911499023
2022-09-01,USDZAR,17.105209350585938
2022-09-02,USDZAR,17.25189971923828
2022-09-05,USDZAR,17.300899505615234
2022-09-06,USDZAR,17.162200927734375
2022-09-07,USDZAR,17.276620864868164
2022-09-08,USDZAR,17.238019943237305
2022-09-09,USDZAR,17.49169921875
2022-09-12,USDZAR,17.243000030517578
2022-09-13,USDZAR,17.079580307006836
2022-09-14,USDZAR,17.39189910888672
2022-09-15,USDZAR,17.47330093383789
2022-09-16,USDZAR,17.56399917602539
2022-09-19,USDZAR,17.609529495239258
2022-09-20,USDZAR,17.625999450683594
2022-09-21,USDZAR,17.688100814819336
2022-09-22,USDZAR,17.714799880981445
2022-09-23,USDZAR,17.559490203857422
2022-09-26,USDZAR,17.937000274658203
2022-09-27,USDZAR,18.06209945678711
2022-09-28,USDZAR,17.98270034790039
2022-09-29,USDZAR,17.85460090637207
2022-09-30,USDZAR,17.96558952331543
2022-10-03,USDZAR,18.052499771118164
2022-10-04,USDZAR,17.63129997253418
2022-10-05,USDZAR,17.627899169921875
2022-10-06,USDZAR,17.789569854736328
2022-10-07,USDZAR,17.961200714111328
2022-10-10,USDZAR,18.094999313354492
2022-10-11,USDZAR,18.081899642944336
2022-10-12,USDZAR,18.139999389648438
2022-10-13,USDZAR,18.275400161743164
2022-10-14,USDZAR,18.226499557495117
2022-10-17,USDZAR,18.234600067138672
2022-10-18,USDZAR,18.056100845336914
2022-10-19,USDZAR,18.06209945678711
2022-10-20,USDZAR,18.1968994140625
2022-10-21,USDZAR,18.297100067138672
2022-10-24,USDZAR,18.034700393676758
2022-10-25,USDZAR,18.395299911499023
2022-10-26,USDZAR,18.184600830078125
2022-10-27,USDZAR,17.909299850463867
2022-10-28,USDZAR,17.935699462890625
2022-10-31,USDZAR,18.114999771118164
2022-11-01,USDZAR,18.30270004272461
2022-11-02,USDZAR,18.208799362182617
2022-11-03,USDZAR,18.230899810791016
2022-11-04,USDZAR,18.374849319458008
2022-11-07,USDZAR,17.97035026550293
2022-11-08,USDZAR,17.710500717163086
2022-11-09,USDZAR,17.700700759887695
2022-11-10,USDZAR,17.75029945373535
2022-11-11,USDZAR,17.340900421142578
2022-11-14,USDZAR,17.24489974975586
2022-11-15,USDZAR,17.287099838256836
2022-11-16,USDZAR,17.29050064086914
2022-11-17,USDZAR,17.234699249267578
2022-11-18,USDZAR,17.311899185180664
2022-11-21,USDZAR,17.19515037536621
2022-11-22,USDZAR,17.324100494384766
2022-11-23,USDZAR,17.24650001525879
2022-11-24,USDZAR,16.968799591064453
2022-11-25,USDZAR,17.00058937072754
2022-11-28,USDZAR,17.0762996673584
2022-11-29,USDZAR,17.12700080871582
2022-11-30,USDZAR,16.968050003051758
2022-12-01,USDZAR,17.109699249267578
2022-12-02,USDZAR,17.524829864501953
2022-12-05,USDZAR,17.2898006439209
2022-12-06,USDZAR,17.44329071044922
2022-12-07,USDZAR,17.31529998779297
2022-12-08,USDZAR,17.152589797973633
2022-12-09,USDZAR,17.157100677490234
2022-12-12,USDZAR,17.320899963378906
2022-12-13,USDZAR,17.565500259399414
2022-12-14,USDZAR,17.233699798583984
2022-12-15,USDZAR,17.159090042114258
2022-12-16,USDZAR,17.499000549316406
2022-12-19,USDZAR,17.572200775146484
2022-12-20,USDZAR,17.332700729370117
2022-12-21,USDZAR,17.30780029296875
2022-12-22,USDZAR,17.17970085144043
2022-12-23,USDZAR,17.1200008392334
2022-12-26,USDZAR,16.95949935913086
2022-12-27,USDZAR,17.020490646362305
2022-12-28,USDZAR,17.193500518798828
2022-12-29,USDZAR,17.04509925842285
2022-12-30,USDZAR,16.92060089111328
2023-01-02,USDZAR,16.899999618530273
2023-01-03,USDZAR,16.885189056396484
2023-01-04,USDZAR,17.011999130249023
2023-01-05,USDZAR,16.8704891204834
2023-01-06,USDZAR,17.15089988708496
2023-01-09,USDZAR,17.09000015258789
2023-01-10,USDZAR,16.91699981689453
2023-01-11,USDZAR,16.792299270629883
2023-01-12,USDZAR,16.897279739379883
2023-01-13,USDZAR,16.70977020263672
2023-01-16,USDZAR,16.780000686645508
2023-01-17,USDZAR,17.043270111083984
2023-01-18,USDZAR,17.052200317382812
2023-01-19,USDZAR,17.1112003326416
2023-01-20,USDZAR,17.28219985961914
2023-01-23,USDZAR,17.087499618530273
2023-01-24,USDZAR,17.148189544677734
2023-01-25,USDZAR,17.005489349365234
2023-01-26,USDZAR,17.110790252685547
2023-01-27,USDZAR,17.15850067138672
2023-01-30,USDZAR,17.189599990844727
2023-01-31,USDZAR,17.378700256347656
2023-02-01,USDZAR,17.411399841308594
2023-02-02,USDZAR,16.997499465942383
2023-02-03,USDZAR,17.069000244140625
2023-02-06,USDZAR,17.432100296020508
2023-02-07,USDZAR,17.654499053955078
2023-02-08,USDZAR,17.513700485229492
2023-02-09,USDZAR,17.71954917907715
2023-02-10,USDZAR,17.7406005859375
2023-02-13,USDZAR,17.921100616455078
2023-02-14,USDZAR,17.810400009155273
2023-02-15,USDZAR,17.86033058166504
2023-02-16,USDZAR,18.019739151000977
2023-02-17,USDZAR,18.122299194335938
2023-02-20,USDZAR,18.03849983215332
2023-02-21,USDZAR,18.050579071044922
2023-02-22,USDZAR,18.240299224853516
2023-02-23,USDZAR,18.204700469970703
2023-02-24,USDZAR,18.202299118041992
2023-02-27,USDZAR,18.387500762939453
2023-02-28,USDZAR,18.380229949951172
2023-03-01,USDZAR,18.313499450683594
2023-03-02,USDZAR,18.096500396728516
2023-03-03,USDZAR,18.166400909423828
2023-03-06,USDZAR,18.11750030517578
2023-03-07,USDZAR,18.17020034790039
2023-03-08,USDZAR,18.3882999420166
2023-03-09,USDZAR,18.52199935913086
2023-03-10,USDZAR,18.560800552368164
2023-03-13,USDZAR,18.197200775146484
2023-03-14,USDZAR,18.183900833129883
2023-03-15,USDZAR,18.10569953918457
2023-03-16,USDZAR,18.36479949951172
2023-03-17,USDZAR,18.338499069213867
2023-03-20,USDZAR,18.467100143432617
2023-03-21,USDZAR,18.496339797973633
2023-03-22,USDZAR,18.512569427490234
2023-03-23,USDZAR,18.211200714111328
2023-03-24,USDZAR,18.066150665283203
2023-03-27,USDZAR,18.146900177001953
2023-03-28,USDZAR,18.28619956970215
2023-03-29,USDZAR,18.14349937438965
2023-03-30,USDZAR,18.08591079711914
2023-03-31,USDZAR,17.739900588989258
2023-04-03,USDZAR,17.806249618530273
2023-04-04,USDZAR,17.795799255371094
2023-04-05,USDZAR,17.88385009765625
2023-04-06,USDZAR,18.06290054321289
2023-04-07,USDZAR,18.08230972290039
2023-04-10,USDZAR,18.19420051574707
2023-04-11,USDZAR,18.482900619506836
2023-04-12,USDZAR,18.33625030517578
2023-04-13,USDZAR,18.424089431762695
2023-04-14,USDZAR,18.034799575805664
2023-04-17,USDZAR,18.095500946044922
2023-04-18,USDZAR,18.291400909423828
2023-04-19,USDZAR,18.15850067138672
2023-04-20,USDZAR,18.166200637817383
2023-04-21,USDZAR,17.889400482177734
2023-04-24,USDZAR,18.07710075378418
2023-04-25,USDZAR,18.13960075378418
2023-04-26,USDZAR,18.317459106445312
2023-04-27,USDZAR,18.354839324951172
2023-04-28,USDZAR,18.268850326538086
2023-05-01,USDZAR,18.281400680541992
2023-05-02,USDZAR,18.355600357055664
2023-05-03,USDZAR,18.46319007873535
2023-05-04,USDZAR,18.272279739379883
2023-05-05,USDZAR,18.280799865722656
2023-05-08,USDZAR,18.385950088500977
2023-05-09,USDZAR,18.28285026550293
2023-05-10,USDZAR,18.596149444580078
2023-05-11,USDZAR,18.848400115966797
2023-05-12,USDZAR,19.170499801635742
2023-05-15,USDZAR,19.155799865722656
2023-05-16,USDZAR,18.99690055847168
2023-05-17,USDZAR,19.04960060119629
2023-05-18,USDZAR,19.233299255371094
2023-05-19,USDZAR,19.303850173950195
2023-05-22,USDZAR,19.41200065612793
2023-05-23,USDZAR,19.24850082397461
2023-05-24,USDZAR,19.166799545288086
2023-05-25,USDZAR,19.227100372314453
2023-05-26,USDZAR,19.774499893188477
2023-05-29,USDZAR,19.64480972290039
2023-05-30,USDZAR,19.629989624023438
2023-05-31,USDZAR,19.652910232543945
2023-06-01,USDZAR,19.694950103759766
2023-06-02,USDZAR,19.61090087890625
2023-06-05,USDZAR,19.516000747680664
2023-06-06,USDZAR,19.241199493408203
2023-06-07,USDZAR,19.168800354003906
2023-06-08,USDZAR,19.06744956970215
2023-06-09,USDZAR,18.8221492767334
2023-06-12,USDZAR,18.68185043334961
2023-06-13,USDZAR,18.54598045349121
2023-06-14,USDZAR,18.600200653076172
2023-06-15,USDZAR,18.300600051879883
2023-06-16,USDZAR,18.194049835205078
2023-06-19,USDZAR,18.199600219726562
2023-06-20,USDZAR,18.147829055786133
2023-06-21,USDZAR,18.368900299072266
2023-06-22,USDZAR,18.287870407104492
2023-06-23,USDZAR,18.4950008392334
2023-06-26,USDZAR,18.73200035095215
2023-06-27,USDZAR,18.645700454711914
2023-06-28,USDZAR,18.50830078125
2023-06-29,USDZAR,18.62380027770996
2023-06-30,USDZAR,18.749500274658203
2023-07-03,USDZAR,18.8262996673584
2023-07-04,USDZAR,18.736299514770508
2023-07-05,USDZAR,18.63129997253418
2023-07-06,USDZAR,18.758499145507812
2023-07-07,USDZAR,19.08489990234375
2023-07-10,USDZAR,18.80699920654297
2023-07-11,USDZAR,18.769899368286133
2023-07-12,USDZAR,18.448200225830078
2023-07-13,USDZAR,18.122699737548828
2023-07-14,USDZAR,17.91230010986328
2023-07-17,USDZAR,18.078899383544922
2023-07-18,USDZAR,18.020200729370117
2023-07-19,USDZAR,17.864500045776367
2023-07-20,USDZAR,17.833669662475586
2023-07-21,USDZAR,17.909910202026367
2023-07-24,USDZAR,17.940099716186523
2023-07-25,USDZAR,17.725130081176758
2023-07-26,USDZAR,17.52050018310547
2023-07-27,USDZAR,17.61009979248047
2023-07-28,USDZAR,17.78904914855957
2023-07-31,USDZAR,17.597999572753906
2023-08-01,USDZAR,17.855199813842773
2023-08-02,USDZAR,18.240190505981445
2023-08-03,USDZAR,18.442699432373047
2023-08-04,USDZAR,18.638999938964844
2023-08-07,USDZAR,18.438800811767578
2023-08-08,USDZAR,18.696800231933594
2023-08-09,USDZAR,18.907499313354492
2023-08-10,USDZAR,18.951419830322266
2023-08-11,USDZAR,18.819900512695312
2023-08-14,USDZAR,18.923200607299805
2023-08-15,USDZAR,19.064899444580078
2023-08-16,USDZAR,19.137699127197266
2023-08-17,USDZAR,19.174489974975586
2023-08-18,USDZAR,19.05139923095703
2023-08-21,USDZAR,18.967199325561523
2023-08-22,USDZAR,18.940000534057617
2023-08-23,USDZAR,18.76995086669922
2023-08-24,USDZAR,18.454099655151367
2023-08-25,USDZAR,18.790630340576172
2023-08-28,USDZAR,18.61829948425293
2023-08-29,USDZAR,18.55430030822754
2023-08-30,USDZAR,18.448299407958984
2023-08-31,USDZAR,18.693910598754883
2023-09-01,USDZAR,18.831050872802734
2023-09-04,USDZAR,18.79694938659668
2023-09-05,USDZAR,19.098100662231445
2023-09-06,USDZAR,19.117799758911133
2023-09-07,USDZAR,19.202199935913086
2023-09-08,USDZAR,19.130800247192383
2023-09-11,USDZAR,19.064199447631836
2023-09-12,USDZAR,18.84149932861328
2023-09-13,USDZAR,18.92310905456543
2023-09-14,USDZAR,18.80760955810547
2023-09-15,USDZAR,19.02672004699707
2023-09-18,USDZAR,18.976980209350586
2023-09-19,USDZAR,19.005699157714844
2023-09-20,USDZAR,18.905000686645508
2023-09-21,USDZAR,18.850400924682617
2023-09-22,USDZAR,18.95039939880371
2023-09-25,USDZAR,18.740999221801758
2023-09-26,USDZAR,18.766300201416016
2023-09-27,USDZAR,19.061100006103516
2023-09-28,USDZAR,19.198400497436523
2023-09-29,USDZAR,18.97266960144043
2023-10-02,USDZAR,18.879199981689453
2023-10-03,USDZAR,19.211999893188477
2023-10-04,USDZAR,19.298099517822266
2023-10-05,USDZAR,19.319599151611328
2023-10-06,USDZAR,19.507299423217773
2023-10-09,USDZAR,19.356670379638672
2023-10-10,USDZAR,19.138900756835938
2023-10-11,USDZAR,19.00029945373535
2023-10-12,USDZAR,18.809789657592773
2023-10-13,USDZAR,19.011600494384766
2023-10-16,USDZAR,18.971750259399414
2023-10-17,USDZAR,18.77475929260254
2023-10-18,USDZAR,18.793899536132812
2023-10-19,USDZAR,18.971750259399414
2023-10-20,USDZAR,19.00149917602539
2023-10-23,USDZAR,18.970500946044922
2023-10-24,USDZAR,18.951120376586914
2023-10-25,USDZAR,19.009899139404297
2023-10-26,USDZAR,19.12700080871582
2023-10-27,USDZAR,18.93269920349121
2023-10-30,USDZAR,18.76535987854004
2023-10-31,USDZAR,18.834699630737305
2023-11-01,USDZAR,18.617799758911133
2023-11-02,USDZAR,18.44729995727539
2023-11-03,USDZAR,18.402099609375
2023-11-06,USDZAR,18.26289939880371
2023-11-07,USDZAR,18.29010009765625
2023-11-08,USDZAR,18.333499908447266
2023-11-09,USDZAR,18.48189926147461
2023-11-10,USDZAR,18.65369987487793
2023-11-13,USDZAR,18.726430892944336
2023-11-14,USDZAR,18.674400329589844
2023-11-15,USDZAR,18.22150993347168
2023-11-16,USDZAR,18.179100036621094
2023-11-17,USDZAR,18.36479949951172
2023-11-20,USDZAR,18.333599090576172
2023-11-21,USDZAR,18.323789596557617
2023-11-22,USDZAR,18.60733985900879
2023-11-23,USDZAR,18.870590209960938
2023-11-24,USDZAR,18.80643081665039
2023-11-27,USDZAR,18.78289031982422
2023-11-28,USDZAR,18.642900466918945
2023-11-29,USDZAR,18.572799682617188
2023-11-30,USDZAR,18.729299545288086
2023-12-01,USDZAR,18.83856964111328
2023-12-04,USDZAR,18.58839988708496
2023-12-05,USDZAR,18.797170639038086
2023-12-06,USDZAR,18.948999404907227
2023-12-07,USDZAR,18.960559844970703
2023-12-08,USDZAR,18.80590057373047
2023-12-11,USDZAR,18.903989791870117
2023-12-12,USDZAR,19.072500228881836
2023-12-13,USDZAR,18.924299240112305
2023-12-14,USDZAR,18.652429580688477
2023-12-15,USDZAR,18.31279945373535
2023-12-18,USDZAR,18.28679084777832
2023-12-19,USDZAR,18.57699966430664
2023-12-20,USDZAR,18.32509994506836
2023-12-21,USDZAR,18.252349853515625
2023-12-22,USDZAR,18.16320037841797
2023-12-25,USDZAR,18.46660041809082
2023-12-26,USDZAR,18.446199417114258
2023-12-27,USDZAR,18.64900016784668
2023-12-28,USDZAR,18.348079681396484
2023-12-29,USDZAR,18.56730079650879
2024-01-01,USDZAR,18.26959991455078
2024-01-02,USDZAR,18.300399780273438
2024-01-03,USDZAR,18.55558967590332
2024-01-04,USDZAR,18.674299240112305
2024-01-05,USDZAR,18.686899185180664
2024-01-08,USDZAR,18.670289993286133
2024-01-09,USDZAR,18.564199447631836
2024-01-10,USDZAR,18.63878059387207
2024-01-11,USDZAR,18.631759643554688
2024-01-12,USDZAR,18.645099639892578
2024-01-15,USDZAR,18.60658073425293
2024-01-16,USDZAR,18.649099349975586
2024-01-17,USDZAR,18.959089279174805
2024-01-18,USDZAR,19.079200744628906
2024-01-19,USDZAR,18.921100616455078
2024-01-22,USDZAR,19.008899688720703
2024-01-23,USDZAR,19.193300247192383
2024-01-24,USDZAR,18.91320037841797
2024-01-25,USDZAR,18.877979278564453
2024-01-26,USDZAR,18.880399703979492
2024-01-29,USDZAR,18.757030487060547
2024-01-30,USDZAR,18.778499603271484
2024-01-31,USDZAR,18.779300689697266
2024-02-01,USDZAR,18.6135196685791
2024-02-02,USDZAR,18.56529998779297
2024-02-05,USDZAR,18.882320404052734
2024-02-06,USDZAR,19.048900604248047
2024-02-07,USDZAR,18.81760025024414
2024-02-08,USDZAR,18.898700714111328
2024-02-09,USDZAR,18.966400146484375
2024-02-12,USDZAR,18.976049423217773
2024-02-13,USDZAR,18.89859962463379
2024-02-14,USDZAR,19.07659912109375
2024-02-15,USDZAR,19.028560638427734
2024-02-16,USDZAR,18.939529418945312
2024-02-19,USDZAR,18.825109481811523
2024-02-20,USDZAR,18.93931007385254
2024-02-21,USDZAR,18.9064998626709
2024-02-22,USDZAR,18.896129608154297
2024-02-23,USDZAR,19.14780044555664
2024-02-26,USDZAR,19.30579948425293
2024-02-27,USDZAR,19.212600708007812
2024-02-28,USDZAR,19.069400787353516
2024-02-29,USDZAR,19.25309944152832
2024-03-01,USDZAR,19.180419921875
2024-03-04,USDZAR,19.07699966430664
2024-03-05,USDZAR,19.03030014038086
2024-03-06,USDZAR,18.94070053100586
2024-03-07,USDZAR,18.775400161743164
2024-03-08,USDZAR,18.66390037536621
2024-03-11,USDZAR,18.79785919189453
2024-03-12,USDZAR,18.652700424194336
2024-03-13,USDZAR,18.65049934387207
2024-03-14,USDZAR,18.553699493408203
2024-03-15,USDZAR,18.730600357055664
2024-03-18,USDZAR,18.749780654907227
2024-03-19,USDZAR,18.943300247192383
2024-03-20,USDZAR,18.908790588378906
2024-03-21,USDZAR,18.672300338745117
2024-03-22,USDZAR,18.81909942626953
2024-03-25,USDZAR,18.985200881958008
2024-03-26,USDZAR,18.885700225830078
2024-03-27,USDZAR,18.960399627685547
2024-03-28,USDZAR,18.924489974975586
2024-03-29,USDZAR,18.896699905395508
2024-04-01,USDZAR,18.84830093383789
2024-04-02,USDZAR,18.944650650024414
2024-04-03,USDZAR,18.75790023803711
2024-04-04,USDZAR,18.65250015258789
2024-04-05,USDZAR,18.676809310913086
2024-04-08,USDZAR,18.712160110473633
2024-04-09,USDZAR,18.63089942932129
2024-04-10,USDZAR,18.42840003967285
2024-04-11,USDZAR,18.77739906311035
2024-04-12,USDZAR,18.709800720214844
2024-04-15,USDZAR,18.857799530029297
2024-04-16,USDZAR,18.97052001953125
2024-04-17,USDZAR,19.005800247192383
2024-04-18,USDZAR,18.980899810791016
2024-04-19,USDZAR,19.137449264526367
2024-04-22,USDZAR,19.121599197387695
2024-04-23,USDZAR,19.18004035949707
2024-04-24,USDZAR,19.093299865722656
2024-04-25,USDZAR,19.21780014038086
2024-04-26,USDZAR,19.01930046081543
2024-04-29,USDZAR,18.797500610351562
2024-04-30,USDZAR,18.63031005859375
2024-05-01,USDZAR,18.778099060058594
2024-05-02,USDZAR,18.543699264526367
2024-05-03,USDZAR,18.54047966003418
2024-05-06,USDZAR,18.533300399780273
2024-05-07,USDZAR,18.472700119018555
2024-05-08,USDZAR,18.49570083618164
2024-05-09,USDZAR,18.56555938720703
2024-05-10,USDZAR,18.451549530029297
2024-05-13,USDZAR,18.41230010986328
2024-05-14,USDZAR,18.341760635375977
2024-05-15,USDZAR,18.379100799560547
2024-05-16,USDZAR,18.249399185180664
2024-05-17,USDZAR,18.16309928894043
2024-05-20,USDZAR,18.152099609375
2024-05-21,USDZAR,18.150100708007812
2024-05-22,USDZAR,18.050399780273438
2024-05-23,USDZAR,18.276899337768555
2024-05-24,USDZAR,18.46339988708496
2024-05-27,USDZAR,18.414939880371094
2024-05-28,USDZAR,18.301300048828125
2024-05-29,USDZAR,18.271739959716797
2024-05-30,USDZAR,18.421499252319336
2024-05-31,USDZAR,18.706300735473633
2024-06-03,USDZAR,18.76715087890625
2024-06-04,USDZAR,18.51609992980957
2024-06-05,USDZAR,18.711809158325195
2024-06-06,USDZAR,18.934490203857422
2024-06-07,USDZAR,18.95404052734375
2024-06-10,USDZAR,18.886199951171875
2024-06-11,USDZAR,18.721900939941406
2024-06-12,USDZAR,18.541900634765625
2024-06-13,USDZAR,18.361360549926758
2024-06-14,USDZAR,18.415130615234375
2024-06-17,USDZAR,18.338899612426758
2024-06-18,USDZAR,18.229450225830078
2024-06-19,USDZAR,18.022899627685547
2024-06-20,USDZAR,17.918500900268555
2024-06-21,USDZAR,17.970890045166016
2024-06-24,USDZAR,17.99489974975586
2024-06-25,USDZAR,18.093839645385742
2024-06-26,USDZAR,18.23785972595215
2024-06-27,USDZAR,18.147300720214844
2024-06-28,USDZAR,18.433900833129883
2024-07-01,USDZAR,18.041200637817383
2024-07-02,USDZAR,18.352500915527344
2024-07-03,USDZAR,18.589599609375
2024-07-04,USDZAR,18.405500411987305
2024-07-05,USDZAR,18.256620407104492
2024-07-08,USDZAR,18.226900100708008
2024-07-09,USDZAR,18.088199615478516
2024-07-10,USDZAR,18.13990020751953
2024-07-11,USDZAR,18.097759246826172
2024-07-12,USDZAR,17.976499557495117
2024-07-15,USDZAR,17.985000610351562
2024-07-16,USDZAR,18.198299407958984
2024-07-17,USDZAR,18.02429962158203
2024-07-18,USDZAR,18.117799758911133
2024-07-19,USDZAR,18.2362003326416
2024-07-22,USDZAR,18.189899444580078
2024-07-23,USDZAR,18.234699249267578
2024-07-24,USDZAR,18.38949966430664
2024-07-25,USDZAR,18.34830093383789
2024-07-26,USDZAR,18.343719482421875
2024-07-29,USDZAR,18.270599365234375
2024-07-30,USDZAR,18.3302001953125
2024-07-31,USDZAR,18.304779052734375
2024-08-01,USDZAR,18.195999145507812
2024-08-02,USDZAR,18.28219985961914
2024-08-05,USDZAR,18.34259033203125
2024-08-06,USDZAR,18.464399337768555
2024-08-07,USDZAR,18.487770080566406
2024-08-08,USDZAR,18.391340255737305
2024-08-09,USDZAR,18.341690063476562
2024-08-12,USDZAR,18.29450035095215
2024-08-13,USDZAR,18.242300033569336
2024-08-14,USDZAR,18.06909942626953
2024-08-15,USDZAR,18.04829978942871
2024-08-16,USDZAR,17.97170066833496
2024-08-19,USDZAR,17.84984016418457
2024-08-20,USDZAR,17.706899642944336
2024-08-21,USDZAR,17.79400062561035
2024-08-22,USDZAR,17.819700241088867
2024-08-23,USDZAR,18.003509521484375
2024-08-26,USDZAR,17.740299224853516
2024-08-27,USDZAR,17.696699142456055
2024-08-28,USDZAR,17.711790084838867
2024-08-29,USDZAR,17.82617950439453
2024-08-30,USDZAR,17.7273006439209
2024-09-02,USDZAR,17.821699142456055
2024-09-03,USDZAR,17.79490089416504
2024-09-04,USDZAR,17.938899993896484
2024-09-05,USDZAR,17.86823081970215
2024-09-06,USDZAR,17.692630767822266
2024-09-09,USDZAR,17.819599151611328
2024-09-10,USDZAR,17.863000869750977
2024-09-11,USDZAR,17.93720054626465
2024-09-12,USDZAR,17.89419937133789
2024-09-13,USDZAR,17.738800048828125
2024-09-16,USDZAR,17.72566032409668
2024-09-17,USDZAR,17.607999801635742
2024-09-18,USDZAR,17.57859992980957
2024-09-19,USDZAR,17.52829933166504
2024-09-20,USDZAR,17.500499725341797
2024-09-23,USDZAR,17.390649795532227
2024-09-24,USDZAR,17.324800491333008
2024-09-25,USDZAR,17.22949981689453
2024-09-26,USDZAR,17.264400482177734
2024-09-27,USDZAR,17.175500869750977
2024-09-30,USDZAR,17.087600708007812
2024-10-01,USDZAR,17.280550003051758
2024-10-02,USDZAR,17.403600692749023
2024-10-03,USDZAR,17.34280014038086
2024-10-04,USDZAR,17.48390007019043
2024-10-07,USDZAR,17.47330093383789
2024-10-08,USDZAR,17.37310028076172
2024-10-09,USDZAR,17.579059600830078
2024-10-10,USDZAR,17.639999389648438
2024-10-11,USDZAR,17.516359329223633
2024-10-14,USDZAR,17.458560943603516
2024-10-15,USDZAR,17.542600631713867
2024-10-16,USDZAR,17.642200469970703
2024-10-17,USDZAR,17.633399963378906
2024-10-18,USDZAR,17.64590072631836
2024-10-21,USDZAR,17.579200744628906
2024-10-22,USDZAR,17.599700927734375
2024-10-23,USDZAR,17.523799896240234
2024-10-24,USDZAR,17.776199340820312
2024-10-25,USDZAR,17.654399871826172
2024-10-28,USDZAR,17.65553092956543
2024-10-29,USDZAR,17.69202995300293
2024-10-30,USDZAR,17.648000717163086
2024-10-31,USDZAR,17.64529037475586
2024-11-01,USDZAR,17.595699310302734
2024-11-04,USDZAR,17.56399917602539
2024-11-05,USDZAR,17.502399444580078
2024-11-06,USDZAR,17.369699478149414
2024-11-07,USDZAR,17.665700912475586
2024-11-08,USDZAR,17.282550811767578
2024-11-11,USDZAR,17.613649368286133
2024-11-12,USDZAR,17.90839958190918
2024-11-13,USDZAR,18.10110092163086
2024-11-14,USDZAR,18.225299835205078
2024-11-15,USDZAR,14.860369682312012
2024-11-18,USDZAR,18.166549682617188
2024-11-19,USDZAR,17.938100814819336
2024-11-20,USDZAR,18.026399612426758
2024-11-21,USDZAR,18.10890007019043
2024-11-22,USDZAR,18.097299575805664
2024-11-25,USDZAR,17.997129440307617
2024-11-26,USDZAR,17.984699249267578
2024-11-27,USDZAR,18.179899215698242
2024-11-28,USDZAR,18.171199798583984
2024-11-29,USDZAR,18.080699920654297
2024-12-02,USDZAR,18.091520309448242
2024-12-03,USDZAR,18.128400802612305
2024-12-04,USDZAR,18.09830093383789
2024-12-05,USDZAR,18.15488052368164
2024-12-06,USDZAR,18.008699417114258
2024-12-09,USDZAR,18.002099990844727
2024-12-10,USDZAR,17.774030685424805
2024-12-11,USDZAR,17.801300048828125
2024-12-12,USDZAR,17.686100006103516
2024-12-13,USDZAR,17.77440071105957
2024-12-16,USDZAR,17.822280883789062
2024-12-17,USDZAR,17.837099075317383
2024-12-18,USDZAR,18.079700469970703
2024-12-19,USDZAR,18.32200050354004
2024-12-20,USDZAR,18.391599655151367
2024-12-23,USDZAR,18.271150588989258
2024-12-24,USDZAR,18.535310745239258
2024-12-25,USDZAR,18.678489685058594
2024-12-26,USDZAR,18.688199996948242
2024-12-27,USDZAR,18.835800170898438
2024-12-30,USDZAR,18.654499053955078
2024-12-31,USDZAR,18.76490020751953
2025-01-02,USDZAR,18.82015037536621
2025-01-03,USDZAR,18.739599227905273
2025-01-06,USDZAR,18.75200080871582
2025-01-07,USDZAR,18.54509925842285
2025-01-08,USDZAR,18.683300018310547
2025-01-09,USDZAR,18.90591049194336
2025-01-10,USDZAR,18.935609817504883
2025-01-13,USDZAR,19.090150833129883
2025-01-14,USDZAR,18.98550033569336
2025-01-15,USDZAR,16.498899459838867
2025-01-16,USDZAR,18.756999969482422
2025-01-17,USDZAR,15.43019962310791
2025-01-20,USDZAR,18.731700897216797
2025-01-21,USDZAR,18.495670318603516
2025-01-22,USDZAR,18.47960090637207
2025-01-23,USDZAR,18.493900299072266
2025-01-24,USDZAR,18.504539489746094
2025-01-27,USDZAR,18.479080200195312
2025-01-28,USDZAR,18.741500854492188
2025-01-29,USDZAR,18.65959930419922
2025-01-30,USDZAR,18.518299102783203
2025-01-31,USDZAR,18.56730079650879
2025-02-03,USDZAR,18.99449920654297
2025-02-04,USDZAR,18.733409881591797
2025-02-05,USDZAR,18.65938949584961
2025-02-06,USDZAR,18.532800674438477
2025-02-07,USDZAR,18.43779945373535
2025-02-10,USDZAR,18.525070190429688
2025-02-11,USDZAR,18.419830322265625
2025-02-12,USDZAR,18.497589111328125
2025-02-13,USDZAR,18.511869430541992
2025-02-14,USDZAR,18.481199264526367
2025-02-17,USDZAR,18.34600067138672
2025-02-18,USDZAR,18.406410217285156
2025-02-19,USDZAR,18.395200729370117
2025-02-20,USDZAR,18.510400772094727
2025-02-21,USDZAR,18.319000244140625
2025-02-24,USDZAR,18.36716079711914
2025-02-25,USDZAR,18.361499786376953
2025-02-26,USDZAR,18.410999298095703
2025-02-27,USDZAR,18.366249084472656
2025-02-28,USDZAR,18.42913055419922
2025-03-03,USDZAR,18.638320922851562
2025-03-04,USDZAR,18.603500366210938
2025-03-05,USDZAR,18.470399856567383
2025-03-06,USDZAR,18.295799255371094
2025-03-07,USDZAR,18.12347984313965
2025-03-10,USDZAR,18.258329391479492
2025-03-11,USDZAR,18.32900047302246
2025-03-12,USDZAR,18.194690704345703
2025-03-13,USDZAR,18.334199905395508
2025-03-14,USDZAR,18.27400016784668
2025-03-17,USDZAR,18.19611930847168
2025-03-18,USDZAR,18.075090408325195
2025-03-19,USDZAR,18.105690002441406
2025-03-20,USDZAR,18.09950065612793
2025-03-21,USDZAR,18.15290069580078
2025-03-24,USDZAR,18.20587921142578
2025-03-25,USDZAR,18.243070602416992
2025-03-26,USDZAR,18.270610809326172
2025-03-27,USDZAR,18.26959991455078
2025-03-28,USDZAR,18.205350875854492
2025-03-31,USDZAR,18.41119956970215
2025-04-01,USDZAR,18.30838966369629
2025-04-02,USDZAR,18.477970123291016
2025-04-03,USDZAR,18.94409942626953
2025-04-04,USDZAR,18.739099502563477
2025-04-07,USDZAR,19.27482032775879
2025-04-08,USDZAR,19.55769920349121
2025-04-09,USDZAR,19.75782012939453
2025-04-10,USDZAR,19.412220001220703
2025-04-11,USDZAR,19.48649024963379
2025-04-14,USDZAR,19.118560791015625
2025-04-15,USDZAR,18.871400833129883
2025-04-16,USDZAR,19.026330947875977
2025-04-17,USDZAR,18.780250549316406
2025-04-22,USDZAR,18.697460174560547
2025-04-23,USDZAR,18.607519149780273
2025-04-24,USDZAR,18.659400939941406
2025-04-25,USDZAR,18.749309539794922
2025-04-28,USDZAR,18.6824893951416
2025-04-29,USDZAR,18.49449920654297
2025-04-30,USDZAR,18.513200759887695
2025-05-01,USDZAR,18.53898048400879
2025-05-02,USDZAR,18.540700912475586
2025-05-05,USDZAR,18.40369987487793
2025-05-06,USDZAR,18.259660720825195
2025-05-07,USDZAR,18.19230079650879
2025-05-08,USDZAR,18.25079917907715
2025-05-09,USDZAR,18.2106990814209
2025-05-12,USDZAR,18.201749801635742
2025-05-13,USDZAR,18.24401092529297
2025-05-14,USDZAR,18.297489166259766
2025-05-15,USDZAR,18.215930938720703
2025-05-16,USDZAR,17.99720001220703
2025-05-19,USDZAR,18.04216957092285
2025-05-20,USDZAR,18.0698299407959
2025-05-21,USDZAR,17.92137908935547
2025-05-22,USDZAR,17.97150993347168
2025-05-23,USDZAR,18.005889892578125
2025-05-26,USDZAR,17.811899185180664
2025-05-27,USDZAR,17.830799102783203
2025-05-28,USDZAR,17.946870803833008
2025-05-29,USDZAR,17.964099884033203
2025-05-30,USDZAR,17.782249450683594
2025-06-02,USDZAR,17.967790603637695
2025-06-03,USDZAR,17.830699920654297
2025-06-04,USDZAR,17.84756088256836
2025-06-05,USDZAR,17.808429718017578
2025-06-06,USDZAR,17.704139709472656
2025-06-09,USDZAR,17.766019821166992
2025-06-10,USDZAR,17.70840072631836
2025-06-11,USDZAR,17.68400001525879
2025-06-12,USDZAR,17.68670082092285
2025-06-13,USDZAR,17.7549991607666
2025-06-16,USDZAR,17.931970596313477
2025-06-17,USDZAR,17.815589904785156
2025-06-18,USDZAR,17.983699798583984
2025-06-19,USDZAR,18.018999099731445
2025-06-20,USDZAR,17.99456024169922
2025-06-23,USDZAR,18.061199188232422
2025-06-24,USDZAR,17.814800262451172
2025-06-25,USDZAR,17.721599578857422
2025-06-26,USDZAR,17.7007999420166
2025-06-27,USDZAR,17.860599517822266
2025-06-30,USDZAR,17.77079963684082
2025-07-01,USDZAR,17.705299377441406
2025-07-02,USDZAR,17.592470169067383
2025-07-03,USDZAR,17.559099197387695
2025-07-04,USDZAR,17.503400802612305
2025-07-07,USDZAR,17.58970069885254
2025-07-08,USDZAR,17.85569953918457
2025-07-09,USDZAR,17.77581024169922
2025-07-10,USDZAR,17.80755043029785
2025-07-11,USDZAR,17.721099853515625
2025-07-14,USDZAR,17.927900314331055
2025-07-15,USDZAR,17.903799057006836
2025-07-16,USDZAR,17.894420623779297
2025-07-17,USDZAR,17.822900772094727
2025-07-18,USDZAR,17.801700592041016
2025-07-21,USDZAR,17.7007999420166
2025-07-22,USDZAR,17.597200393676758
2025-07-23,USDZAR,17.550899505615234
2025-07-24,USDZAR,17.511699676513672
2025-07-25,USDZAR,17.613100051879883
2025-07-28,USDZAR,17.738100051879883
2025-07-29,USDZAR,17.88990020751953
2025-07-30,USDZAR,17.867700576782227
2025-07-31,USDZAR,17.981779098510742
2025-08-01,USDZAR,18.210580825805664
2025-08-04,USDZAR,18.012100219726562
2025-08-05,USDZAR,17.919700622558594
2025-08-06,USDZAR,17.891599655151367
2025-08-07,USDZAR,17.77482032775879
2025-08-08,USDZAR,17.6931095123291
2025-08-11,USDZAR,17.732099533081055
2025-08-12,USDZAR,17.752099990844727
2025-08-13,USDZAR,17.566699981689453
2025-08-14,USDZAR,17.496379852294922
2025-08-15,USDZAR,17.58032989501953
2025-08-18,USDZAR,17.575899124145508
2025-08-19,USDZAR,17.624540328979492
2025-08-20,USDZAR,17.69993019104004
2025-08-21,USDZAR,17.66860008239746
2025-08-22,USDZAR,17.703519821166992
2025-08-25,USDZAR,17.429529190063477
2025-08-26,USDZAR,17.612899780273438
2025-08-27,USDZAR,17.62042999267578
2025-08-28,USDZAR,17.68090057373047
2025-08-29,USDZAR,17.68086051940918
2025-09-01,USDZAR,17.638599395751953
2025-09-02,USDZAR,17.616239547729492
2025-09-03,USDZAR,17.696399688720703
2025-09-04,USDZAR,17.653799057006836
2025-09-05,USDZAR,17.743900299072266
2025-09-08,USDZAR,17.60070037841797
2025-09-09,USDZAR,17.46240997314453
2025-09-10,USDZAR,17.53380012512207
2025-09-11,USDZAR,17.47480010986328
2025-09-12,USDZAR,17.346599578857422
2025-09-15,USDZAR,17.348560333251953
2025-09-16,USDZAR,17.3605899810791
2025-09-17,USDZAR,17.337570190429688
2025-09-18,USDZAR,17.375499725341797
2025-09-19,USDZAR,17.340330123901367
2025-09-22,USDZAR,17.319110870361328
2025-09-23,USDZAR,17.330900192260742
2025-09-24,USDZAR,17.228099822998047
2025-09-25,USDZAR,17.327280044555664
2025-09-26,USDZAR,17.422000885009766
2025-09-29,USDZAR,17.34040069580078
2025-09-30,USDZAR,17.250200271606445
2025-10-01,USDZAR,17.27267074584961
2025-10-02,USDZAR,17.206579208374023
2025-10-03,USDZAR,17.270299911499023
2025-10-06,USDZAR,17.257659912109375
2025-10-07,USDZAR,17.151199340820312
2025-10-08,USDZAR,17.209299087524414
2025-10-09,USDZAR,17.152050018310547
2025-10-10,USDZAR,17.19162940979004
2025-10-13,USDZAR,17.41132926940918
2025-10-14,USDZAR,17.32033920288086
2025-10-15,USDZAR,17.385459899902344
2025-10-16,USDZAR,17.34510040283203
2025-10-17,USDZAR,17.335460662841797
2025-10-20,USDZAR,17.3656005859375
2025-10-21,USDZAR,17.217859268188477
2025-10-22,USDZAR,17.38779067993164
2025-10-23,USDZAR,17.415790557861328
2025-10-24,USDZAR,17.32200050354004
2025-10-27,USDZAR,17.199499130249023
2025-10-28,USDZAR,17.21092987060547
2025-10-29,USDZAR,17.14674949645996
2025-10-30,USDZAR,17.162700653076172
2025-10-31,USDZAR,17.275890350341797
2025-11-03,USDZAR,17.28927993774414
2025-11-04,USDZAR,17.29412078857422
2025-11-05,USDZAR,17.491039276123047
2025-11-06,USDZAR,17.399799346923828
2025-11-07,USDZAR,17.353029251098633
2025-11-10,USDZAR,17.30554962158203
2025-11-11,USDZAR,17.145610809326172
2025-11-12,USDZAR,17.15203094482422
2025-11-13,USDZAR,17.087230682373047
2025-11-14,USDZAR,17.038570404052734
2025-11-17,USDZAR,17.08218002319336
2025-11-18,USDZAR,17.171049118041992
2025-11-19,USDZAR,17.166799545288086
2025-11-20,USDZAR,17.178800582885742
2025-11-21,USDZAR,17.212350845336914
2025-11-24,USDZAR,17.36482048034668
2025-11-25,USDZAR,17.291170120239258
2025-11-26,USDZAR,17.20210075378418
2025-11-27,USDZAR,17.131099700927734
2025-11-28,USDZAR,17.140869140625
2025-12-01,USDZAR,17.109420776367188
2025-12-02,USDZAR,17.0743408203125
2025-12-03,USDZAR,17.09333038330078
2025-12-04,USDZAR,17.032760620117188
2025-12-05,USDZAR,16.98200035095215
2025-12-08,USDZAR,16.93058967590332
2025-12-09,USDZAR,17.025800704956055
2025-12-10,USDZAR,17.02790069580078
2025-12-11,USDZAR,16.922800064086914
2025-12-12,USDZAR,16.851699829101562
2025-12-15,USDZAR,16.858869552612305
2025-12-16,USDZAR,16.782529830932617
2025-12-17,USDZAR,16.73332977294922
2025-12-18,USDZAR,16.766679763793945
2025-12-19,USDZAR,16.71702003479004
2025-12-22,USDZAR,16.74496078491211
2025-12-23,USDZAR,16.696500778198242
2025-12-24,USDZAR,16.668699264526367
2025-12-26,USDZAR,16.627199172973633
2025-12-29,USDZAR,16.65920066833496
2025-12-30,USDZAR,16.672700881958008
2025-12-31,USDZAR,16.58547019958496
2026-01-02,USDZAR,16.551599502563477
2026-01-05,USDZAR,16.49650001525879
2026-01-06,USDZAR,16.359729766845703
2026-01-07,USDZAR,16.35487937927246
2026-01-08,USDZAR,16.446640014648438
2026-01-09,USDZAR,16.512060165405273
2026-01-12,USDZAR,16.474519729614258
2026-01-13,USDZAR,16.37459945678711
2026-01-14,USDZAR,16.38578987121582
2026-01-15,USDZAR,16.38875961303711
2026-01-16,USDZAR,16.3302001953125
2026-01-19,USDZAR,16.408000946044922
2026-01-20,USDZAR,16.370819091796875
2026-01-21,USDZAR,16.41029930114746
2026-01-22,USDZAR,16.262710571289062
2026-01-23,USDZAR,16.12579917907715
2026-01-26,USDZAR,16.04631996154785
2026-01-27,USDZAR,16.014999389648438
2026-01-28,USDZAR,15.857760429382324
2026-01-29,USDZAR,15.710020065307617
2026-01-30,USDZAR,15.7183198928833
2026-02-02,USDZAR,16.137269973754883
2026-02-03,USDZAR,16.053630828857422
2026-02-04,USDZAR,15.931839942932129
2026-02-05,USDZAR,16.07012939453125
2026-02-06,USDZAR,16.241300582885742
2026-02-09,USDZAR,15.992159843444824
2026-02-10,USDZAR,15.894000053405762
2026-02-11,USDZAR,15.92609977722168
2026-02-12,USDZAR,15.869400024414062
2026-02-13,USDZAR,15.947830200195312
2026-02-16,USDZAR,15.928319931030273
2026-02-17,USDZAR,15.95740032196045
2026-02-18,USDZAR,16.025100708007812
2026-02-19,USDZAR,16.06279945373535
2026-02-20,USDZAR,16.13558006286621
2026-02-23,USDZAR,15.961400032043457
2026-02-24,USDZAR,15.999580383300781
2026-02-25,USDZAR,15.951399803161621
2026-02-26,USDZAR,15.843179702758789
2026-02-27,USDZAR,15.9173002243042
2026-03-02,USDZAR,16.059579849243164
2026-03-03,USDZAR,16.07469940185547
2026-03-04,USDZAR,16.481090545654297
2026-03-05,USDZAR,16.314889907836914
2026-03-06,USDZAR,16.622779846191406
2026-03-09,USDZAR,16.769359588623047
2026-03-10,USDZAR,16.32908058166504
2026-03-11,USDZAR,16.281810760498047
2026-03-12,USDZAR,16.57607078552246
2026-03-13,USDZAR,16.756179809570312
2026-03-16,USDZAR,16.8702392578125
2026-03-17,USDZAR,16.669099807739258
2026-03-18,USDZAR,16.67259979248047
2026-03-19,USDZAR,16.964399337768555
2026-03-20,USDZAR,16.722700119018555
2026-03-23,USDZAR,17.07794952392578
2026-03-24,USDZAR,16.833229064941406
2026-03-25,USDZAR,16.906160354614258
2026-03-26,USDZAR,16.977649688720703
2026-03-27,USDZAR,17.077749252319336
2026-03-30,USDZAR,17.157400131225586
2026-03-31,USDZAR,17.19087028503418
2026-04-01,USDZAR,16.865190505981445
2026-04-02,USDZAR,16.81753921508789
2026-04-03,USDZAR,16.93515968322754
2026-04-06,USDZAR,16.969289779663086
2026-04-07,USDZAR,16.86086082458496
2026-04-08,USDZAR,16.44658088684082
2026-04-09,USDZAR,16.41822052001953
2026-04-10,USDZAR,16.377939224243164
2026-04-13,USDZAR,16.547779083251953
2026-04-14,USDZAR,16.38050079345703
2026-04-15,USDZAR,16.319080352783203
2026-04-16,USDZAR,16.350000381469727
2026-04-17,USDZAR,16.39929962158203
2026-04-20,USDZAR,16.417299270629883
2026-04-21,USDZAR,16.354000091552734
2026-04-22,USDZAR,16.466339111328125
2026-04-23,USDZAR,16.462299346923828
2026-04-24,USDZAR,16.626039505004883
2026-04-27,USDZAR,16.586389541625977
2026-04-28,USDZAR,16.527799606323242
2026-04-29,USDZAR,16.528060913085938
2026-04-30,USDZAR,16.80573081970215
2026-05-01,USDZAR,16.66659927368164
2026-05-04,USDZAR,16.57720947265625
2026-05-05,USDZAR,16.788000106811523
2026-05-06,USDZAR,16.576229095458984
2026-05-07,USDZAR,16.399499893188477
2026-05-08,USDZAR,16.43829917907715
2026-05-11,USDZAR,16.42591094970703
2026-05-12,USDZAR,16.430599212646484
2026-05-13,USDZAR,16.511629104614258
2026-05-14,USDZAR,16.3870906829834
2026-05-15,USDZAR,16.484399795532227
2026-05-18,USDZAR,16.71363067626953
2026-05-19,USDZAR,16.572799682617188
2026-05-20,USDZAR,16.696609497070312
2026-05-21,USDZAR,16.457679748535156
2026-05-22,USDZAR,16.43720054626465
2026-05-25,USDZAR,16.34756088256836
2026-05-26,USDZAR,16.31053924560547
2026-05-27,USDZAR,16.361759185791016
2026-05-28,USDZAR,16.36949920654297
2026-05-29,USDZAR,16.21923065185547
2026-06-01,USDZAR,16.22995948791504
2026-06-02,USDZAR,16.292980194091797
2026-06-03,USDZAR,16.253400802612305
2026-06-04,USDZAR,16.339099884033203
2026-06-05,USDZAR,16.306900024414062
2026-06-08,USDZAR,16.5575008392334
2026-06-09,USDZAR,16.526100158691406
2026-06-10,USDZAR,16.448699951171875
2026-06-11,USDZAR,16.582679748535156
2026-06-12,USDZAR,16.280500411987305
2026-06-15,USDZAR,16.168399810791016
2026-06-16,USDZAR,16.184349060058594
2026-06-17,USDZAR,16.188600540161133
2026-06-18,USDZAR,16.363759994506836
2026-06-19,USDZAR,16.44029998779297
2026-06-22,USDZAR,16.45012092590332
2026-06-23,USDZAR,16.394500732421875
2026-06-24,USDZAR,16.536699295043945
2026-06-25,USDZAR,16.56439971923828
2026-06-26,USDZAR,16.501380920410156
2026-06-28,USDZAR,16.405799865722656
2026-06-29,USDZAR,16.474700927734375
2026-06-30,USDZAR,16.419330596923828
2026-07-01,USDZAR,16.407499313354492
